handle,produit,statut,type,familles du site,créateur,année,origine,variantes,photos,critique,élevé,moyen,faible,verdict,fiche Artek,fiche Mikado
artek-stool-60,Tabouret 60,ACTIVE,Tabouret,sieges,Alvar Aalto,—,Fabriqué en Finlande,17,22,0,1,6,5,"Fiche globalement juste (3 pieds sur toutes les photos, chaque finition a sa photo conforme) ; le principal défaut est l'ambiguïté des libellés « Laqué … » (assise seule ou tabouret entier) et une photo de galerie d'une assise rose non vendue.",https://www.artek.fi/en/products/stool-60,https://www.mikadodeco.be/products/artek-stool-60
artek-stool-e60,Tabouret E60,ACTIVE,Tabouret,sieges,Alvar Aalto,—,Fabriqué en Finlande,17,24,0,1,6,6,"Toutes les photos de variantes montrent bien 4 pieds et la bonne combinaison ; mêmes libellés « Laqué … » ambigus que le Tabouret 60, année 1934 absente et galerie encombrée d'ambiances où le E60 est secondaire.",https://www.artek.fi/en/products/stool-e60,https://www.mikadodeco.be/products/artek-stool-e60
artek-childrens-stool-ne60,Tabouret enfant NE60,ACTIVE,Tabouret,sieges,Alvar Aalto,—,Fabriqué en Finlande,3,3,0,1,5,4,"Photos correctes (4 pieds, proportions basses cohérentes : rapport H/L ≈ 1,1 contre 1,27 pour le E60) et finitions exactes ; problèmes : prix identiques au E60 adulte, aucune dimension ni poids.",https://www.artek.fi/en/products/childrens-stool-ne60,https://www.mikadodeco.be/products/artek-childrens-stool-ne60
artek-high-chair-k65,Chaise de bar K65,ACTIVE,Chaise de bar,sieges,Alvar Aalto,—,Fabriqué en Finlande,5,7,0,1,3,8,"Photos toutes conformes (dossier bas, repose-pieds, 5 finitions bien représentées) ; manquent l'année, la hauteur d'assise (≈ 60 cm, pas 65) et le classement site tombe en « objets ».",https://www.artek.fi/en/products/high-chair-k65,https://www.mikadodeco.be/products/artek-high-chair-k65
artek-rocket-bar-stool,Tabouret de bar Rocket,ACTIVE,Tabouret de bar,sieges,Eero Aarnio,—,Fabriqué en Lituanie,3,5,0,2,3,7,"Finitions, origine (Lituanie), créateur et hauteur 73 cm exacts ; photos conformes. Il manque l'année 1995 et le poids de la variante blanche est aberrant (3 g) ; la fiche tombe en « objets » sur le site.",https://www.artek.fi/en/products/rocket-bar-stool,https://www.mikadodeco.be/products/artek-rocket-bar-stool
artek-table-90d,Table basse 90D,ACTIVE,Table basse,tables,Alvar Aalto,—,Fabriqué en Finlande,3,3,0,2,5,5,"Fiche saine sur les photos et les variantes ; il manque surtout l'année, les dimensions et la matière dans les métachamps. L'origine est partiellement inexacte pour le plateau bouleau.",https://www.artek.fi/en/products/table-90d,https://www.mikadodeco.be/products/artek-table-90d
artek-tea-trolley-900,Table basse Tea Trolley 900,ACTIVE,Table basse,tables,Alvar Aalto,1937,Fabriqué en Finlande,2,6,0,0,3,6,"Variantes, photos de variantes et métachamps corrects ; le produit est vendu comme « Table basse » alors que c'est une desserte, et deux ambiances le montrent à peine.",https://www.artek.fi/en/products/tea-trolley-900,https://www.mikadodeco.be/products/artek-tea-trolley-900
artek-tea-trolley-901,Table basse Tea Trolley 901,ACTIVE,Table basse,tables,Alvar Aalto,1936,Fabriqué en Finlande,3,8,0,1,3,8,"Les photos de variantes sont justes, mais les libellés « Laqué blanc / … » font croire à une structure laquée blanche alors qu'elle est en bouleau verni : seules les roues sont blanches. Le titre « Table basse » est aussi faux.",https://www.artek.fi/en/products/tea-trolley-901,https://www.mikadodeco.be/products/artek-tea-trolley-901
artek-side-table-606,Table d'appoint 606,ACTIVE,Table d'appoint,tables,Aino Aalto,1932,Fabriqué en Finlande,1,4,0,0,1,8,"Créateur (Aino Aalto) et année (1932) exacts, photos correctes ; les dimensions sont mal formulées pour une table ronde et le site la classe en « objets ».",https://www.artek.fi/en/products/side-table-606,https://www.mikadodeco.be/products/artek-side-table-606
artek-side-table-915,Table d'appoint 915,ACTIVE,Table d'appoint,tables,Alvar Aalto,1932,Fabriqué en Finlande,2,5,0,2,1,7,"Photos et variantes justes ; il manque les dimensions, la matière et le créateur dans le SEO et la description (constats automatiques). Les libellés « Laqué blanc/noir » omettent la structure en bouleau naturel.",https://www.artek.fi/en/products/side-table-915,https://www.mikadodeco.be/products/artek-side-table-915
artek-trienna-table,Table basse Trienna,ACTIVE,Table basse,tables,Ilmari Tapiovaara,1954,Fabriqué en Finlande,3,4,0,2,1,8,"Variantes et photos conformes à Artek, année 1954 exacte ; il manque les dimensions et la matière, et la seule ambiance montre surtout un fauteuil Kiki.",https://www.artek.fi/en/products/trienna-table,https://www.mikadodeco.be/products/artek-trienna-table
artek-bench-153a,Banc 153A,ACTIVE,Banc,sieges,Alvar Aalto,—,Fabriqué en Finlande,7,11,0,2,7,8,"Les 7 variantes correspondent aux 7 versions Artek, avec des photos de variantes justes. En revanche, le vernis naturel est écrit de deux façons, ce qui crée une fausse grille 5 × 2, et « Massif » traduit mal « solid top » (plateau plein plaqué).",https://www.artek.fi/en/products/bench-153a,https://www.mikadodeco.be/products/artek-bench-153a
artek-bench-153b,Banc 153B,ACTIVE,Banc,sieges,Alvar Aalto,—,Fabriqué en Finlande,7,20,0,4,6,5,"La fiche vend le 153B standard (7 variantes justes), mais sa description et 13 photos de galerie sur 20 présentent les éditions limitées Marimekko Kivet et Seireeni, qu'on ne peut pas commander ici.",https://www.artek.fi/en/products/bench-153b,https://www.mikadodeco.be/products/artek-bench-153b
artek-bench-168b,Banc 168B,ACTIVE,Banc,sieges,Alvar Aalto,—,Fabriqué en Finlande,3,5,0,2,4,7,"Photos et finitions correctes ; l'option « Plateau = Massif », à une seule valeur, est inutile et inexacte (plateau plaqué), et il manque les dimensions et l'année.",https://www.artek.fi/en/products/bench-168b,https://www.mikadodeco.be/products/artek-bench-168b
artek-wall-shelf-112,Étagère murale 112,ACTIVE,Étagère murale,—,Alvar Aalto,1936,Fabriqué en Finlande,3,6,0,2,2,10,"Photos et variantes justes ; produit invisible dans le menu (type « Étagère murale » hors règles), code 112B absent du titre, matière et poids manquants.",https://www.artek.fi/en/products/wall-shelf-112,https://www.mikadodeco.be/products/artek-wall-shelf-112
artek-cabinet-250,Buffet 250,ACTIVE,Buffet,rangement,Alvar Aalto,—,Fabriqué en Finlande,1,5,0,2,5,6,"Fiche bien rédigée et photos pertinentes ; manquent année, dimensions, matière ; origine incomplète.",https://www.artek.fi/en/products/cabinet-250,https://www.mikadodeco.be/products/artek-cabinet-250
artek-tupla-wall-hook,Patère murale Tupla,ACTIVE,Patère murale,rangement,Ronan & Erwan Bouroullec,—,Fabriqué en Italie,1,7,0,2,4,10,"Fiche correcte et photos bonnes ; manquent année et dimensions, alts génériques.",https://www.artek.fi/en/products/tupla-wall-hook,https://www.mikadodeco.be/products/artek-tupla-wall-hook
artek-124-mirror,Miroir 124,ACTIVE,Miroir,decoration,—,—,—,2,4,0,5,9,9,"Fiche squelettique d'un produit probablement retiré du catalogue Artek : créateur, année, dimensions, matière absents ; photo principale = ambiance basse définition ; libellés incomplets.",https://www.artek.fi/en/products/124-mirror (redirige vers la liste produits),https://www.mikadodeco.be/products/artek-124-mirror
artek-115-umbrella-stand,Porte-parapluie 115,ACTIVE,Porte-parapluie,—,Alvar Aalto,—,Fabriqué en Finlande,1,2,0,4,4,7,"Photos justes ; invisible dans le menu, libellé « Laiton » réducteur, année/dimensions/matière absentes.",https://www.artek.fi/en/products/umbrella-stand-115,https://www.mikadodeco.be/products/artek-115-umbrella-stand
artek-kanto,Étagère Kanto,ACTIVE,Étagère,rangement,Pancho Nikander,2004,Fabriqué en Estonie,3,5,0,3,2,6,"Photos et variantes justes, mais nommé et classé comme une « étagère » alors que c'est un porte-revues / porte-bûches ; dimensions absentes.",https://www.artek.fi/en/products/kanto-magazine-firewood-rack-pn001,https://www.mikadodeco.be/products/artek-kanto
artek-kiila-coat-stand,Porte-manteau Kiila,ACTIVE,Patère,rangement,Daniel Rybakken,2017,Fabriqué en Pologne,3,6,0,2,4,9,"Photos justes pour chaque variante ; libellés « Noir » et « Pierre blanc » ambigus (pieds en frêne naturel), dimensions et matière absentes.",https://www.artek.fi/en/products/kiila-coat-stand,https://www.mikadodeco.be/products/artek-kiila-coat-stand
artek-clothes-tree-160,Porte-manteau 160,ACTIVE,Patère,rangement,Anna-Maija Jaatinen,1964,Fabriqué en Estonie,2,3,0,2,3,7,"Créateur, année et origine exacts ; photos de variantes justes ; dimensions et matière absentes, galerie faible.",https://www.artek.fi/en/products/clothes-tree-160,https://www.mikadodeco.be/products/artek-clothes-tree-160
artek-kaari-reb007,Étagère Kaari REB007,ACTIVE,Étagère,rangement,Ronan & Erwan Bouroullec,—,Fabriqué en Allemagne,3,5,0,2,5,10,"Variantes et photos exactes ; titre sans « ronde / murale », année, dimensions et matière absentes, origine incomplète.",https://www.artek.fi/en/products/kaari-wall-shelf-round,https://www.mikadodeco.be/products/artek-kaari-reb007
artek-kaari-wall-hook,Patère murale Kaari,ACTIVE,Patère murale,rangement,Ronan & Erwan Bouroullec,—,Fabriqué en Allemagne,2,4,0,3,6,9,"Photos et variantes justes ; poids incohérent entre variantes, année/dimensions/matière absentes, origine incomplète.",https://www.artek.fi/en/products/kaari-wall-hook,https://www.mikadodeco.be/products/artek-kaari-wall-hook
artek-screen-100,Paravent 100,ACTIVE,Paravent,outdoor,Alvar Aalto,—,Fabriqué en Finlande,4,13,0,4,6,8,"Packshots cohérents avec les hauteurs ; classé dans « Parasols & ombrages », libellés sans codes A–D ni indication hauteur × longueur, description avec noms anglais.",https://www.artek.fi/en/products/screen-100,https://www.mikadodeco.be/products/artek-screen-100
artek-kori-pendant-light-eu,Suspension Kori,ACTIVE,Suspension,luminaires,TAF Studio,2023,Fabriqué en Italie,1,5,0,1,2,9,"Fiche correcte sur l'essentiel (créateur, année, origine Italie, photos justes) ; manquent dimensions, matière et données électriques, libellé de finition à reprendre.",https://www.artek.fi/en/products/kori-pendant-light,https://www.mikadodeco.be/products/artek-kori-pendant-light-eu
artek-kori-pendant-light-with-disc-shade-eu,Suspension Kori Disc,ACTIVE,Suspension,luminaires,TAF Studio,2023,Fabriqué en Italie,1,5,0,1,2,13,"Photos et attribution justes ; titre abrégé, restes d'anglais (« with Disc Shade ») dans la description et le SEO, dimensions/matière/électricité absentes.",https://www.artek.fi/en/products/kori-pendant-light-with-disc-shade,https://www.mikadodeco.be/products/artek-kori-pendant-light-with-disc-shade-eu
artek-kori-pendant-light-with-dune-shade-eu,Suspension Kori Dune,ACTIVE,Suspension,luminaires,TAF Studio,2023,Fabriqué en Italie,1,5,0,1,2,13,"Photos justes (#3/#4 = même scène allumée/éteinte) ; mêmes lacunes que la Kori Disc : anglais résiduel, dimensions, matière, électricité.",https://www.artek.fi/en/products/kori-pendant-light-with-dune-shade,https://www.mikadodeco.be/products/artek-kori-pendant-light-with-dune-shade-eu
artek-a201,Suspension A201,ACTIVE,Suspension,luminaires,Alvar Aalto,1952,Fabriqué en Chine,1,6,0,0,1,9,"Fiche la plus complète du groupe : données électriques (E27, 12 W, 220-240 V, câble blanc 250 cm, IP20, classe II), dimensions Ø 29 × H 20, matière et origine vérifiées exactes ; seules retouches : « anneau de laiton » dans la description, accord et ordre des mots du libellé.",https://www.artek.fi/en/products/pendant-light-a201,https://www.mikadodeco.be/products/artek-a201
artek-ama500,Suspension AMA500,ACTIVE,Suspension,luminaires,Aino Aalto,1941,Fabriqué en Chine,1,6,0,1,3,10,"Photos, créatrice, année et origine justes ; manquent dimensions, matière et électricité ; « anneau de laiton » inexact.",https://www.artek.fi/en/products/pendant-light-ama500,https://www.mikadodeco.be/products/artek-ama500
artek-a110-hand-grenade,Suspension A110 Hand Grenade,ACTIVE,Suspension,luminaires,Alvar Aalto,—,Fabriqué en Chine,4,10,0,1,5,15,"Quatre variantes justes avec chacune sa photo ; la description généralise l'anneau en laiton à toutes les finitions ; manquent année, dimensions, matière, électricité.",https://www.artek.fi/en/products/pendant-light-a110-hand-grenade,https://www.mikadodeco.be/products/artek-a110-hand-grenade
artek-a330s-golden-bell,Suspension A330S Golden Bell,ACTIVE,Suspension,luminaires,Alvar Aalto,1937,Fabriqué en Chine,5,14,1,3,3,9,"Erreur critique : le packshot Savoy (non verni, câble noir) est rangé en galerie tandis que les deux laitons partagent la photo du laiton verni ; année 1936 fausse dans le SEO et la description.",https://www.artek.fi/en/products/pendant-light-a330s-golden-bell,https://www.mikadodeco.be/products/artek-a330s-golden-bell
artek-a331-beehive,Suspension A331 Beehive,ACTIVE,Suspension,luminaires,Alvar Aalto,—,Fabriqué en Chine,3,10,0,1,4,12,"Les trois variantes Artek sont présentes, chacune avec la bonne photo ; libellés hétérogènes, « thermolaquée » mal accordé, et année, dimensions, matière, électricité manquantes.",https://www.artek.fi/en/products/pendant-light-a331-beehive,https://www.mikadodeco.be/products/artek-a331-beehive
artek-a333-turnip,Suspension A333 Turnip,ACTIVE,Suspension,luminaires,Alvar Aalto,—,Fabriqué en Chine,2,5,0,1,4,9,"Photos justes pour les deux variantes, mais libellés trompeurs (« Laitonné » fait croire à une lampe entièrement laitonnée) et fiche sans dimensions, matière, électricité ni tag de décennie.",https://www.artek.fi/en/products/pendant-light-a333-turnip,https://www.mikadodeco.be/products/artek-a333-turnip
artek-a440,Suspension A440,ACTIVE,Suspension,luminaires,Alvar Aalto,—,Fabriqué en Finlande,1,6,0,2,4,9,"Photos et attribution justes, mais origine incomplète (Artek : Finlande et Pologne) ; libellé de variante maladroit ; année, dimensions, matière et électricité manquantes.",https://www.artek.fi/en/products/pendant-light-a440,https://www.mikadodeco.be/products/artek-a440
artek-jl341,Suspension JL341,ACTIVE,Suspension,luminaires,Juha Leiviskä,1969,Fabriqué en Finlande,2,6,0,0,0,8,"Fiche exacte (créateur, année, origine, dimensions, matière, données électriques vérifiées) ; seul le libellé de la variante laiton est maladroit.",https://www.artek.fi/en/products/pendant-light-jl341,https://www.mikadodeco.be/products/artek-jl341
artek-wall-light-a910,Applique A910,ACTIVE,Applique,luminaires,Alvar Aalto,—,Fabriqué en Finlande,1,5,0,2,3,5,"Créateur faux : Artek ne crédite pas Alvar Aalto (modèle Artek des années 1990 inspiré de ses lampes), alors que métachamp, SEO et tag l'attribuent à Aalto ; dimensions, matière, électricité manquantes.",https://www.artek.fi/en/products/wall-light-a910,https://www.mikadodeco.be/products/artek-wall-light-a910
artek-ceiling-light-a622,Plafonnier A622,ACTIVE,Plafonnier,—,Alvar Aalto,1953,Fabriqué en Finlande,2,7,0,3,5,10,"Invisible dans les familles du menu (type Plafonnier) ; option « Finition » contenant des codes de taille ; deux tailles au même prix ; dimensions et électricité absentes.",https://www.artek.fi/en/products/ceiling-light-a622,https://www.mikadodeco.be/products/artek-ceiling-light-a622
artek-kori-floor-light-eu,Lampadaire Kori,ACTIVE,Lampadaire,luminaires,TAF Studio,2023,Fabriqué en Italie,2,7,0,1,2,6,"Bonne fiche : description fidèle à Artek, chaque couleur a son packshot ; libellés « Laqué » à corriger (thermolaquage mat) ; dimensions, matière, électricité manquantes.",https://www.artek.fi/en/products/kori-floor-light,https://www.mikadodeco.be/products/artek-kori-floor-light-eu
artek-a805-angel-wing-eu,Lampadaire A805 Angel Wing,ACTIVE,Lampadaire,luminaires,Alvar Aalto,1954,Fabriqué en Finlande,2,6,0,0,0,8,"Fiche juste : deux variantes, chacune avec sa photo, données électriques et dimensions vérifiées exactes ; retouches mineures (nom de l'Institut, matière du tube nickelé, photo de galerie peu lisible).",https://www.artek.fi/en/products/floor-light-a805-angel-wing,https://www.mikadodeco.be/products/artek-a805-angel-wing-eu
artek-a808-eu,Lampadaire A808,ACTIVE,Lampadaire,luminaires,Alvar Aalto,—,Fabriqué en Finlande,2,6,0,1,5,7,"Photos justes pour les deux abat-jour ; « Laiton poli » désigne ici l'abat-jour alors que sur l'A805, l'A810 et l'A811 il désigne le tube ; libellé « Blanc peint acier » maladroit ; année, dimensions, matière, électricité manquantes.",https://www.artek.fi/en/products/floor-light-a808,https://www.mikadodeco.be/products/artek-a808-eu
artek-a810-eu,Lampadaire A810,ACTIVE,Lampadaire,luminaires,Alvar Aalto,1959,Fabriqué en Finlande,2,8,0,1,0,6,"Variantes, données électriques et dimensions exactes, mais trois photos de galerie montrent l'édition spéciale « rubis/bordeaux » (pied et socle rouges), non vendue ici.",https://www.artek.fi/en/products/floor-light-a810,https://www.mikadodeco.be/products/artek-a810-eu
artek-a811-eu,Lampadaire A811,ACTIVE,Lampadaire,luminaires,Alvar Aalto,—,Fabriqué en Finlande,2,3,1,2,6,7,"Erreur critique : la variante nickelée affiche la photo du laiton poli alors que le packshot nickelé (#3) existe en galerie ; attribution à Aalto à confirmer ; année, dimensions, matière, électricité manquantes.",https://www.artek.fi/en/products/floor-light-a811,https://www.mikadodeco.be/products/artek-a811-eu
artek-kori-table-light-eu,Lampe de table Kori,ACTIVE,Lampe de table,luminaires,TAF Studio,2023,Fabriqué en Italie,2,6,0,1,4,8,"Absente de la famille Luminaires (type « Lampe de table » non retenu) ; description inexacte (socle en zinc, pas d'abat-jour, inspiration inventée) ; packshot blanc en basse définition.",https://www.artek.fi/en/products/kori-table-light,https://www.mikadodeco.be/products/artek-kori-table-light-eu
artek-wall-light-a330s-eu,Applique A330S,ACTIVE,Applique,luminaires,Alvar Aalto,—,Fabriqué en Chine,4,8,0,1,4,10,"Quatre variantes justes avec leur photo, mais libellés maladroits (« Noir acier ») et différents de la suspension A330S ; nom « Golden Bell » absent du titre ; année, dimensions, matière, électricité manquantes.",https://www.artek.fi/en/products/wall-light-a330s-golden-bell,https://www.mikadodeco.be/products/artek-wall-light-a330s-eu
artek-kaari-bureau-mural,Étagère Kaari Bureau Mural,ACTIVE,Étagère,rangement,Ronan & Erwan Bouroullec,—,—,2,7,0,2,9,8,"Photos correctes (REB013 et REB010) mais titre, option « Finition » contenant des tailles, codes absents, origine/dimensions manquantes, tag cadeau absurde.",https://www.artek.fi/en/products/kaari-wall-shelf-with-desk,https://www.mikadodeco.be/products/artek-kaari-bureau-mural
artek-kaari-wall-shelf,Étagère murale Kaari,ACTIVE,Étagère murale,—,Ronan & Erwan Bouroullec,—,Fabriqué en Allemagne,2,3,0,5,6,10,"Photos justes (REB008 et REB009) mais libellés trompeurs (seule la tablette est décrite, hauteurs 113/188 cm absentes), matière fausse (HPL), produit invisible dans le menu.",https://www.artek.fi/en/products/kaari-wall-shelf,https://www.mikadodeco.be/products/artek-kaari-wall-shelf
artek-aalto-table-rectangular-80a,Table Aalto 80A 120 × 60 cm,ACTIVE,Table,tables,Alvar Aalto,—,Fabriqué en Finlande,3,10,0,3,8,4,"Photos de variantes justes (80A, 4 pieds, bonnes finitions), mais la bande d’ambiances mélange des packshots de la table enfant 80A H60 et une scène d’enfant avec une 81B ; dimensions, année, matière absentes.",https://www.artek.fi/en/products/aalto-table-rectangular,https://www.mikadodeco.be/products/artek-aalto-table-rectangular-80a
artek-aalto-table-rectangular-80b,Table Aalto 80B 100 × 60 cm,ACTIVE,Table,tables,Alvar Aalto,—,Fabriqué en Finlande,3,11,0,3,8,4,"Packshots de variantes corrects (80B 100 × 60, 4 pieds), mais trois packshots de table enfant et une scène d’enfant polluent la galerie ; métachamps de dimensions, année et matière vides.",https://www.artek.fi/en/products/aalto-table-rectangular,https://www.mikadodeco.be/products/artek-aalto-table-rectangular-80b
artek-aalto-table-rectangular-81a,Table Aalto 81A 150 × 75 cm,ACTIVE,Table,tables,Alvar Aalto,—,Fabriqué en Finlande,3,8,0,3,9,5,"Packshots de variantes corrects (81A 150 × 75), mais packshots enfant et scène d’enfant en galerie, alt de la photo principale générique et métachamps de dimensions, année et matière vides.",https://www.artek.fi/en/products/aalto-table-rectangular,https://www.mikadodeco.be/products/artek-aalto-table-rectangular-81a
artek-aalto-table-rectangular-81b,Table Aalto 81B 120 × 75 cm,ACTIVE,Table,tables,Alvar Aalto,—,Fabriqué en Finlande,4,12,1,3,7,7,"Photo principale et image « Bouleau » d’une autre proportion que la 81B (plateau 2:1 type 80A/81A), alors que le vrai packshot 81B bouleau (#10) dort en galerie ; libellés de variantes incohérents, photos enfant en galerie.",https://www.artek.fi/en/products/aalto-table-rectangular,https://www.mikadodeco.be/products/artek-aalto-table-rectangular-81b
artek-aalto-table-rectangular-82a,Table Aalto 82A 150 × 85 cm,ACTIVE,Table,tables,Alvar Aalto,—,Fabriqué en Finlande,3,7,0,3,7,4,"Fiche saine côté photos (82A et finitions conformes) ; il manque les dimensions, l’année et la matière, et l’alt de la photo principale est générique.",https://www.artek.fi/en/products/aalto-table-rectangular,https://www.mikadodeco.be/products/artek-aalto-table-rectangular-82a
artek-aalto-table-rectangular-82b,Table Aalto 82B 135 × 85 cm,ACTIVE,Table,tables,Alvar Aalto,—,Fabriqué en Finlande,3,7,0,3,6,3,"Photos et variantes conformes à la 82B ; lacunes de métachamps (dimensions, année, matière), poids et SEO.",https://www.artek.fi/en/products/aalto-table-rectangular,https://www.mikadodeco.be/products/artek-aalto-table-rectangular-82b
artek-aalto-table-rectangular-83,Table Aalto 83 182 × 91 cm,ACTIVE,Table,tables,Alvar Aalto,—,Fabriqué en Finlande,5,10,0,3,7,10,"Les cinq finitions Artek sont là avec leurs photos, mais le poids d’expédition est aberrant (74 000 kg), le libellé teinté noyer mélange l’anglais et la photo principale est la finition bouleau sauvage.",https://www.artek.fi/en/products/aalto-table-rectangular,https://www.mikadodeco.be/products/artek-aalto-table-rectangular-83
artek-aalto-table-rectangular-86,Table Aalto 86 210 × 100 cm,ACTIVE,Table,tables,Alvar Aalto,—,Fabriqué en Finlande,3,6,0,3,6,3,"Photos et variantes conformes à la 86 (210 × 100) ; seules manquent les données (dimensions, année, matière, poids).",https://www.artek.fi/en/products/aalto-table-rectangular,https://www.mikadodeco.be/products/artek-aalto-table-rectangular-86
artek-aalto-table-rectangular-86a,Table Aalto 86A 240 × 100 cm,ACTIVE,Table,tables,Alvar Aalto,—,Fabriqué en Finlande,3,5,0,3,6,4,"Photos de variantes conformes à la 86A ; une seule ambiance dont le code est inidentifiable ; métachamps incomplets.",https://www.artek.fi/en/products/aalto-table-rectangular,https://www.mikadodeco.be/products/artek-aalto-table-rectangular-86a
artek-aalto-table-square-80c,Table Aalto 80C 60 × 60 cm,ACTIVE,Table,tables,Alvar Aalto,—,Fabriqué en Finlande,3,9,0,3,8,2,"Packshots de variantes conformes (80C carrée, 4 pieds), mais des packshots enfant 80C et une scène d’enfant se trouvent en galerie ; métachamps incomplets.",https://www.artek.fi/en/products/aalto-table-square,https://www.mikadodeco.be/products/artek-aalto-table-square-80c
artek-aalto-table-square-81c,Table Aalto 81C 75 × 75 cm,ACTIVE,Table,tables,Alvar Aalto,—,Fabriqué en Finlande,3,9,0,3,8,3,"Packshots de variantes conformes (81C carrée), mais packshots enfant, scène d’enfant rectangulaire et gros plan abstrait en galerie ; métachamps incomplets.",https://www.artek.fi/en/products/aalto-table-square,https://www.mikadodeco.be/products/artek-aalto-table-square-81c
artek-aalto-table-square-84,Table Aalto 84 120 × 120 cm,ACTIVE,Table,tables,Alvar Aalto,—,Fabriqué en Finlande,3,6,0,3,6,3,"Photos et variantes conformes à la 84 (120 × 120, 4 pieds) ; un gros plan abstrait en galerie et des métachamps incomplets.",https://www.artek.fi/en/products/aalto-table-square,https://www.mikadodeco.be/products/artek-aalto-table-square-84
artek-aalto-table-round-90a,Table Aalto 90A Ø 100 cm,ACTIVE,Table,tables,Alvar Aalto,—,Fabriqué en Finlande,4,8,1,3,8,6,"Les variantes lamifié blanc et linoléum noir affichent des photos de la table ENFANT 90A (H60), alors que les packshots adultes correspondants sont rangés en galerie ; libellés incohérents.",https://www.artek.fi/en/products/aalto-table-round,https://www.mikadodeco.be/products/artek-aalto-table-round-90a
artek-aalto-table-round-90b,Table Aalto 90B Ø 75 cm,ACTIVE,Table,tables,Alvar Aalto,—,Fabriqué en Finlande,4,7,0,3,6,6,"Photos et variantes conformes à la 90B (Ø 75, 3 pieds, 4 finitions Artek) ; libellés incohérents et métachamps incomplets.",https://www.artek.fi/en/products/aalto-table-round,https://www.mikadodeco.be/products/artek-aalto-table-round-90b
artek-aalto-table-round-91,Table Aalto 91 Ø 125 cm,ACTIVE,Table,tables,Alvar Aalto,—,Fabriqué en Finlande,4,12,0,3,7,7,"Photos conformes à la 91 (Ø 125, 4 pieds), mais la finition teinté noyer est mal nommée (plateau en chêne) ; galerie chargée et métachamps incomplets.",https://www.artek.fi/en/products/aalto-table-round,https://www.mikadodeco.be/products/artek-aalto-table-round-91
artek-aalto-table-half-round-95,Table demi-ronde Aalto 95 120 × 60 cm,ACTIVE,Table,tables,Alvar Aalto,—,Fabriqué en Finlande,3,6,0,3,5,3,"Photos et variantes conformes à la 95 (demi-ronde 120 × 60, 3 pieds) ; seules des données manquent (dimensions, année dans les métachamps, matière, poids).",https://www.artek.fi/en/products/aalto-table-half-round,https://www.mikadodeco.be/products/artek-aalto-table-half-round-95
artek-aalto-table-half-round-96,Table demi-ronde Aalto 96 150 × 75 cm,ACTIVE,Table,tables,Alvar Aalto,—,Fabriqué en Finlande,3,4,0,3,5,4,"Packshots conformes à la 96 (demi-ronde 150 × 75, 4 pieds) ; aucune ambiance, et dimensions, année et matière absentes des métachamps.",https://www.artek.fi/en/products/aalto-table-half-round,https://www.mikadodeco.be/products/artek-aalto-table-half-round-96
artek-aalto-table-extendable-97,Table à rallonge Aalto 97 135/190 × 85 cm,ACTIVE,Table,tables,Alvar Aalto,—,Fabriqué en Finlande,2,5,0,3,6,3,"Photos et finitions conformes (bouleau et lamifié blanc, seules finitions Artek pour la 97, conçue en 1956) ; il manque les dimensions, l’année dans les métachamps et la matière.",https://www.artek.fi/en/products/aalto-table-extendable,https://www.mikadodeco.be/products/artek-aalto-table-extendable-97
artek-aalto-table-foldable-dl81c,Table pliante Aalto DL81C 75/113 × 75 cm,ACTIVE,Table,tables,Alvar Aalto,—,Fabriqué en Finlande,6,6,1,4,9,5,"Les trois linoléums bicolores en édition limitée affichent la photo du linoléum noir et portent des libellés anglais tronqués ; la variante lamifié blanc n’a qu’une ambiance comme image.",https://www.artek.fi/en/products/aalto-table-foldable,https://www.mikadodeco.be/products/artek-aalto-table-foldable-dl81c
artek-secrets-of-finland,Accessoire Secrets of Finland,ACTIVE,Accessoire,—,COMPANY,2019,Fabriqué en Portugal,6,6,0,4,7,11,"Photos justes et bien liées, mais six objets distincts (tirelire, trois vases, deux bougeoirs) sont vendus comme des « finitions » d'un produit au titre anglais et sans description réelle.",https://www.artek.fi/en/collections/secrets-of-finland (pages produit sur shop.artek.fi),https://www.mikadodeco.be/products/artek-secrets-of-finland
artek-postcards,Accessoire Postcards,ACTIVE,Accessoire,—,—,—,—,2,2,0,4,9,8,"Deux lots de cartes différents (5 cartes Greige et 3 cartes TSTO) sont réunis sous une seule fiche au titre anglais. La description, qui ne parle que du lot Outline (« trois cartes », TSTO), est fausse pour la variante Icons.","https://www.artek.fi/en/products/artek-icons-postcards-greige ; https://shop.artek.fi/products/outline-postcards-3-pieces",https://www.mikadodeco.be/products/artek-postcards
artek-architect-s-tools,Accessoire Architect's Tools,ACTIVE,Accessoire,—,—,—,—,6,6,0,3,12,12,"Photos exactes et bien liées, mais cinq outils différents sont vendus comme des « finitions ». Les libellés mêlent anglais et français, et celui de l'échelle d'architecte est faux (« 1:2 / 5 » au lieu de 1:2,5).","https://www.artek.fi/en/products/ruler ; https://www.artek.fi/en/products/architects-scale ; https://www.artek.fi/en/products/tape-measure ; https://www.artek.fi/en/products/folding-ruler ; https://www.artek.fi/en/products/level",https://www.mikadodeco.be/products/artek-architect-s-tools
artek-childrens-chair-n65,Chaise enfant N65,ACTIVE,Chaise,sieges,Alvar Aalto,—,Fabriqué en Finlande,3,5,0,1,4,6,"Fiche exacte (1935, dossier bas, 3 finitions conformes aux photos) ; prix strictement identiques à la Chaise 65 adulte, pas de dimensions ni de poids, et deux tags hors sujet.",https://www.artek.fi/en/products/childrens-chair-n65,https://www.mikadodeco.be/products/artek-childrens-chair-n65
artek-aalto-table-rectangular-80a-60cm,Table enfant Aalto 80A 120 × 60 cm H60,ACTIVE,Table,tables,Alvar Aalto,—,—,3,4,0,2,8,6,"Modèle, taille, hauteur et finitions conformes à Artek ; mais les trois photos de variantes sont les mêmes images que celles de la table 81B (120 × 75), donc au moins une des deux fiches montre une mauvaise profondeur.",https://www.artek.fi/en/products/aalto-childrens-table-rectangular,https://www.mikadodeco.be/products/artek-aalto-table-rectangular-80a-60cm
artek-aalto-table-rectangular-80b-60cm,Table enfant Aalto 80B 100 × 60 cm H60,ACTIVE,Table,tables,Alvar Aalto,—,—,3,4,0,2,10,9,"Modèle 80B en hauteur 60 cm absent de la gamme enfant publiée par Artek (qui ne propose que 80A, 81A et 81B), avec en plus une finition libellée « Iki blanc hp » ; le produit doit être confirmé auprès d'Artek avant d'être vendu.",https://www.artek.fi/en/products/aalto-childrens-table-rectangular,https://www.mikadodeco.be/products/artek-aalto-table-rectangular-80b-60cm
artek-aalto-table-rectangular-81a-60cm,Table enfant Aalto 81A 150 × 75 cm H60,ACTIVE,Table,tables,Alvar Aalto,—,—,3,4,0,1,9,6,"Modèle, taille et finitions conformes ; photos propres à la 81A (plus longue que les autres). Seul défaut spécifique : l'alt de la photo principale.",https://www.artek.fi/en/products/aalto-childrens-table-rectangular,https://www.mikadodeco.be/products/artek-aalto-table-rectangular-81a-60cm
artek-aalto-table-rectangular-81b-60cm,Table enfant Aalto 81B 120 × 75 cm H60,ACTIVE,Table,tables,Alvar Aalto,—,—,3,5,0,2,8,7,"Modèle et finitions conformes, les ambiances montrent bien la 81B ; mais les packshots sont identiques à ceux de la 80A (120 × 60).",https://www.artek.fi/en/products/aalto-childrens-table-rectangular,https://www.mikadodeco.be/products/artek-aalto-table-rectangular-81b-60cm
artek-aalto-table-square-80c-60cm,Table enfant Aalto 80C 60 × 60 cm H60,ACTIVE,Table,tables,Alvar Aalto,—,Fabriqué en Finlande,3,4,0,2,9,9,"La table enfant carrée d'Artek n'existe publiquement qu'en 81C (75 × 75) ; le 80C H60 est à confirmer. La fiche affiche aussi une origine trop simple et la finition « Iki blanc hp ».",https://www.artek.fi/en/products/aalto-childrens-table-square,https://www.mikadodeco.be/products/artek-aalto-table-square-80c-60cm
artek-aalto-table-square-81c-60cm,Table enfant Aalto 81C 75 × 75 cm H60,ACTIVE,Table,tables,Alvar Aalto,—,—,3,4,0,1,8,6,"Seule table enfant carrée d'Artek : modèle, taille, hauteur et finitions conformes, photos propres à la 81C ; défauts limités à l'ambiance d'un autre modèle et aux données incomplètes.",https://www.artek.fi/en/products/aalto-childrens-table-square,https://www.mikadodeco.be/products/artek-aalto-table-square-81c-60cm
artek-aalto-table-round-90a-60cm,Table enfant Aalto 90A Ø 100 cm H60,ACTIVE,Table,tables,Alvar Aalto,—,—,3,3,0,1,9,6,"Taille Ø 100 et hauteur 60 conformes (seule table enfant ronde d'Artek) ; photos correctes, mais aucune ambiance et données incomplètes.",https://www.artek.fi/en/products/aalto-childrens-table-round,https://www.mikadodeco.be/products/artek-aalto-table-round-90a-60cm
artek-atelier-chair,Chaise Atelier,ACTIVE,Chaise,sieges,TAF Studio,2018,Fabriqué en Italie,6,11,0,2,2,7,"Fiche saine : 6 variantes conformes à Artek, chaque variante a sa photo correcte ; manquent dimensions, matière et poids.",https://www.artek.fi/en/products/atelier-chair,https://www.mikadodeco.be/products/artek-atelier-chair
artek-aslak-chair,Chaise Aslak,ACTIVE,Chaise,sieges,Ilmari Tapiovaara,1958,Fabriqué en Italie,5,9,0,6,2,4,"Variantes et photos exactes (5/5) ; l'année est incohérente (SEO 1946, tag années 1940) alors qu'Artek date la chaise de 1958.",https://www.artek.fi/en/products/aslak-chair,https://www.mikadodeco.be/products/artek-aslak-chair
artek-lukki-chair,Chaise Lukki,ACTIVE,Chaise,sieges,Ilmari Tapiovaara,1951,Fabriqué en Finlande,1,2,0,2,3,7,"Variante unique conforme ; fiche pauvre (2 photos) et l'unique ambiance semble montrer une autre couleur.",https://www.artek.fi/en/products/lukki-chair,https://www.mikadodeco.be/products/artek-lukki-chair
artek-chair-611,Chaise 611,ACTIVE,Chaise,sieges,Alvar Aalto,—,Fabriqué en Finlande,10,16,0,2,6,9,"10 variantes, 10 photos de variante exactes (sangles et structure vérifiées) ; description approximative (« cousus sellier »), 10 tags recopiés des variantes, année absente.",https://www.artek.fi/en/products/chair-611,https://www.mikadodeco.be/products/artek-chair-611
artek-chair-65,Chaise 65,ACTIVE,Chaise,sieges,Alvar Aalto,—,Fabriqué en Finlande,5,8,0,2,5,4,"Bon modèle (dossier bas rectangulaire) sur toutes les photos, 5 variantes conformes et correctement illustrées ; manquent année, dimensions, matière.",https://www.artek.fi/en/products/chair-65,https://www.mikadodeco.be/products/artek-chair-65
artek-chair-66,Chaise 66,ACTIVE,Chaise,sieges,Alvar Aalto,—,Fabriqué en Finlande,6,11,0,2,5,9,"Bon modèle (dossier large à poignée) sur toutes les photos, 6 variantes conformes et illustrées ; libellés différents des chaises 65/68/69 pour les mêmes finitions.",https://www.artek.fi/en/products/chair-66,https://www.mikadodeco.be/products/artek-chair-66
artek-chair-68,Chaise 68,ACTIVE,Chaise,sieges,Alvar Aalto,—,Fabriqué en Finlande,5,8,0,2,5,5,"Bon modèle (dossier trois pièces à barre cintrée) sur toutes les photos, 5 variantes conformes ; description très courte, pas de dimensions.",https://www.artek.fi/en/products/chair-68,https://www.mikadodeco.be/products/artek-chair-68
artek-chair-69,Chaise 69,ACTIVE,Chaise,sieges,Alvar Aalto,—,Fabriqué en Finlande,11,15,0,2,8,6,"11 variantes conformes à Artek et bien illustrées ; l'alt de la photo « Laqué blanc » (#9) annonce l'autre finition blanche, tags recopiés et « contemporain » faux.",https://www.artek.fi/en/products/chair-69,https://www.mikadodeco.be/products/artek-chair-69
artek-domus-chair,Chaise Domus,ACTIVE,Chaise,sieges,Ilmari Tapiovaara,1946,Fabriqué en Finlande,5,15,0,2,3,6,"5 variantes bois conformes et bien illustrées ; 4 ambiances sur 10 montrent des Domus rembourrées vendues sur d'autres fiches ; tags lacunaires.",https://www.artek.fi/en/products/domus-chair,https://www.mikadodeco.be/products/artek-domus-chair
artek-domus-chair-seat-and-back-upholstered,Chaise Domus assise et dossier rembourrés,ACTIVE,Chaise,sieges,Ilmari Tapiovaara,1946,—,10,18,0,2,4,9,"10 éditions réelles et photos de variante exactes, mais libellés d'options mal formés (1re variante incompréhensible, casse et noms de collections tronqués), origine et tags manquants.",https://www.artek.fi/en/stories/domus-means-home,https://www.mikadodeco.be/products/artek-domus-chair-seat-and-back-upholstered
artek-rope-chair,Chaise Rope,ACTIVE,Chaise,sieges,Ronan & Erwan Bouroullec,2020,Fabriqué en Allemagne,4,6,0,4,5,6,"2 finitions réelles bien photographiées ; le choix des patins crée 4 variantes dont la description contredit l'une des options.",https://www.artek.fi/en/products/rope-chair,https://www.mikadodeco.be/products/artek-rope-chair
artek-armchair-41-paimio,Fauteuil 41 Paimio,ACTIVE,Fauteuil,sieges,Alvar Aalto,1932,Fabriqué en Finlande,2,6,0,0,2,4,"Fiche saine : photos et variantes justes, dimensions conformes à Artek ; seule la description confond « contreplaqué » et « bouleau massif ».",https://www.artek.fi/en/products/armchair-41-paimio,https://www.mikadodeco.be/products/artek-armchair-41-paimio
artek-armchair-42,Fauteuil 42,ACTIVE,Fauteuil,sieges,Alvar Aalto,1932,Fabriqué en Finlande,2,5,0,2,3,4,"Photos correctes (42 blanc et noir, ambiances avec de vrais 42) ; il manque dimensions et matière, et le surnom est mal traduit.",https://www.artek.fi/en/products/armchair-42,https://www.mikadodeco.be/products/artek-armchair-42
artek-lounge-chair-43,Fauteuil 43,ACTIVE,Fauteuil,sieges,Alvar Aalto,1937,Fabriqué en Finlande,6,8,0,2,5,8,"Photos et six sanglages exacts, mais le produit est une chaise longue vendue comme « Fauteuil 43 », sans dimensions ni matière.",https://www.artek.fi/en/products/lounge-chair-43,https://www.mikadodeco.be/products/artek-lounge-chair-43
artek-armchair-406,Fauteuil 406,ACTIVE,Fauteuil,sieges,Alvar Aalto,1939,Fabriqué en Finlande,6,6,0,2,4,3,"Six sanglages exacts, chacun avec son packshot juste ; il manque les dimensions, la matière et toute photo d’ambiance.",https://www.artek.fi/en/products/armchair-406,https://www.mikadodeco.be/products/artek-armchair-406
artek-domus-lounge-chair,Fauteuil Domus,ACTIVE,Fauteuil,sieges,Ilmari Tapiovaara,1946,Fabriqué en Finlande,4,5,0,2,3,4,"Les quatre finitions bois sont justes et bien photographiées ; il manque dimensions et matière, et les libellés sont mal harmonisés avec la version rembourrée.",https://www.artek.fi/en/products/domus-lounge-chair,https://www.mikadodeco.be/products/artek-domus-lounge-chair
artek-mademoiselle-lounge-chair,Fauteuil Mademoiselle,ACTIVE,Fauteuil,sieges,Ilmari Tapiovaara,1956,Fabriqué en Finlande,2,3,0,2,4,6,"Photos correctes, mais la finition noire est un bouleau teinté noir, pas laqué ; dimensions et matière manquent.",https://www.artek.fi/en/products/mademoiselle-lounge-chair,https://www.mikadodeco.be/products/artek-mademoiselle-lounge-chair
artek-mademoiselle-rocking-chair,Fauteuil à bascule Mademoiselle,ACTIVE,Fauteuil,sieges,Ilmari Tapiovaara,1956,Fabriqué en Finlande,2,3,0,2,5,5,"Photos correctes. Même erreur de finition noire que le fauteuil, restes d’anglais (« Rocking Chair ») ; le type « Fauteuil » peut rester.",https://www.artek.fi/en/products/mademoiselle-rocking-chair,https://www.mikadodeco.be/products/artek-mademoiselle-rocking-chair
artek-rivi-fabric,Tissu Rivi (au mètre),ACTIVE,Tissu au mètre,—,Ronan & Erwan Bouroullec,2017,Fabriqué en Lettonie,12,6,0,1,6,5,"Coloris et photos justes (fond/motif dans le bon sens), mais la fiche « au mètre » décrit un coupon prédécoupé 150 × 300 cm et annonce une laize de 150 cm fausse pour le coton enduit (145 cm) ; aucune catégorie adaptée.",https://www.artek.fi/en/products/rivi-fabric,https://www.mikadodeco.be/products/artek-rivi-fabric
artek-rivi-pre-cut-fabric,Coupon de tissu Rivi (150 × 300 cm),ACTIVE,Coupon de tissu,—,Ronan & Erwan Bouroullec,2017,—,12,6,0,1,6,4,"Variantes, prix et photos cohérents ; le titre « 150 × 300 cm » est faux pour le coton enduit (145 × 300), origine et matière absentes.",https://www.artek.fi/en/products/rivi-fabric,https://www.mikadodeco.be/products/artek-rivi-pre-cut-fabric
artek-rivi-tray,Plateau Rivi,ACTIVE,Plateau,accessoires,—,—,Fabriqué en Suède,8,10,0,2,4,7,"8 variantes conformes à Artek, chaque photo montre le bon coloris et la bonne taille ; manquent créateur, année et dimensions dans les métachamps.",https://www.artek.fi/en/products/rivi-tray,https://www.mikadodeco.be/products/artek-rivi-tray
artek-rivi-cushion-cover,Housse de coussin Rivi,ACTIVE,Housse de coussin,—,—,—,Fabriqué en Estonie,8,12,0,4,5,6,"Variantes et photos exactes (coloris et tailles vérifiés), mais la housse n'est rangée dans aucune catégorie alors que « Coussins, plaids & tapis » existe, et rien n'indique que le garnissage est vendu à part.",https://www.artek.fi/en/products/rivi-cushion-cover,https://www.mikadodeco.be/products/artek-rivi-cushion-cover
artek-inner-cushion,Coussin de garnissage,ACTIVE,Coussin,decoration,—,—,—,2,2,0,1,7,2,"Photos et tailles correctes, mais description fausse (« celui-ci est le plus petit ») et matière absente (polyester recyclé).",https://shop.artek.fi/products/inner-cushion-40-x-40-cm,https://www.mikadodeco.be/products/artek-inner-cushion
artek-rivi-canvas-bag,Sac en toile Rivi,ACTIVE,Sac,—,—,—,Fabriqué en Estonie,4,8,0,2,5,4,"Coloris et photos de variante exacts, dimensions justes ; deux packshots en double dans la galerie et aucune catégorie.",https://www.artek.fi/en/products/rivi-canvas-bag,https://www.mikadodeco.be/products/artek-rivi-canvas-bag
artek-rivi-pouch,Pochette Rivi,ACTIVE,Pochette,—,—,—,Fabriqué en Estonie,4,5,0,2,5,3,"Fiche exacte (4 coloris, 24 × 15 cm, photos justes) ; seuls manquent créateur/année en métachamps et une catégorie.",https://www.artek.fi/en/products/rivi-pouch,https://www.mikadodeco.be/products/artek-rivi-pouch
artek-siena-fabric,Tissu Siena (au mètre),ACTIVE,Tissu au mètre,—,Alvar Aalto,1954,Fabriqué en Lettonie,14,9,0,1,6,5,"14 variantes exactes (Blanc/blanc n'existe pas en toile), photos de coloris justes ; photo principale blanc sur blanc peu lisible, texte de coupon sur une fiche au mètre, laize du coton enduit fausse.",https://www.artek.fi/en/products/siena-fabric,https://www.mikadodeco.be/products/artek-siena-fabric
artek-siena-pre-cut-fabric,Coupon de tissu Siena (150 × 300 cm),ACTIVE,Coupon de tissu,—,Alvar Aalto,1954,—,14,9,0,1,5,6,"Variantes exactes et photos justes ; manquent origine, matière et tag de fabrication, dimension fausse pour le coton enduit.",https://www.artek.fi/en/products/siena-fabric,https://www.mikadodeco.be/products/artek-siena-pre-cut-fabric
artek-siena-cushion-cover,Housse de coussin Siena,ACTIVE,Housse de coussin,—,—,—,Fabriqué en Estonie,8,9,0,4,5,2,"8 variantes et photos exactes ; housse absente de « Coussins, plaids & tapis », garnissage non signalé, créateur seulement en tag.",https://www.artek.fi/en/products/siena-cushion-cover,https://www.mikadodeco.be/products/artek-siena-cushion-cover
artek-siena-canvas-bag,Sac en toile Siena,ACTIVE,Sac,—,—,—,Fabriqué en Estonie,4,7,0,2,4,3,"Fiche exacte (4 coloris, 41 × 41 cm, photos justes) ; créateur/année seulement en tag, pas de catégorie.",https://www.artek.fi/en/products/siena-canvas-bag,https://www.mikadodeco.be/products/artek-siena-canvas-bag
artek-siena-pouch,Pochette Siena,ACTIVE,Pochette,—,—,—,Fabriqué en Estonie,4,6,0,2,4,4,"Fiche exacte (coloris, photos, 24 × 15 cm) ; créateur/année absents des métachamps, pas de catégorie.",https://www.artek.fi/en/products/siena-pouch,https://www.mikadodeco.be/products/artek-siena-pouch
artek-siena-tray,Plateau Siena,ACTIVE,Plateau,accessoires,—,—,Fabriqué en Suède,8,9,0,2,3,5,"8 variantes et 8 photos exactes (coloris et tailles) ; dimensions, créateur et année manquent en métachamps.",https://www.artek.fi/en/products/siena-tray,https://www.mikadodeco.be/products/artek-siena-tray
artek-zebra-seat-cushion,Coussin d'assise Zebra,ACTIVE,Coussin,decoration,—,—,Fabriqué en Estonie,1,3,0,3,3,6,"Photo et dimensions justes, mais le SEO attribue le motif à Aino Aalto (anonyme, seulement découvert par elle) et le coloris n'est pas nommé (Artek propose noir/blanc et marron/blanc).",https://www.artek.fi/en/products/zebra-seat-cushion,https://www.mikadodeco.be/products/artek-zebra-seat-cushion
artek-zebra-cushion-cover,Housse de coussin Zebra,ACTIVE,Housse de coussin,—,—,—,Fabriqué en Estonie,2,5,0,3,5,4,"Photos et tailles justes ; SEO correct (« découvert par Aino Aalto ») ; coloris non nommé, marron/blanc et 40 × 60 absents, housse hors de sa catégorie.",https://www.artek.fi/en/products/zebra-cushion-cover,https://www.mikadodeco.be/products/artek-zebra-cushion-cover
artek-zebra-tote-bag,Sac cabas Zebra,ACTIVE,Sac,—,—,—,Fabriqué en Estonie,1,3,0,4,3,4,"Photos et dimensions justes ; SEO « par Aino Aalto » inexact et coloris (noir/blanc, anse noire) non nommé.",https://www.artek.fi/en/products/zebra-tote-bag,https://www.mikadodeco.be/products/artek-zebra-tote-bag
artek-zebra-pouch,Pochette Zebra,ACTIVE,Pochette,—,—,—,Fabriqué en Estonie,2,4,0,3,4,5,"Tailles et photos cohérentes ; SEO « par Aino Aalto » inexact, coloris non nommé, cote du petit modèle non vérifiable.",https://www.artek.fi/en/products/zebra-pouch,https://www.mikadodeco.be/products/artek-zebra-pouch
artek-webbing,Sangle en lin (au mètre),ACTIVE,Sangle,—,—,—,—,6,8,0,2,13,3,"Six coloris exacts et bien illustrés ; photos 500 px, SEO « par Alvar Aalto » et anglais « Webbing », renvoi à une section qui n'existe pas sur Mikado, largeur et origine absentes.",https://shop.artek.fi/products/linen-webbing,https://www.mikadodeco.be/products/artek-webbing
artek-zebra-fabric,Tissu Zebra (au mètre),ACTIVE,Tissu au mètre,—,—,—,—,1,2,0,4,6,3,"Laize 137 cm conforme à shop.artek.fi ; SEO « par Aino Aalto » faux (Artek : « Anonymous »), coloris non nommé, matière et origine (Allemagne) absentes.",https://shop.artek.fi/products/zebra-fabric,https://www.mikadodeco.be/products/artek-zebra-fabric
artek-h55-fabric,Tissu H55 (au mètre),ACTIVE,Tissu au mètre,—,—,—,—,1,1,1,5,7,3,"Produit probablement arrêté chez Artek ; créatrice (Elissa Aalto, 1955) absente alors qu'elle est écrite sur la lisière de la photo, qualité et coloris non définis, photo unique 543 × 313, description générique.",https://www.stylepark.com/en/artek/h55-fabric,https://www.mikadodeco.be/products/artek-h55-fabric
artek-felt-glides,Patins feutre (Lot de 4),ACTIVE,Accessoire,—,—,—,—,3,1,0,2,11,3,"Tailles justes mais libellés « LG60/LG80/LG83 » inventés, compatibilités incomplètes (les bancs 153 prennent le petit format), même prix pour les trois tailles, photo unique montrant les trois formats.",https://shop.artek.fi/products/felt-glides,https://www.mikadodeco.be/products/artek-felt-glides
artek-armchair-45,Fauteuil 45,ACTIVE,Fauteuil,sieges,Alvar Aalto,1947,Fabriqué en Finlande,8,18,0,0,2,10,"Les huit variantes correspondent exactement aux huit exemples Artek et chaque packshot montre la bonne combinaison ; la description ne parle que de la version cuir.",https://www.artek.fi/en/products/armchair-45,https://www.mikadodeco.be/products/artek-armchair-45
artek-bench-167,Banc 167,ACTIVE,Banc,sieges,Alvar Aalto,1945,Fabriqué en Finlande,3,5,0,2,4,5,"Les trois variantes cuir Prestige cognac existent (cuir L40 Sørensen Prestige) et leurs photos sont justes ; mais les deux ambiances montrent un cuir noir non proposé, le tissu annoncé ne se commande pas, et il manque les dimensions.",https://www.artek.fi/en/products/bench-167,https://www.mikadodeco.be/products/artek-bench-167
artek-kiki-bench-1-seater,Banc Kiki 1 place,ACTIVE,Banc,sieges,Ilmari Tapiovaara,1960,Fabriqué en Hongrie / Édité par Artek,8,3,1,3,6,8,"Classes de revêtement sans choix du tissu ni de la couleur, et photos de coloris précis rattachées à des classes : le client ne peut pas savoir ce qu'il commande ; fiche par ailleurs sans dimensions ni matière.",https://www.artek.fi/en/products/kiki-bench,https://www.mikadodeco.be/products/artek-kiki-bench-1-seater
artek-kiki-bench-2-seater,Banc Kiki 2 places,ACTIVE,Banc,sieges,Ilmari Tapiovaara,1960,Fabriqué en Hongrie / Édité par Artek,8,3,1,3,5,8,"Classes de revêtement sans choix du tissu ni de la couleur, et photos de coloris précis rattachées à des classes : le client ne peut pas savoir ce qu'il commande ; fiche par ailleurs sans dimensions ni matière.",https://www.artek.fi/en/products/kiki-bench,https://www.mikadodeco.be/products/artek-kiki-bench-2-seater
artek-kiki-bench-3-seater,Banc Kiki 3 places,ACTIVE,Banc,sieges,Ilmari Tapiovaara,1960,Fabriqué en Hongrie / Édité par Artek,8,2,1,3,6,8,"Classes de revêtement sans choix du tissu ni de la couleur, et photos de coloris précis rattachées à des classes : le client ne peut pas savoir ce qu'il commande ; fiche par ailleurs sans dimensions ni matière.",https://www.artek.fi/en/products/kiki-bench,https://www.mikadodeco.be/products/artek-kiki-bench-3-seater
artek-domus-chair-seat-upholstered,Chaise Domus assise rembourrée,ACTIVE,Chaise,sieges,Ilmari Tapiovaara,1946,—,3,5,0,2,5,8,"3 variantes conformes et bien illustrées, mais les 2 ambiances montrent une Domus entièrement rembourrée en cuir clair ; libellés et prix à harmoniser.",https://www.artek.fi/en/products/domus-chair,https://www.mikadodeco.be/products/artek-domus-chair-seat-upholstered
artek-rival-chair-kg002,Chaise de bureau Rival KG002,ACTIVE,Chaise de bureau,sieges,Konstantin Grcic,2014,—,4,12,2,2,7,9,"Fiche à reprendre : la photo principale annonce du tricot gris clair mais montre du cuir caramel, le piètement n'est pas un choix possible et les packshots mélangent les couleurs de structure.",https://www.artek.fi/en/products/rival-chair,https://www.mikadodeco.be/products/artek-rival-chair-kg002
artek-armchair-400,Fauteuil 400 Tank,ACTIVE,Fauteuil,sieges,Alvar Aalto,1936,Fabriqué en Finlande,3,7,0,2,5,6,"Les trois packshots de variantes sont justes ; le Zebra n’est pas qualifié (noir/blanc ou brun/blanc) et dimensions, matière et coût manquent.",https://www.artek.fi/en/products/armchair-400-tank,https://www.mikadodeco.be/products/artek-armchair-400
artek-armchair-401,Fauteuil 401,ACTIVE,Fauteuil,sieges,Alvar Aalto,1933,Fabriqué en Finlande,2,4,0,2,5,3,"Les deux packshots de variantes sont justes ; une photo de galerie montre surtout un 402 ; dimensions et matière manquent.",https://www.artek.fi/en/products/armchair-401,https://www.mikadodeco.be/products/artek-armchair-401
artek-armchair-402,Fauteuil 402,ACTIVE,Fauteuil,sieges,Alvar Aalto,1933,Fabriqué en Finlande,3,5,0,2,5,6,"Les trois variantes sont bien photographiées (Zebra teinté miel, Nubia, Polo) ; il manque dimensions, matière et coût du Zebra, et le produit est absent de la boutique en ligne Shopify et de Meta.",https://www.artek.fi/en/products/armchair-402,https://www.mikadodeco.be/products/artek-armchair-402
artek-day-bed-710-back-cushions,Coussins dossier pour lit de repos 710 (Lot de 2),DRAFT,Coussin,decoration,Alvar Aalto,1933,—,7,0,0,10,13,7,"Fiche en brouillon, sans photo ni coût. Le revêtement n'est choisi que par classe de prix, sans tissu ni couleur. Le type « Coussin » la placerait parmi les coussins déco.",https://www.artek.fi/en/products/day-bed-710,https://www.mikadodeco.be/products/artek-day-bed-710-back-cushions
artek-day-bed-710-frame,Lit de repos 710,ACTIVE,Lit de repos,—,Alvar Aalto,1933,—,1,2,2,5,7,7,"Fiche active qui vend le cadre seul (1 230 €) avec des photos du lit complet, matelas et coussins compris. Ces deux accessoires étant en brouillon, le client ne peut pas acheter un lit de repos utilisable.",https://www.artek.fi/en/products/day-bed-710,https://www.mikadodeco.be/products/artek-day-bed-710-frame
artek-day-bed-710-mattress,Matelas pour lit de repos 710,DRAFT,Matelas,—,Alvar Aalto,1933,—,7,0,0,12,12,7,"Fiche en brouillon, sans photo ni coût. Le tissu est impossible à choisir, le cuir est annoncé mais absent, et le type « Matelas » ne correspond à aucune famille. Or ce produit est indispensable pour que le cadre actif soit utilisable.",https://www.artek.fi/en/products/day-bed-710,https://www.mikadodeco.be/products/artek-day-bed-710-mattress
artek-domus-lounge-chair-upholstered,Fauteuil Domus rembourré,ACTIVE,Fauteuil,sieges,Ilmari Tapiovaara,1946,—,2,2,1,2,7,5,"La photo de la variante chêne montre un Domus en bouleau verni ; l’origine, les dimensions, la matière et toute ambiance manquent.",https://www.artek.fi/en/products/domus-lounge-chair,https://www.mikadodeco.be/products/artek-domus-lounge-chair-upholstered
artek-kaari-desk-reb005,Bureau Kaari REB005 150 × 65 cm,ACTIVE,Bureau,tables,Ronan & Erwan Bouroullec,2015,—,4,8,0,2,5,8,"Variantes et photos exactes ; manquent dimensions (hauteur), origine, usage, matière.",https://www.artek.fi/en/products/kaari-desk,https://www.mikadodeco.be/products/artek-kaari-desk-reb005
artek-kaari-reb006,Console murale Kaari REB006,ACTIVE,Console,—,Ronan & Erwan Bouroullec,2015,—,6,9,2,4,6,10,"Deux photos de variantes inversées (linoléum rouge : chêne naturel ↔ noir) ; produit absent du menu ; libellés incohérents ; dimensions/origine absentes.",https://www.artek.fi/en/products/kaari-wall-console,https://www.mikadodeco.be/products/artek-kaari-reb006
artek-kaari-table-rectangular-reb001,Table Kaari REB001 200 × 85 cm,ACTIVE,Table,tables,Ronan & Erwan Bouroullec,2015,—,6,8,0,2,6,6,"Six variantes conformes à Artek, chaque photo correspond ; manquent sous-catégorie, dimensions complètes, origine.",https://www.artek.fi/en/products/kaari-table-rectangular,https://www.mikadodeco.be/products/artek-kaari-table-rectangular-reb001
artek-kaari-table-rectangular-reb002,Table Kaari REB002 240 × 90 cm,ACTIVE,Table,tables,Ronan & Erwan Bouroullec,2015,—,6,7,0,2,6,6,"Variantes et photos exactes ; une seule ambiance ; manquent sous-catégorie, dimensions complètes, origine.",https://www.artek.fi/en/products/kaari-table-rectangular,https://www.mikadodeco.be/products/artek-kaari-table-rectangular-reb002
artek-kaari-table-rectangular-reb012,Table Kaari REB012 160 × 80 cm,ACTIVE,Table,tables,Ronan & Erwan Bouroullec,2015,—,6,10,0,2,6,7,"Variantes et photos exactes ; galerie correcte ; manquent sous-catégorie, dimensions complètes, origine.",https://www.artek.fi/en/products/kaari-table-rectangular,https://www.mikadodeco.be/products/artek-kaari-table-rectangular-reb012
artek-kaari-table-round-reb003,Table Kaari REB003 Ø 80 cm,ACTIVE,Table,tables,Ronan & Erwan Bouroullec,2015,—,6,7,0,2,6,6,"Variantes et photos exactes ; seule ambiance = photo de groupe où la table est minuscule ; manquent sous-catégorie, dimensions, origine.",https://www.artek.fi/en/products/kaari-table-round,https://www.mikadodeco.be/products/artek-kaari-table-round-reb003
artek-kaari-table-round-reb004,Table Kaari REB004 Ø 110 cm,ACTIVE,Table,tables,Ronan & Erwan Bouroullec,2015,—,6,8,3,2,9,7,Trois variantes affichent la mauvaise photo (dont une finition linoléum bleu non vendue) et plusieurs alts sont faux : le client voit une autre finition que celle commandée.,https://www.artek.fi/en/products/kaari-table-round,https://www.mikadodeco.be/products/artek-kaari-table-round-reb004
artek-kaari-table-square-reb011,Table Kaari REB011 75 × 75 cm,ACTIVE,Table,tables,Ronan & Erwan Bouroullec,2015,—,6,7,0,2,6,5,"Six variantes conformes et photos exactes ; manquent sous-catégorie, dimensions complètes, origine.",https://www.artek.fi/en/products/kaari-table-square,https://www.mikadodeco.be/products/artek-kaari-table-square-reb011
artek-karuselli-lounge-chair,Fauteuil Karuselli,ACTIVE,Fauteuil,sieges,Yrjö Kukkapuro,1964,Fabriqué en Finlande,1,3,0,4,3,5,"Fiche à variante unique qui ne dit pas ce qui est vendu (très probablement cuir noir sur coque blanche) ; dimensions et matière manquent.",https://www.artek.fi/en/products/karuselli-lounge-chair,https://www.mikadodeco.be/products/artek-karuselli-lounge-chair
artek-karuselli-ottoman,Repose-pieds Karuselli,ACTIVE,Repose-pieds,sieges,Yrjö Kukkapuro,1964,Fabriqué en Finlande,1,4,0,4,5,7,"Variante unique non qualifiée (cuir noir d’après les photos) ; la galerie contient un doublon et un packshot du fauteuil seul ; le tag « fauteuil » est faux.",https://www.artek.fi/en/products/karuselli-ottoman,https://www.mikadodeco.be/products/artek-karuselli-ottoman
artek-kiki-lounge-chair,Fauteuil Kiki,ACTIVE,Fauteuil,sieges,Ilmari Tapiovaara,1960,Fabriqué en Hongrie,8,4,2,2,5,8,"Les classes de revêtement ne permettent pas de choisir tissu ni couleur, et les photos associées montrent un vert et un noir précis ; dimensions et matière manquent.",https://www.artek.fi/en/products/kiki-lounge-chair,https://www.mikadodeco.be/products/artek-kiki-lounge-chair
artek-kiki-sofa-2-seater,Canapé Kiki 2 places,ACTIVE,Canapé,sieges,Ilmari Tapiovaara,1960,—,8,4,2,2,7,8,"Mêmes classes de revêtement sans choix du tissu ni de la couleur ; chaque classe de cuir est illustrée par une couleur différente ; origine Hongrie absente et catégorie « objets » côté site.",https://www.artek.fi/en/products/kiki-sofa,https://www.mikadodeco.be/products/artek-kiki-sofa-2-seater
artek-kiki-sofa-3-seater,Canapé Kiki 3 places,ACTIVE,Canapé,sieges,Ilmari Tapiovaara,1960,—,8,4,2,2,7,9,"Mêmes classes de revêtement sans choix du tissu ni de la couleur ; chaque classe de cuir est illustrée par une couleur différente ; origine Hongrie absente et catégorie « objets » côté site.",https://www.artek.fi/en/products/kiki-sofa,https://www.mikadodeco.be/products/artek-kiki-sofa-3-seater
cache-pot-riihitie-20-5-x-16-cm,Cache-pot Riihitie 21 × 16 cm,ACTIVE,Cache-pot,decoration,Aino Aalto,—,—,6,13,0,0,8,9,"Photos de variantes justes (forme et glaçure). En revanche, le titre « 21 × 16 cm » ne vaut que pour la forme A, et l'année, l'origine et la matière manquent.","https://www.artek.fi/en/products/riihitie-plant-pot-a ; https://www.artek.fi/en/products/riihitie-plant-pot-b",https://www.mikadodeco.be/products/cache-pot-riihitie-20-5-x-16-cm
cache-pot-riihitie-28-x-23-cm,Cache-pot Riihitie 28 × 23 cm,ACTIVE,Cache-pot,decoration,Aino Aalto,—,—,3,6,0,0,8,7,"Photos, variantes et dimensions conformes à Artek. Une ambiance montre la petite taille, et l'année, l'origine et la matière manquent.",https://www.artek.fi/en/products/riihitie-plant-pot-b,https://www.mikadodeco.be/products/cache-pot-riihitie-28-x-23-cm
cache-pot-riihitie-40-x-27-cm,Cache-pot Riihitie 40 × 27 cm,ACTIVE,Cache-pot,decoration,Aino Aalto,—,—,3,6,0,0,7,8,"Photos et glaçures conformes. La profondeur du titre (27 cm) diffère du dessin Artek (31 cm), à confirmer ; l'année, l'origine et la matière manquent.",https://www.artek.fi/en/products/riihitie-plant-pot-a,https://www.mikadodeco.be/products/cache-pot-riihitie-40-x-27-cm
affiche-paimio-50-x-70-cm,Affiche Paimio 50 × 70 cm,ACTIVE,Affiche,—,Greige,—,—,1,1,0,3,5,6,"Affiche correcte (photo, texte, 50 × 70). Le tag alvar-aalto la place sur la page Aalto, et l'année ainsi que la matière manquent.",https://www.artek.fi/en/products/paimio-poster-greige,https://www.mikadodeco.be/products/affiche-paimio-50-x-70-cm
affiche-beehive-50-x-70-cm,Affiche Beehive 50 × 70 cm,ACTIVE,Affiche,—,Greige,—,—,1,1,0,3,5,7,"Affiche correcte. Le tag alvar-aalto la place sur la page Aalto, et l'année ainsi que la matière manquent.",https://www.artek.fi/en/products/beehive-poster-greige,https://www.mikadodeco.be/products/affiche-beehive-50-x-70-cm
affiche-tabouret-60-50-x-70-cm,Affiche Tabouret 60 50 × 70 cm,ACTIVE,Affiche,—,Greige,—,—,1,1,0,3,5,7,"Affiche correcte. Le tag alvar-aalto la place sur la page Aalto, et l'année ainsi que la matière manquent. Le titre accole deux nombres (« Tabouret 60 50 × 70 »).",https://www.artek.fi/en/products/stool-60-poster-greige,https://www.mikadodeco.be/products/affiche-tabouret-60-50-x-70-cm
affiche-aalto-chronology-50-x-70-cm,Affiche Aalto Chronology 50 × 70 cm,ACTIVE,Affiche,—,—,—,—,1,1,0,1,7,5,"Affiche sans graphiste crédité chez Artek. Elle apparaît sur la page Alvar Aalto par son tag (et par la collection automatique « Aalto » dans le titre), alors qu'elle est un hommage à Aalto et non une création de lui.",https://www.artek.fi/en/products/aalto-chronology-poster,https://www.mikadodeco.be/products/affiche-aalto-chronology-50-x-70-cm
affiche-75-ans-artek-100-x-140-cm,Affiche 75 ans 100 × 140 cm,ACTIVE,Affiche,—,Kustaa Saksi,—,—,1,1,0,1,5,5,"Fiche juste : créateur, format 100 × 140 et texte conformes à Artek. Seules manquent l'année (2010) et la matière.",https://www.artek.fi/en/products/artek-75-anniversary-poster-kustaa-saksi,https://www.mikadodeco.be/products/affiche-75-ans-artek-100-x-140-cm
affiche-80-ans-artek-50-x-70-cm,Affiche 80 ans 50 × 70 cm,ACTIVE,Affiche,—,TSTO,—,—,1,1,0,3,7,6,"Créateur et texte justes. Photo principale en basse définition avec des reflets blancs suspects ; le tag alvar-aalto la place sur la page Aalto.",https://shop.artek.fi/products/poster-artek-80-years,https://www.mikadodeco.be/products/affiche-80-ans-artek-50-x-70-cm
affiche-85-ans-artek-50-x-70-cm,Affiche 85 ans 50 × 70 cm,ACTIVE,Affiche,—,Karoliina Hellberg,—,—,1,2,0,3,4,6,"Fiche juste (créatrice, texte, packshot et ambiance encadrée). Le tag alvar-aalto la place sur la page Aalto, et l'année, l'origine et la matière manquent.",https://www.artek.fi/en/products/artek-85-anniversary-poster-karoliina-hellberg,https://www.mikadodeco.be/products/affiche-85-ans-artek-50-x-70-cm
affiche-90-ans-artek-50-x-70-cm,Affiche 90 ans 50 × 70 cm,ACTIVE,Affiche,—,Inka Bell,—,—,1,5,0,3,5,6,"Belle fiche (packshot et 4 ambiances), mais le SEO laisse croire à une sérigraphie gravée au laser alors que l'affiche est imprimée en offset. Le tag alvar-aalto la place sur la page Aalto.",https://www.artek.fi/en/products/artek-90-anniversary-poster,https://www.mikadodeco.be/products/affiche-90-ans-artek-50-x-70-cm
affiche-tea-trolley-900-50-x-70-cm,Affiche Tea Trolley 900 50 × 70 cm,ACTIVE,Affiche,—,—,—,—,1,1,0,3,9,4,"Photo juste (Outline beige). Le créateur TSTO, la série Outline et l'année manquent, et le tag alvar-aalto la place sur la page Aalto.",https://www.artek.fi/en/products/outline-poster-tea-trolley-901-tsto,https://www.mikadodeco.be/products/affiche-tea-trolley-900-50-x-70-cm
chaise-de-bar-atelier-h65,Chaise de bar Atelier H65,ACTIVE,Chaise de bar,sieges,TAF Studio,—,Italie,6,10,0,1,8,12,"6 variantes conformes et photos exactes (65 cm) ; nommé « chaise » alors que c'est un tabouret, hors famille Tabourets, année et matière absentes.",https://www.artek.fi/en/products/atelier-bar-stool,https://www.mikadodeco.be/products/chaise-de-bar-atelier-h65
chaise-de-bar-atelier-h75,Chaise de bar Atelier H75,ACTIVE,Chaise de bar,sieges,TAF Studio,—,Italie,6,10,1,2,8,11,"Photos de la version 65 cm réutilisées sur la H75 et texte « version basse » : la fiche H75 montre et décrit le mauvais produit ; nom « chaise » inexact.",https://www.artek.fi/en/products/atelier-bar-stool,https://www.mikadodeco.be/products/chaise-de-bar-atelier-h75
chaise-de-bar-64-h65,Chaise de bar 64 H65,ACTIVE,Chaise de bar,sieges,Alvar Aalto,—,Finlande,5,6,0,2,5,11,"Finitions exactes, mais le produit est un tabouret de bar (pas une chaise), la description affirme à tort qu'il s'agit de la version la plus haute et toutes les photos sont celles de la version 75 cm.",https://www.artek.fi/en/products/bar-stool-64,https://www.mikadodeco.be/products/chaise-de-bar-64-h65
chaise-de-bar-64-h75,Chaise de bar 64 H75,ACTIVE,Chaise de bar,sieges,Alvar Aalto,—,Finlande,5,6,0,0,6,11,"Finitions exactes et description juste pour cette hauteur ; il s'agit toutefois d'un tabouret de bar (pas d'une chaise), avec des photos identiques à la H65 et le classement « objets ».",https://www.artek.fi/en/products/bar-stool-64,https://www.mikadodeco.be/products/chaise-de-bar-64-h75
table-basse-kiki-60-x-60-cm,Table basse Kiki 60 × 60 cm,ACTIVE,Table basse,tables,Ilmari Tapiovaara,—,Hongrie,1,4,0,0,7,8,"Le bon modèle et la bonne taille sont en photo principale ; libellé de finition incomplet, description fausse (linoléum), hauteur et année absentes.",https://www.artek.fi/en/products/kiki-low-table,https://www.mikadodeco.be/products/table-basse-kiki-60-x-60-cm
table-basse-kiki-100-x-60-cm,Table basse Kiki 100 × 60 cm,ACTIVE,Table basse,tables,Ilmari Tapiovaara,—,Hongrie,1,5,0,0,8,8,"Le bon modèle et la bonne taille sont en photo principale ; libellé de finition incomplet, description fausse (linoléum, « carrée »), hauteur et année absentes.",https://www.artek.fi/en/products/kiki-low-table,https://www.mikadodeco.be/products/table-basse-kiki-100-x-60-cm
table-basse-kiki-140-x-60-cm,Table basse Kiki 140 × 60 cm,ACTIVE,Table basse,tables,Ilmari Tapiovaara,—,Hongrie,1,4,0,0,7,8,"Le bon modèle et la bonne taille sont en photo principale ; libellé de finition incomplet, description fausse (linoléum, « carrée »), hauteur et année absentes.",https://www.artek.fi/en/products/kiki-low-table,https://www.mikadodeco.be/products/table-basse-kiki-140-x-60-cm
