handle,produit Mikado,URL Artek,nom Artek,créateur,année,made in,matières,dimensions (source),statut Artek,variantes Artek
artek-aalto-table-rectangular-80a,Table Aalto 80A 120 × 60 cm,https://www.artek.fi/en/products/aalto-table-rectangular,Aalto Table rectangular — Table 80A,Alvar Aalto,1933,Finlande (plateaux HPL et linoléum) ; Finlande et Allemagne (plateaux placage bouleau),"Pieds et chant du plateau en bouleau massif ; âme du plateau en bouleau massif, aggloméré ou nid d'abeille ; surface en placage bouleau, stratifié HPL blanc « IKI » ou linoléum","120 × 60 cm, H 74 cm, plateau 4 cm, 4 pieds L (dessin coté artek.fi + https://www.artek.fi/downloads/Artek-Aalto-Tables_shapes-sizes-surfaces.pdf)",en catalogue,Birch natural lacquered (plateau placage bouleau) | HPL white “IKI” (lamifié blanc) | Linoleum black (linoléum noir)
artek-aalto-table-rectangular-80b,Table Aalto 80B 100 × 60 cm,https://www.artek.fi/en/products/aalto-table-rectangular,Aalto Table rectangular — Table 80B,Alvar Aalto,1933,Finlande (plateaux HPL et linoléum) ; Finlande et Allemagne (plateaux placage bouleau),"Pieds et chant du plateau en bouleau massif ; âme du plateau en bouleau massif, aggloméré ou nid d'abeille ; surface en placage bouleau, stratifié HPL blanc « IKI » ou linoléum","100 × 60 cm, H 74 cm, plateau 4 cm, 4 pieds L (dessin coté artek.fi + https://www.artek.fi/downloads/Artek-Aalto-Tables_shapes-sizes-surfaces.pdf)",en catalogue,Birch natural lacquered (plateau placage bouleau) | HPL white “IKI” (lamifié blanc) | Linoleum black (linoléum noir)
artek-aalto-table-rectangular-81a,Table Aalto 81A 150 × 75 cm,https://www.artek.fi/en/products/aalto-table-rectangular,Aalto Table rectangular — Table 81A,Alvar Aalto,1933,Finlande (plateaux HPL et linoléum) ; Finlande et Allemagne (plateaux placage bouleau),"Pieds et chant du plateau en bouleau massif ; âme du plateau en bouleau massif, aggloméré ou nid d'abeille ; surface en placage bouleau, stratifié HPL blanc « IKI » ou linoléum","150 × 75 cm, H 74 cm, plateau 4 cm, 4 pieds L (dessin coté artek.fi + https://www.artek.fi/downloads/Artek-Aalto-Tables_shapes-sizes-surfaces.pdf)",en catalogue,Birch natural lacquered (plateau placage bouleau) | HPL white “IKI” (lamifié blanc) | Linoleum black (linoléum noir)
artek-aalto-table-rectangular-81b,Table Aalto 81B 120 × 75 cm,https://www.artek.fi/en/products/aalto-table-rectangular,Aalto Table rectangular — Table 81B,Alvar Aalto,1933,Finlande (plateaux HPL et linoléum) ; Finlande et Allemagne (plateaux placage bouleau),"Pieds et chant du plateau en bouleau massif ; âme du plateau en bouleau massif, aggloméré ou nid d'abeille ; surface en placage bouleau, stratifié HPL blanc « IKI » ou linoléum","120 × 75 cm, H 74 cm, plateau 4 cm, 4 pieds L (dessin coté artek.fi + https://www.artek.fi/downloads/Artek-Aalto-Tables_shapes-sizes-surfaces.pdf)",en catalogue,Birch natural lacquered (plateau placage bouleau) | HPL white “IKI” (lamifié blanc) | Linoleum black (linoléum noir) | Wild birch (bouleau sauvage)
artek-aalto-table-rectangular-82a,Table Aalto 82A 150 × 85 cm,https://www.artek.fi/en/products/aalto-table-rectangular,Aalto Table rectangular — Table 82A,Alvar Aalto,1933,Finlande (plateaux HPL et linoléum) ; Finlande et Allemagne (plateaux placage bouleau),"Pieds et chant du plateau en bouleau massif ; âme du plateau en bouleau massif, aggloméré ou nid d'abeille ; surface en placage bouleau, stratifié HPL blanc « IKI » ou linoléum","150 × 85 cm, H 74 cm, plateau 5 cm, 4 pieds L (dessin coté artek.fi + https://www.artek.fi/downloads/Artek-Aalto-Tables_shapes-sizes-surfaces.pdf)",en catalogue,Birch natural lacquered (plateau placage bouleau) | HPL white “IKI” (lamifié blanc) | Linoleum black (linoléum noir)
artek-aalto-table-rectangular-82b,Table Aalto 82B 135 × 85 cm,https://www.artek.fi/en/products/aalto-table-rectangular,Aalto Table rectangular — Table 82B,Alvar Aalto,1933,Finlande (plateaux HPL et linoléum) ; Finlande et Allemagne (plateaux placage bouleau),"Pieds et chant du plateau en bouleau massif ; âme du plateau en bouleau massif, aggloméré ou nid d'abeille ; surface en placage bouleau, stratifié HPL blanc « IKI » ou linoléum","135 × 85 cm, H 74 cm, plateau 5 cm, 4 pieds L (dessin coté artek.fi + https://www.artek.fi/downloads/Artek-Aalto-Tables_shapes-sizes-surfaces.pdf)",en catalogue,Birch natural lacquered (plateau placage bouleau) | HPL white “IKI” (lamifié blanc) | Linoleum black (linoléum noir)
artek-aalto-table-rectangular-83,Table Aalto 83 182 × 91 cm,https://www.artek.fi/en/products/aalto-table-rectangular,Aalto Table rectangular — Table 83,Alvar Aalto,1933,Finlande (plateaux HPL et linoléum) ; Finlande et Allemagne (plateaux placage bouleau),"Pieds et chant du plateau en bouleau massif ; âme du plateau en bouleau massif, aggloméré ou nid d'abeille ; surface en placage bouleau, stratifié HPL blanc « IKI » ou linoléum","182 × 91 cm, H 74 cm, plateau 5 cm, 4 pieds L (dessin coté artek.fi + https://www.artek.fi/downloads/Artek-Aalto-Tables_shapes-sizes-surfaces.pdf)",en catalogue,"Birch natural lacquered (plateau placage bouleau) | HPL white “IKI” (lamifié blanc) | Linoleum black (linoléum noir) | Walnut stained (pieds bouleau teinté noyer, plateau placage chêne teinté noyer) | Wild birch (bouleau sauvage)"
artek-aalto-table-rectangular-86,Table Aalto 86 210 × 100 cm,https://www.artek.fi/en/products/aalto-table-rectangular,Aalto Table rectangular — Table 86,Alvar Aalto,1933,Finlande (plateaux HPL et linoléum) ; Finlande et Allemagne (plateaux placage bouleau),"Pieds et chant du plateau en bouleau massif ; âme du plateau en bouleau massif, aggloméré ou nid d'abeille ; surface en placage bouleau, stratifié HPL blanc « IKI » ou linoléum","210 × 100 cm, H 74 cm, plateau 5 cm, 4 pieds L (dessin coté artek.fi + https://www.artek.fi/downloads/Artek-Aalto-Tables_shapes-sizes-surfaces.pdf)",en catalogue,Birch natural lacquered (plateau placage bouleau) | HPL white “IKI” (lamifié blanc) | Linoleum black (linoléum noir)
artek-aalto-table-rectangular-86a,Table Aalto 86A 240 × 100 cm,https://www.artek.fi/en/products/aalto-table-rectangular,Aalto Table rectangular — Table 86A,Alvar Aalto,1933,Finlande (plateaux HPL et linoléum) ; Finlande et Allemagne (plateaux placage bouleau),"Pieds et chant du plateau en bouleau massif ; âme du plateau en bouleau massif, aggloméré ou nid d'abeille ; surface en placage bouleau, stratifié HPL blanc « IKI » ou linoléum","240 × 100 cm, H 74 cm, plateau 5 cm, 4 pieds L (dessin coté artek.fi + https://www.artek.fi/downloads/Artek-Aalto-Tables_shapes-sizes-surfaces.pdf)",en catalogue,Birch natural lacquered (plateau placage bouleau) | HPL white “IKI” (lamifié blanc) | Linoleum black (linoléum noir)
artek-aalto-table-square-80c,Table Aalto 80C 60 × 60 cm,https://www.artek.fi/en/products/aalto-table-square,Aalto Table square — Table 80C,Alvar Aalto,1933,Finlande (plateaux HPL et linoléum) ; Finlande et Allemagne (plateaux placage bouleau),"Pieds et chant du plateau en bouleau massif ; âme du plateau en bouleau massif, aggloméré ou nid d'abeille ; surface en placage bouleau, stratifié HPL blanc « IKI » ou linoléum","60 × 60 cm, H 74 cm, plateau 4 cm, 4 pieds L (dessin coté artek.fi + https://www.artek.fi/downloads/Artek-Aalto-Tables_shapes-sizes-surfaces.pdf)",en catalogue,Birch natural lacquered (plateau placage bouleau) | HPL white “IKI” (lamifié blanc) | Linoleum black (linoléum noir)
artek-aalto-table-square-81c,Table Aalto 81C 75 × 75 cm,https://www.artek.fi/en/products/aalto-table-square,Aalto Table square — Table 81C,Alvar Aalto,1933,Finlande (plateaux HPL et linoléum) ; Finlande et Allemagne (plateaux placage bouleau),"Pieds et chant du plateau en bouleau massif ; âme du plateau en bouleau massif, aggloméré ou nid d'abeille ; surface en placage bouleau, stratifié HPL blanc « IKI » ou linoléum","75 × 75 cm, H 74 cm, plateau 4 cm, 4 pieds L (dessin coté artek.fi + https://www.artek.fi/downloads/Artek-Aalto-Tables_shapes-sizes-surfaces.pdf)",en catalogue,Birch natural lacquered (plateau placage bouleau) | HPL white “IKI” (lamifié blanc) | Linoleum black (linoléum noir)
artek-aalto-table-square-84,Table Aalto 84 120 × 120 cm,https://www.artek.fi/en/products/aalto-table-square,Aalto Table square — Table 84,Alvar Aalto,1933,Finlande (plateaux HPL et linoléum) ; Finlande et Allemagne (plateaux placage bouleau),"Pieds et chant du plateau en bouleau massif ; âme du plateau en bouleau massif, aggloméré ou nid d'abeille ; surface en placage bouleau, stratifié HPL blanc « IKI » ou linoléum","120 × 120 cm, H 74 cm, plateau 4 cm, 4 pieds L (dessin coté artek.fi + https://www.artek.fi/downloads/Artek-Aalto-Tables_shapes-sizes-surfaces.pdf)",en catalogue,Birch natural lacquered (plateau placage bouleau) | HPL white “IKI” (lamifié blanc) | Linoleum black (linoléum noir)
artek-aalto-table-round-90a,Table Aalto 90A Ø 100 cm,https://www.artek.fi/en/products/aalto-table-round,Aalto Table round — Table 90A,Alvar Aalto,1933,Finlande (plateaux HPL et linoléum) ; Finlande et Allemagne (plateaux placage bouleau),"Pieds et chant du plateau en bouleau massif ; âme du plateau en bouleau massif, aggloméré ou nid d'abeille ; surface en placage bouleau, stratifié HPL blanc « IKI » ou linoléum","Ø 100 cm, H 74 cm, plateau 4 cm, 4 pieds L (dessin coté artek.fi + https://www.artek.fi/downloads/Artek-Aalto-Tables_shapes-sizes-surfaces.pdf)",en catalogue,Birch natural lacquered (plateau placage bouleau) | HPL white “IKI” (lamifié blanc) | Linoleum black (linoléum noir) | Wild birch (bouleau sauvage)
artek-aalto-table-round-90b,Table Aalto 90B Ø 75 cm,https://www.artek.fi/en/products/aalto-table-round,Aalto Table round — Table 90B,Alvar Aalto,1933,Finlande (plateaux HPL et linoléum) ; Finlande et Allemagne (plateaux placage bouleau),"Pieds et chant du plateau en bouleau massif ; âme du plateau en bouleau massif, aggloméré ou nid d'abeille ; surface en placage bouleau, stratifié HPL blanc « IKI » ou linoléum","Ø 75 cm, H 74 cm, plateau 4 cm, 3 pieds L (dessin coté artek.fi + https://www.artek.fi/downloads/Artek-Aalto-Tables_shapes-sizes-surfaces.pdf)",en catalogue,Birch natural lacquered (plateau placage bouleau) | HPL white “IKI” (lamifié blanc) | Linoleum black (linoléum noir) | Wild birch (bouleau sauvage)
artek-aalto-table-round-91,Table Aalto 91 Ø 125 cm,https://www.artek.fi/en/products/aalto-table-round,Aalto Table round — Table 91,Alvar Aalto,1933,Finlande (plateaux HPL et linoléum) ; Finlande et Allemagne (plateaux placage bouleau),"Pieds et chant du plateau en bouleau massif ; âme du plateau en bouleau massif, aggloméré ou nid d'abeille ; surface en placage bouleau, stratifié HPL blanc « IKI » ou linoléum","Ø 125 cm, H 74 cm, plateau 5 cm, 4 pieds L (dessin coté artek.fi + https://www.artek.fi/downloads/Artek-Aalto-Tables_shapes-sizes-surfaces.pdf)",en catalogue,"Birch natural lacquered (plateau placage bouleau) | HPL white “IKI” (lamifié blanc) | Linoleum black (linoléum noir) | Walnut stained (pieds bouleau teinté noyer, plateau placage chêne teinté noyer)"
artek-aalto-table-half-round-95,Table demi-ronde Aalto 95 120 × 60 cm,https://www.artek.fi/en/products/aalto-table-half-round,Aalto Table half-round — Table 95,Alvar Aalto,1933,Finlande (plateaux HPL et linoléum) ; Finlande et Allemagne (plateaux placage bouleau),"Pieds et chant du plateau en bouleau massif ; âme du plateau en bouleau massif, aggloméré ou nid d'abeille ; surface en placage bouleau, stratifié HPL blanc « IKI » ou linoléum","120 × 60 cm, H 74 cm, plateau 4 cm, 3 pieds L (dessin coté artek.fi + https://www.artek.fi/downloads/Artek-Aalto-Tables_shapes-sizes-surfaces.pdf)",en catalogue,Birch natural lacquered (plateau placage bouleau) | HPL white “IKI” (lamifié blanc) | Linoleum black (linoléum noir)
artek-aalto-table-half-round-96,Table demi-ronde Aalto 96 150 × 75 cm,https://www.artek.fi/en/products/aalto-table-half-round,Aalto Table half-round — Table 96,Alvar Aalto,1933,Finlande (plateaux HPL et linoléum) ; Finlande et Allemagne (plateaux placage bouleau),"Pieds et chant du plateau en bouleau massif ; âme du plateau en bouleau massif, aggloméré ou nid d'abeille ; surface en placage bouleau, stratifié HPL blanc « IKI » ou linoléum","150 × 75 cm, H 74 cm, plateau 4 cm, 4 pieds L (dessin coté artek.fi + https://www.artek.fi/downloads/Artek-Aalto-Tables_shapes-sizes-surfaces.pdf)",en catalogue,Birch natural lacquered (plateau placage bouleau) | HPL white “IKI” (lamifié blanc) | Linoleum black (linoléum noir)
artek-aalto-table-extendable-97,Table à rallonge Aalto 97 135/190 × 85 cm,https://www.artek.fi/en/products/aalto-table-extendable,Aalto Table extendable — Table 97,Alvar Aalto,1956,Finlande (plateaux HPL et linoléum) ; Finlande et Allemagne (plateaux placage bouleau),"Pieds et chant du plateau en bouleau massif ; âme du plateau en bouleau massif, aggloméré ou nid d'abeille ; surface en placage bouleau, stratifié HPL blanc « IKI » ou linoléum","135 × 85 cm fermée, 190 × 85 cm avec rallonge, H 74 cm, plateau 5 cm, 4 pieds L (dessin coté artek.fi + https://www.artek.fi/downloads/Artek-Aalto-Tables_shapes-sizes-surfaces.pdf)",en catalogue,Birch natural lacquered (plateau placage bouleau) | HPL white “IKI” (lamifié blanc)
artek-aalto-table-foldable-dl81c,Table pliante Aalto DL81C 75/113 × 75 cm,https://www.artek.fi/en/products/aalto-table-foldable,Aalto Table foldable — Table DL81C,Alvar Aalto,1933,Finlande (plateaux HPL et linoléum) ; Finlande et Allemagne (plateaux placage bouleau),"Pieds et chant du plateau en bouleau massif ; âme du plateau en bouleau massif, aggloméré ou nid d'abeille ; surface en placage bouleau, stratifié HPL blanc « IKI » ou linoléum","75 × 75 cm abattant replié, 112,5 × 75 cm abattant déplié, H 74 cm, plateau 4 cm, 4 pieds L (dessin coté artek.fi + https://www.artek.fi/downloads/Artek-Aalto-Tables_shapes-sizes-surfaces.pdf)",en catalogue,"Birch natural lacquered (plateau placage bouleau) | HPL white “IKI” (lamifié blanc) | Linoleum black (linoléum noir) | Linoleum pistachio/olive (bicolore, édition limitée) | Linoleum vapour/smokey blue (bicolore, édition limitée) | Linoleum clay/walnut (bicolore, édition limitée)"
artek-stool-60,Tabouret 60,https://www.artek.fi/en/products/stool-60,Stool 60,Alvar Aalto,1933,Finland,"Trois pieds et chant d'assise en bouleau massif ; âme d'assise bouleau massif ou contreplaqué ; surface bouleau, HPL, linoléum, tissu ou cuir. Empilable.","Ø assise 35 cm, encombrement 38 cm, H 44 cm (cotes lues dans les identifiants « number_* » du schéma SVG « Materials and Dimensions » de la page artek.fi ; fiche PDF https://www.artek.fi/downloads/Stool-60-Stool-E60-Childrens-Stool-NE60-Factsheet-1842298.pdf : 38 × H44)",en catalogue,"Pieds bouleau verni / assise bouleau verni | Pieds bouleau sauvage / assise bouleau | Pieds verni / assise HPL IKI blanc | Pieds verni / assise linoléum noir | Pieds verni / assise laquée noir, blanc, orange, jaune, vert, pétrole, rouge, bleu, gris | Entièrement laqué noir | Entièrement laqué blanc | Entièrement teinté miel | Entièrement teinté noyer | Assise cuir Sörensen beige / cognac | Assise tissu Zebra (noir/blanc, brun/blanc)"
artek-stool-e60,Tabouret E60,https://www.artek.fi/en/products/stool-e60,Stool E60,Alvar Aalto,1934,Finland,"Quatre pieds et chant d'assise en bouleau massif ; âme bouleau massif ou contreplaqué ; surface bouleau, HPL, linoléum, tissu ou cuir. Empilable.","Ø assise 35 cm, encombrement 42 cm, H 44 cm (cotes lues dans les identifiants « number_* » du schéma SVG « Materials and Dimensions » de la page artek.fi)",en catalogue,"Pieds verni / assise bouleau verni | Pieds bouleau sauvage / assise bouleau | Pieds verni / assise HPL IKI blanc | Pieds verni / assise linoléum noir | Pieds verni / assise laquée blanc, noir, orange, jaune, vert, pétrole, rouge, bleu, gris | Entièrement laqué noir | Entièrement laqué blanc | Entièrement teinté miel | Entièrement teinté noyer | Assise cuir beige / brun | Assise tissu Kvadrat Tonus 4 / 216 | Assise tissu Zebra"
artek-childrens-stool-ne60,Tabouret enfant NE60,https://www.artek.fi/en/products/childrens-stool-ne60,Children's Stool NE60,Alvar Aalto,1934,Finland,"Quatre pieds et chant d'assise en bouleau massif ; surface bouleau, HPL, linoléum, tissu. Empilable.","H 38 cm, encombrement 38 cm (cotes lues dans les identifiants « number_* » du schéma SVG « Materials and Dimensions » de la page artek.fi : 38 / 38 ; fiche PDF https://www.artek.fi/downloads/Stool-60-Stool-E60-Childrens-Stool-NE60-Factsheet-1842298.pdf : 38 × H38)",en catalogue,Assise bouleau verni | Assise HPL IKI blanc | Assise linoléum noir | Assise tissu Zebra
artek-high-chair-k65,Chaise de bar K65,https://www.artek.fi/en/products/high-chair-k65,High Chair K65,Alvar Aalto,1935 (fiche PDF 2014 : 1936),Finland,"Pieds et chant d'assise bouleau massif ; dossier contreplaqué de bouleau cintré ; repose-pieds lamelles de bouleau cintrées ; surface bouleau, HPL, linoléum, tissu ou cuir.","H 70 cm, hauteur d'assise 59,5 cm, 40 cm (cotes lues dans les identifiants « number_* » du schéma SVG « Materials and Dimensions » de la page artek.fi : 70 / 59,5 / 40 / 30 ; fiche PDF https://www.artek.fi/downloads/Bar-Stool-64-High-Chair-K65-Factsheet-1848397.pdf : 60 et 70)",en catalogue,Bouleau verni / assise bouleau | Bouleau verni / assise linoléum noir | Bouleau verni / assise HPL IKI blanc | Entièrement laqué blanc | Entièrement laqué noir | Assise tissu Kvadrat Tonus 4 | Assise cuir Sörensen beige
artek-rocket-bar-stool,Tabouret de bar Rocket,https://www.artek.fi/en/products/rocket-bar-stool,Rocket Bar Stool,Eero Aarnio,1995,Lithuania,Pieds et assise en chêne massif.,"H 73 cm, encombrement 44 cm (cotes lues dans les identifiants « number_* » du schéma SVG « Materials and Dimensions » de la page artek.fi : 73 / 44 ; fiche PDF https://www.artek.fi/downloads/Baby-Rocket-Stool-Rocket-Bar-Stool-Factsheet-1847906.pdf)",en catalogue,Chêne savonné | Chêne laqué noir | Chêne laqué blanc
artek-childrens-chair-n65,Chaise enfant N65,https://www.artek.fi/en/products/childrens-chair-n65,Children's Chair N65,Alvar Aalto,1935,Finland,"Pieds et chant d'assise bouleau massif ; dossier contreplaqué de bouleau cintré ; surface bouleau, HPL, linoléum, tissu, cuir.","l. 35 cm, P. 38 cm, hauteur d'assise 37,5 cm, H 60 cm (cotes lues dans les identifiants « number_* » du schéma SVG « Materials and Dimensions » de la page artek.fi : 35 / 38 / 37,5 / 60 ; fiche PDF https://www.artek.fi/downloads/Chair-65-Childrens-Chair-N65-Factsheet-1843105.pdf)",en catalogue,Assise bouleau verni | Assise HPL IKI blanc | Assise linoléum noir | Assise tissu Kvadrat Tonus 4 | Assise cuir Sörensen beige
artek-aalto-table-rectangular-80a-60cm,Table enfant Aalto 80A 120 × 60 cm H60,https://www.artek.fi/en/products/aalto-childrens-table-rectangular,Aalto Children's Table rectangular 80A,Alvar Aalto,1933,Plateau bouleau : Finlande et Allemagne ; plateau HPL ou linoléum : Finlande,"Pieds et chant du plateau bouleau massif ; âme bouleau massif, aggloméré ou nid d'abeille ; surface placage bouleau, HPL, linoléum.","120 × 60 cm, H 60 cm (cotes lues dans les identifiants « number_* » du schéma SVG « Materials and Dimensions » de la page artek.fi : 60 / 60 / 4 / 103,5 / 120)",en catalogue,Pieds verni / plateau bouleau verni | Pieds verni / plateau HPL IKI blanc | Pieds verni / plateau linoléum noir
artek-aalto-table-rectangular-80b-60cm,Table enfant Aalto 80B 100 × 60 cm H60,https://www.artek.fi/en/products/aalto-childrens-table-rectangular,Aalto Table rectangular 80B (pas en version enfant sur artek.fi),Alvar Aalto,1933,Plateau bouleau : Finlande et Allemagne ; plateau HPL ou linoléum : Finlande,"Pieds et chant du plateau bouleau massif ; âme bouleau massif, aggloméré ou nid d'abeille ; surface placage bouleau, HPL, linoléum.","Adulte 80B : 100 × 60 cm, H 74 cm (cotes lues dans les identifiants « number_* » du schéma SVG « Materials and Dimensions » de la page artek.fi, aalto-table-rectangular) ; aucune version H60 publiée",introuvable en version enfant sur artek.fi (à confirmer auprès d'Artek),"artek.fi, page enfant rectangulaire : seuls 80A, 81A, 81B"
artek-aalto-table-rectangular-81a-60cm,Table enfant Aalto 81A 150 × 75 cm H60,https://www.artek.fi/en/products/aalto-childrens-table-rectangular,Aalto Children's Table rectangular 81A,Alvar Aalto,1933,Plateau bouleau : Finlande et Allemagne ; plateau HPL ou linoléum : Finlande,"Pieds et chant du plateau bouleau massif ; âme bouleau massif, aggloméré ou nid d'abeille ; surface placage bouleau, HPL, linoléum.","150 × 75 cm, H 60 cm (cotes lues dans les identifiants « number_* » du schéma SVG « Materials and Dimensions » de la page artek.fi : 60 / 75 / 4 / 133,5 / 150)",en catalogue,Pieds verni / plateau bouleau verni | Pieds verni / plateau HPL IKI blanc | Pieds verni / plateau linoléum noir
artek-aalto-table-rectangular-81b-60cm,Table enfant Aalto 81B 120 × 75 cm H60,https://www.artek.fi/en/products/aalto-childrens-table-rectangular,Aalto Children's Table rectangular 81B,Alvar Aalto,1933,Plateau bouleau : Finlande et Allemagne ; plateau HPL ou linoléum : Finlande,"Pieds et chant du plateau bouleau massif ; âme bouleau massif, aggloméré ou nid d'abeille ; surface placage bouleau, HPL, linoléum.","120 × 75 cm, H 60 cm (cotes lues dans les identifiants « number_* » du schéma SVG « Materials and Dimensions » de la page artek.fi : 60 / 75 / 4 / 103,5 / 120)",en catalogue,Pieds verni / plateau bouleau verni | Pieds verni / plateau HPL IKI blanc | Pieds verni / plateau linoléum noir
artek-aalto-table-square-80c-60cm,Table enfant Aalto 80C 60 × 60 cm H60,https://www.artek.fi/en/products/aalto-childrens-table-square,Aalto Table square 80C (pas en version enfant sur artek.fi),Alvar Aalto,1933,Plateau bouleau : Finlande et Allemagne ; plateau HPL ou linoléum : Finlande,"Pieds et chant du plateau bouleau massif ; âme bouleau massif, aggloméré ou nid d'abeille ; surface placage bouleau, HPL, linoléum.","Adulte 80C : 60 × 60 cm, H 74 cm (cotes lues dans les identifiants « number_* » du schéma SVG « Materials and Dimensions » de la page artek.fi, aalto-table-square) ; aucune version H60 publiée",introuvable en version enfant sur artek.fi (à confirmer auprès d'Artek),"artek.fi, page enfant carrée : seulement 81C (75 × 75)"
artek-aalto-table-square-81c-60cm,Table enfant Aalto 81C 75 × 75 cm H60,https://www.artek.fi/en/products/aalto-childrens-table-square,Aalto Children's Table square 81C,Alvar Aalto,1933,Plateau bouleau : Finlande et Allemagne ; plateau HPL ou linoléum : Finlande,"Pieds et chant du plateau bouleau massif ; âme bouleau massif, aggloméré ou nid d'abeille ; surface placage bouleau, HPL, linoléum.","75 × 75 cm, H 60 cm (cotes lues dans les identifiants « number_* » du schéma SVG « Materials and Dimensions » de la page artek.fi : 60 / 75 / 4 / 58,5 / 75)",en catalogue,Pieds et chant verni / plateau bouleau verni | Pieds verni / plateau HPL IKI blanc | Pieds verni / plateau linoléum noir
artek-aalto-table-round-90a-60cm,Table enfant Aalto 90A Ø 100 cm H60,https://www.artek.fi/en/products/aalto-childrens-table-round,Aalto Children's Table round (90A),Alvar Aalto,1933,Plateau bouleau : Finlande et Allemagne ; HPL/linoléum : Finlande,"Pieds et chant du plateau bouleau massif ; âme bouleau massif, aggloméré ou nid d'abeille ; surface placage bouleau, HPL, linoléum.","Ø 100 cm, H 60 cm (cotes lues dans les identifiants « number_* » du schéma SVG « Materials and Dimensions » de la page artek.fi : 60 / 4 / 100)",en catalogue,Pieds verni / plateau bouleau verni | Pieds verni / plateau HPL IKI blanc | Pieds verni / plateau linoléum noir
chaise-de-bar-64-h65,Chaise de bar 64 H65,https://www.artek.fi/en/products/bar-stool-64,"Bar Stool 64, 65cm",Alvar Aalto,1935 (fiche PDF : 1934),Finland,"Pieds et chant d'assise bouleau massif ; repose-pieds circulaire en lamelles de bouleau cintrées ; surface bouleau, HPL, linoléum, tissu, cuir.","Hauteur 65 cm, encombrement 52 cm (cotes lues dans les identifiants « number_* » du schéma SVG « Materials and Dimensions » de la page artek.fi)",en catalogue,Bouleau verni / assise bouleau | Bouleau verni / assise linoléum noir | Bouleau verni / assise HPL IKI blanc | Entièrement laqué noir | Entièrement laqué blanc | Assise tissu Kvadrat Tonus 4 | Assise cuir Sörensen beige
chaise-de-bar-64-h75,Chaise de bar 64 H75,https://www.artek.fi/en/products/bar-stool-64,"Bar Stool 64, 75cm",Alvar Aalto,1935 (fiche PDF : 1934),Finland,"Pieds et chant d'assise bouleau massif ; repose-pieds circulaire en lamelles de bouleau cintrées ; surface bouleau, HPL, linoléum, tissu, cuir.","Hauteur 75 cm, encombrement 54,5 cm (cotes lues dans les identifiants « number_* » du schéma SVG « Materials and Dimensions » de la page artek.fi)",en catalogue,Bouleau verni / assise bouleau | Bouleau verni / assise linoléum noir | Bouleau verni / assise HPL IKI blanc | Entièrement laqué noir | Entièrement laqué blanc | Assise tissu Kvadrat Tonus 4 | Assise cuir Sörensen beige
artek-atelier-chair,Chaise Atelier,https://www.artek.fi/en/products/atelier-chair,Atelier Chair,TAF Studio,2018,Italy,"Structure et dossier hêtre, frêne ou chêne massif ; âme d'assise contreplaqué de hêtre ; surface placage hêtre/frêne/chêne","Schéma coté artek.fi : 46 × 47 cm (largeur/profondeur, ordre à confirmer), hauteur d'assise 45,5 cm, hauteur 78 cm ; empilable par 7",en catalogue,Hêtre massif laqué noir | Hêtre massif laqué rouge foncé | Hêtre massif laqué vert | Chêne massif verni incolore | Frêne massif verni incolore | Hêtre massif verni incolore
artek-aslak-chair,Chaise Aslak,https://www.artek.fi/en/products/aslak-chair,Aslak Chair,Ilmari Tapiovaara,1958 (esquissée dès 1946),Italy,Assise et dossier contreplaqué de hêtre moulé ; structure hêtre massif et contreplaqué de hêtre moulé,"Schéma coté artek.fi : 50 / 53 cm (largeur/profondeur, ordre à confirmer), 46 cm (hauteur d'assise probable), hauteur 76 cm ; empilable par 4",en catalogue,Laqué noir | Laqué blanc | Laqué rouge | Laqué gris | Laqué pétrole
artek-lukki-chair,Chaise Lukki,https://www.artek.fi/en/products/lukki-chair,Lukki Chair,Ilmari Tapiovaara,1951,Finland,Piètement tube d'acier ; âme assise/dossier contreplaqué de bouleau moulé ; surface placage hêtre,"Schéma coté artek.fi : 56 / 51 cm (largeur/profondeur, ordre à confirmer), hauteur d'assise 43 cm, hauteur accoudoirs 66,5 cm, hauteur 74 cm ; empilable par 4",en catalogue,"Piètement acier thermolaqué noir mat, assise et dossier hêtre laqué noir"
artek-chair-611,Chaise 611,https://www.artek.fi/en/products/chair-611,Chair 611,Alvar Aalto,1929,Finland,Structure bouleau massif ; assise et dossier en sangles de lin,"Schéma coté artek.fi : 48,5 / 49 cm (largeur/profondeur, ordre à confirmer), hauteur d'assise 42,5 cm, hauteur 80 cm ; « max. 5 » empilées",en catalogue,"Bouleau verni, sangle noire | Bouleau verni, sangle noir/bleu | Bouleau verni, sangle noir/marron | Bouleau verni, sangle naturel/noir | Bouleau verni, sangle naturel/blanc | Bouleau verni, sangle naturel/rouge | Bouleau laqué noir, sangle noire | Bouleau laqué noir, sangle noir/bleu | Bouleau laqué noir, sangle noir/marron"
artek-chair-65,Chaise 65,https://www.artek.fi/en/products/chair-65,Chair 65,Alvar Aalto,1935,Finland,"Pieds et chant d'assise bouleau massif ; dossier contreplaqué de bouleau moulé ; assise placage bouleau, HPL, linoléum, tissu ou cuir","Schéma coté artek.fi : 35 / 40 cm (largeur/profondeur, ordre à confirmer), 45,5 cm (hauteur d'assise probable), hauteur 66 cm",en catalogue,"Bouleau verni | Bouleau verni, assise HPL IKI blanc | Bouleau verni, assise linoléum noir | Laqué blanc | Laqué noir | Assise tissu (Kvadrat Tonus 4/216) | Assise cuir (Sørensen Prestige beige)"
artek-chair-66,Chaise 66,https://www.artek.fi/en/products/chair-66,Chair 66,Alvar Aalto,1935,Finland,"Pieds et chant d'assise bouleau massif ; dossier contreplaqué de bouleau moulé ; assise placage bouleau, HPL, linoléum, tissu ou cuir","Schéma coté artek.fi : 39 / 42 cm (largeur/profondeur, ordre à confirmer), 45,5 cm (hauteur d'assise probable), hauteur 80 cm (le même schéma affiche 30¾"" = 78 cm : à confirmer)",en catalogue,"Bouleau verni | Bouleau verni, assise HPL IKI blanc | Bouleau verni, assise linoléum noir | Laqué blanc | Laqué noir | Assise tissu Zebra | Assise tissu minä perhonen Tambourine | Assise cuir Prestige cognac | Assise cuir Prestige beige | Bouleau sauvage (wild birch)"
artek-chair-68,Chaise 68,https://www.artek.fi/en/products/chair-68,Chair 68,Alvar Aalto,1935,Finland,"Pieds et chant d'assise bouleau massif ; dossier lamelles de bouleau massif moulées (3 pièces) ; assise placage bouleau, HPL, linoléum, tissu ou cuir","Schéma coté artek.fi : 43 / 48,5 cm (largeur/profondeur, ordre à confirmer), 45,5 cm (hauteur d'assise probable), hauteur 70 cm ; empilable par 4",en catalogue,"Bouleau verni | Bouleau verni, assise HPL IKI blanc | Bouleau verni, assise linoléum noir | Laqué noir | Laqué blanc | Assise tissu Kvadrat Tonus 4/216 | Assise cuir Prestige beige"
artek-chair-69,Chaise 69,https://www.artek.fi/en/products/chair-69,Chair 69,Alvar Aalto,1935,Finland,"Pieds et âme d'assise bouleau massif ; dossier lamelles de bouleau massif moulées ; assise placage bouleau, HPL, tissu ou cuir","Schéma coté artek.fi : 44 / 47 cm (largeur/profondeur, ordre à confirmer), 45,5 cm (hauteur d'assise probable), hauteur 76 cm (le schéma affiche 29¼"" = 74 cm : à confirmer)",en catalogue,"Bouleau verni | Bouleau verni, assise HPL IKI blanc | Pieds bouleau, assise et dossier laqués noir | … laqués blanc | … laqués orange | … laqués jaune | … laqués vert | … laqués pétrole | Entièrement laqué noir | Entièrement laqué blanc | Assise tissu noir | Assise cuir Prestige beige | Bouleau sauvage"
artek-domus-chair,Chaise Domus,https://www.artek.fi/en/products/domus-chair,Domus Chair,Ilmari Tapiovaara,1946,Finland,Structure bouleau ou chêne massif ; assise et dossier placage bouleau/chêne moulé (ou rembourrés),"Schéma coté artek.fi : 58 / 54 cm (largeur/profondeur, ordre à confirmer), hauteur d'assise 44,5 cm, hauteur accoudoirs 66 cm, hauteur 79 cm ; empilable par 4",en catalogue,"Bouleau verni | Bouleau teinté noir | Bouleau teinté miel | Bouleau teinté noyer | Chêne verni | + versions assise ou assise+dossier rembourrés (tissu Hallingdal 65/130, cuir Prestige noir)"
artek-domus-chair-seat-and-back-upholstered,Chaise Domus assise et dossier rembourrés,https://www.artek.fi/en/stories/domus-means-home,Domus Chair (éditions rembourrées « Domus means home »),Ilmari Tapiovaara,1946,Finland,"Structure bouleau (verni, teinté noir, miel ou noyer) ou chêne verni ; assise et dossier rembourrés tissu ou cuir avec passepoil cuir","Identiques à la Domus Chair : schéma artek.fi 58 / 54 cm, assise 44,5 cm, accoudoirs 66 cm, H 79 cm",en catalogue,"Bouleau verni, tissu Hola canary, passepoil cuir Prestige cream | Bouleau verni, cuir Prestige cream, passepoil Prestige nougat | Bouleau teinté noir, cuir Spectrum marine, passepoil Prestige black | Bouleau teinté miel, cuir Spectrum leaf, passepoil Spectrum moss | Bouleau teinté noyer, tissu Wow RE beige/pink, passepoil Prestige cognac | Chêne verni, tissu Wow RE cream and white, passepoil Prestige nougat | Chêne verni, cuir Spectrum terracotta, passepoil Prestige cognac | (+ 3 autres éditions citées « ten upholstered editions »)"
artek-domus-chair-seat-upholstered,Chaise Domus assise rembourrée,https://www.artek.fi/en/products/domus-chair,Domus Chair (assise rembourrée),Ilmari Tapiovaara,1946,Finland,Structure bouleau ou chêne massif ; assise rembourrée cuir (ex. Sørensen Prestige black) ; dossier bois,"Identiques à la Domus Chair : schéma artek.fi 58 / 54 cm, assise 44,5 cm, accoudoirs 66 cm, H 79 cm",en catalogue,"Bouleau verni, assise cuir Prestige black | Bouleau teinté noir, assise cuir Prestige black | Chêne verni, assise cuir Prestige black | (+ teinté miel, assise tissu Hallingdal 65/130)"
artek-rope-chair,Chaise Rope,https://www.artek.fi/en/products/rope-chair,Rope Chair,Ronan & Erwan Bouroullec,2020,Germany,Structure tube d'acier ; assise contreplaqué de hêtre moulé plaqué frêne ; corde lin ou polyester,"Schéma coté artek.fi : hauteur 80 cm, accoudoirs 66,5 cm ; autres cotes 51 / 48,5 / 45,5 / 44 / 43,5 cm à attribuer (largeur, profondeur, hauteur d'assise)",en catalogue,"Acier thermolaqué noir, assise frêne laqué noir, corde polyester noire | Acier thermolaqué gris clair, assise frêne laqué gris clair, corde lin naturel"
artek-rival-chair-kg002,Chaise de bureau Rival KG002,https://www.artek.fi/en/products/rival-chair,Rival Chair KG002,Konstantin Grcic,2014,Germany,Pieds bouleau massif ; accoudoirs/dossier lamelles de bouleau moulées ; coque d'assise polypropylène ; assise 3D-knit ou cuir ; assise pivotante,"Schéma coté artek.fi : 59 / 52 cm (largeur/profondeur, ordre à confirmer), hauteur d'assise 46 cm, hauteur 78 cm",en catalogue,"Laqué asphalte, coque asphalte, 3D-knit noir/blanc | Laqué asphalte, coque asphalte, cuir naturel nero | Laqué blanc, coque blanche, 3D-knit gris/blanc | Laqué blanc, coque blanche, cuir naturel caramel | Laqué « silver birch », coque blanche, 3D-knit noir/blanc | Laqué « silver birch », coque blanche, cuir naturel caramel"
chaise-de-bar-atelier-h65,Chaise de bar Atelier H65,https://www.artek.fi/en/products/atelier-bar-stool,Atelier Bar Stool 65 cm,TAF Studio,2021,Italy,"Structure hêtre, frêne ou chêne massif ; assise contreplaqué de hêtre plaqué hêtre/frêne/chêne ; repose-pieds avec insert aluminium",Schéma coté artek.fi : hauteur d'assise 65 cm ; assise 40 / 32 cm (L/P à confirmer) ; env. 4 kg,en catalogue,Hêtre verni naturel | Frêne verni naturel | Chêne verni naturel | Hêtre laqué vert | Hêtre laqué rouge | Hêtre laqué noir
chaise-de-bar-atelier-h75,Chaise de bar Atelier H75,https://www.artek.fi/en/products/atelier-bar-stool,Atelier Bar Stool 75 cm,TAF Studio,2021,Italy,"Structure hêtre, frêne ou chêne massif ; assise contreplaqué de hêtre plaqué hêtre/frêne/chêne ; repose-pieds avec insert aluminium",Schéma coté artek.fi : hauteur d'assise 75 cm ; assise 40 / 32 cm (L/P à confirmer) ; env. 4 kg,en catalogue,Hêtre verni naturel | Frêne verni naturel | Chêne verni naturel | Hêtre laqué vert | Hêtre laqué rouge | Hêtre laqué noir
artek-armchair-41-paimio,Fauteuil 41 Paimio,https://www.artek.fi/en/products/armchair-41-paimio,Armchair 41 “Paimio”,Alvar Aalto,1932,Finland,Structure : lamelles de bouleau massif cintrées ; coque : contreplaqué de bouleau moulé,L 60 × P 80 × H 64 cm ; assise 33 cm ; accoudoirs 56 cm (dessin coté de la rubrique « Materials and Dimensions » (valeurs lues dans le SVG de la page)),en catalogue,Frame birch clear lacquer / seat shell birch black lacquer | Frame birch clear lacquer / seat shell birch white lacquer
artek-armchair-42,Fauteuil 42,https://www.artek.fi/en/products/armchair-42,Armchair 42,Alvar Aalto,1932 (fiche technique : 1931-32),Finland,"Structure : lamelles de bouleau massif cintrées, verni incolore ; coque : contreplaqué de bouleau moulé laqué",L 60 × P 75 × H 72 cm ; assise 36 cm ; accoudoirs 54 cm (dessin coté de la rubrique « Materials and Dimensions » (valeurs lues dans le SVG de la page)),en catalogue,Frame birch clear lacquer / seat shell birch black lacquer | Frame birch clear lacquer / seat shell birch white lacquer
artek-lounge-chair-43,Fauteuil 43,https://www.artek.fi/en/products/lounge-chair-43,Lounge Chair 43,Alvar Aalto,1937,Finland,"Structure : lamelles de bouleau massif cintrées, verni incolore ; assise : sangles de lin",L 61 × P 164 × H 70 cm ; accoudoirs 52 cm ; assise 41 cm (hauteur d’assise à confirmer : point le plus haut de l’assise ?) (dessin coté de la rubrique « Materials and Dimensions » (valeurs lues dans le SVG de la page); pas de Factsheet PDF publiée),en catalogue,linen black webbing | black/blue | black/brown | natural/black | natural/white | natural/red
artek-armchair-406,Fauteuil 406,https://www.artek.fi/en/products/armchair-406,Armchair 406,Alvar Aalto,1939,Finland,"Structure : lamelles de bouleau massif cintrées, verni incolore ; assise : sangles de lin",L 60 × P 72 × H 87 cm ; assise 41 cm ; accoudoirs 57 cm (Armchair 406 Factsheet PDF + dessin artek.fi),en catalogue,linen black webbing | black/blue | black/brown | natural/black | natural/white | natural/red
artek-domus-lounge-chair,Fauteuil Domus,https://www.artek.fi/en/products/domus-lounge-chair,Domus Lounge Chair,Ilmari Tapiovaara,1946,Finland,"Structure et accoudoirs : bouleau massif ou chêne massif ; coque : placage de bouleau moulé, surface bouleau, chêne, tissu ou cuir","L 59 × P 71 × H 89 cm ; assise 41 cm ; accoudoirs 54,5 cm (dessin coté de la rubrique « Materials and Dimensions » (valeurs lues dans le SVG de la page))",en catalogue,birch clear / birch clear | birch black lacquer | birch honey stain | oak clear lacquer | + versions tissu noir et cuir noir sur chaque finition
artek-mademoiselle-lounge-chair,Fauteuil Mademoiselle,https://www.artek.fi/en/products/mademoiselle-lounge-chair,Mademoiselle Lounge Chair,Ilmari Tapiovaara,1956,Finland,Bouleau massif,L 55 × P 66 × H 94 cm ; assise 41 cm (dessin coté de la rubrique « Materials and Dimensions » (valeurs lues dans le SVG de la page)),en catalogue,"birch, white lacquer | birch, black stain"
artek-mademoiselle-rocking-chair,Fauteuil à bascule Mademoiselle,https://www.artek.fi/en/products/mademoiselle-rocking-chair,Mademoiselle Rocking Chair,Ilmari Tapiovaara,1956,Finland,Bouleau massif,L 55 × P 91 × H 97 cm ; assise 45 cm (dessin coté de la rubrique « Materials and Dimensions » (valeurs lues dans le SVG de la page)),en catalogue,"birch, white lacquer | birch, black stain"
artek-armchair-45,Fauteuil 45,https://www.artek.fi/en/products/armchair-45,Armchair 45,Alvar Aalto,1947,Finland,Structure : placages de bouleau moulés et bouleau massif ; assise/dossier : sangles de lin ou cuir capitonné sur mousse PU,"L 61 × P 64 × H 83 cm ; assise 45,5 cm ; accoudoirs 65,5 cm ; largeur d’assise 55,5/48 cm, profondeur d’assise 44 cm (dessin coté de la rubrique « Materials and Dimensions » (valeurs lues dans le SVG de la page))",en catalogue,clear lacquered / walnut Elegance quilted leather / walnut Elegance piped leather armrests | honey / leaf Spectrum quilted leather / rattan | walnut / natural-white webbing / bare | walnut / olive Envy quilted leather / olive Envy flat wrap | honey / natural-red webbing / bare | black / black Prestige quilted leather / black Prestige flat wrap | black / black-blue webbing / black Prestige flat wrap | clear lacquered / natural-black webbing / rattan
artek-armchair-400,Fauteuil 400 Tank,https://www.artek.fi/en/products/armchair-400-tank,Armchair 400 “Tank”,Alvar Aalto,1936 (fiche : 1935-36),Finland,"Structure : lamelles de bouleau massif cintrées ; assise à ressorts zig-zag, mousse PU et ouate polyester, tissu ou cuir",L 77 × P 77 × H 65 cm ; assise 37 cm ; accoudoirs 51 cm ; profondeur d’assise 58 cm (Armchair 400 Tank Factsheet PDF + dessin artek.fi),en catalogue,"birch clear / Zebra black-white | walnut stain / Zebra brown-white | clear, honey, walnut, black / kvadrat tonus 4 216 | clear, honey, walnut, black / leather Sörensen indian red | « can be upholstered in any material upon request »"
artek-armchair-401,Fauteuil 401,https://www.artek.fi/en/products/armchair-401,Armchair 401,Alvar Aalto,1933,Finland,"Structure : lamelles de bouleau massif cintrées ; assise à ressorts acier, algues, fibre de bois, mousse PU et polyester ; tissu ou cuir","L 62,5 × P 80 × H 105 cm ; assise 40 cm ; accoudoirs 57 cm (dessin coté de la rubrique « Materials and Dimensions » (valeurs lues dans le SVG de la page) ; Factsheet 401/402 PDF)",en catalogue,clear/honey/walnut/black + kvadrat tonus 4 216 | clear + H55 / red / grey / yellow fabric | clear/honey/walnut/black + leather Sörensen prestige beige
artek-armchair-402,Fauteuil 402,https://www.artek.fi/en/products/armchair-402,Armchair 402,Alvar Aalto,1933,Finland,"Structure : lamelles de bouleau massif cintrées ; assise à ressorts acier, algues, fibre de bois, mousse PU et polyester ; tissu ou cuir",L 61 × P 70 × H 76 cm ; assise 42 cm ; accoudoirs 57 cm (dessin coté de la rubrique « Materials and Dimensions » (valeurs lues dans le SVG de la page) ; Factsheet 401/402 PDF),en catalogue,clear/honey/walnut/black + kvadrat tonus 4 216 | clear + savak
artek-domus-lounge-chair-upholstered,Fauteuil Domus rembourré,https://www.artek.fi/en/products/domus-lounge-chair,Domus Lounge Chair (versions rembourrées),Ilmari Tapiovaara,1946,Finland,"Structure bouleau ou chêne massif ; coque en placage de bouleau moulé, revêtement tissu ou cuir sur mousse PU","L 59 × P 71 × H 89 cm ; assise 41 cm ; accoudoirs 54,5 cm (dessin coté de la rubrique « Materials and Dimensions » (valeurs lues dans le SVG de la page))",en catalogue (même page que le Domus bois),birch clear / leather black | birch black lacquer / leather black | birch honey / leather black | oak clear / leather black | + mêmes structures en tissu noir
artek-karuselli-lounge-chair,Fauteuil Karuselli,https://www.artek.fi/en/products/karuselli-lounge-chair,Karuselli Lounge Chair,Yrjö Kukkapuro,1964,Finland,Coque et piètement : fibre de verre ; bras de liaison : acier chromé ; assise : cuir sur mousse PU ; mécanisme pivotant et basculant,"L 80 × P 97,5 × H 92 cm ; assise 37 cm (Karuselli Factsheet PDF + dessin artek.fi)",en catalogue,fibre glass white / chrome brace / leather black | fibre glass white / chrome brace / leather white | « Available in all Sörensen Prestige Leather colours »
artek-karuselli-ottoman,Repose-pieds Karuselli,https://www.artek.fi/en/products/karuselli-ottoman,Karuselli Ottoman,Yrjö Kukkapuro,1964,Finland,Piètement : fibre de verre blanche ; plateau : cuir sur mousse PU,"L 53,5 × H 38 cm (Karuselli Factsheet PDF + dessin artek.fi ; profondeur non cotée)",en catalogue,fibre glass white / leather black | fibre glass white / leather white | fibre glass white / leather red | « all Sörensen Prestige Leather colours »
artek-kiki-lounge-chair,Fauteuil Kiki,https://www.artek.fi/en/products/kiki-lounge-chair,Kiki Lounge Chair,Ilmari Tapiovaara,1960,Hungary,Structure : acier (tube ovale) thermolaqué noir ; assise/dossier : tissu ou cuir sur mousse PU et ouate polyester,L 60 × P 75 × H 68 cm ; assise 39 cm (dessin coté de la rubrique « Materials and Dimensions » (valeurs lues dans le SVG de la page)),en catalogue,black frame / Aura 07 hunter green | black frame / Kvadrat Hallingdal 65 190 | black frame / leather Sörensen black
artek-kiki-sofa-2-seater,Canapé Kiki 2 places,https://www.artek.fi/en/products/kiki-sofa,Kiki Sofa 2-seater,Ilmari Tapiovaara,1960,Hungary,Structure : acier (tube ovale) thermolaqué noir ; assise/dossier : tissu ou cuir sur mousse PU et ouate polyester,L 116 × P 75 × H 68 cm ; assise 39 cm (dessin coté de la rubrique « Materials and Dimensions » (valeurs lues dans le SVG de la page)),en catalogue,black frame / fabric 06 Aura canary | black frame / leather Sörensen Prestige cognac | black frame / leather Sörensen Prestige black
artek-kiki-sofa-3-seater,Canapé Kiki 3 places,https://www.artek.fi/en/products/kiki-sofa,Kiki Sofa 3-seater,Ilmari Tapiovaara,1960,Hungary,Structure : acier (tube ovale) thermolaqué noir ; assise/dossier : tissu ou cuir sur mousse PU et ouate polyester,L 173 × P 75 × H 68 cm ; assise 39 cm (dessin coté de la rubrique « Materials and Dimensions » (valeurs lues dans le SVG de la page)),en catalogue,black frame / fabric 06 Aura canary | black frame / leather Sörensen Prestige cognac | black frame / leather Sörensen Prestige black
artek-table-90d,Table basse 90D,https://www.artek.fi/en/products/table-90d,Table 90D,Alvar Aalto,1933,Finlande (plateau bouleau : Finlande et Allemagne),"Pieds et chant en bouleau massif ; âme du plateau en aggloméré ; surface placage bouleau, stratifié HPL ou linoléum ; empilable","Ø 48 cm, H 44 cm, plateau 3 cm (schéma coté artek.fi)",en catalogue,"bouleau verni / plateau bouleau verni | bouleau verni / plateau HPL IKI blanc | bouleau verni / plateau linoléum noir | bouleau teinté noyer (plateau et pieds) | Table 90D Seireeni (édition limitée, marqueterie)"
artek-tea-trolley-900,Table basse Tea Trolley 900,https://www.artek.fi/en/products/tea-trolley-900,Tea Trolley 900,Alvar Aalto,1937,Finlande,Structure en lamelles de bouleau massif cintrées ; roues MDF laqué blanc ; panier rotin ; plateau carreaux céramique,90 × 65 × H 60 cm (schéma coté artek.fi),en catalogue,bouleau verni / roues MDF laqué blanc / céramique émail blanc | bouleau verni / roues MDF laqué blanc / céramique émail noir
artek-tea-trolley-901,Table basse Tea Trolley 901,https://www.artek.fi/en/products/tea-trolley-901,Tea Trolley 901,"Alvar Aalto (version sombre : Hella Jongerius, 2015)",1936,Finlande,Structure en lamelles de bouleau massif cintrées ; roues MDF ; plateaux HPL ou linoléum,90 × 50 × H 56 cm (schéma coté artek.fi et fiche PDF 2015),en catalogue,"structure bouleau verni, roues MDF laqué blanc, plateaux linoléum noir | structure bouleau verni, roues MDF laqué blanc, plateaux HPL IKI blanc | version Hella Jongerius : structure bouleau laqué noir, roues laquées tourbe, plateaux linoléum tourbe (haut) et anthracite (bas)"
artek-side-table-606,Table d'appoint 606,https://www.artek.fi/en/products/side-table-606,Side Table 606,Aino Aalto,1932,Finlande,"Structure en tube d'acier, thermolaquage noir mat ; plateau contreplaqué de bouleau laqué noir","Plateau Ø 40 cm, base Ø 50 cm, H 45 cm (schéma artek.fi 40/50/45 ; revendeurs : plateau Ø 40, base Ø 50)",en catalogue,acier thermolaqué noir mat / plateau bouleau laqué noir
artek-side-table-915,Table d'appoint 915,https://www.artek.fi/en/products/side-table-915,Side Table 915,Alvar Aalto,1932,Finlande,"Structure en lamelles de bouleau massif cintrées, vernis naturel ; tablettes en contreplaqué de bouleau moulé laqué blanc ou noir",59 × 49 × H 59 cm (schéma coté artek.fi 49 / 59 / 59),en catalogue,structure bouleau verni / tablettes laquées blanc | structure bouleau verni / tablettes laquées noir
artek-trienna-table,Table basse Trienna,https://www.artek.fi/en/products/trienna-table,Trienna Table,Ilmari Tapiovaara,1954,Finlande,Âme en placage de bouleau moulé ; surface placage de chêne,70 × 62 × H 39 cm (schéma coté artek.fi 70 / 39 / 62 ; confirmé par des revendeurs),en catalogue,chêne teinté noir | chêne laqué blanc | chêne verni naturel
artek-bench-153a,Banc 153A,https://www.artek.fi/en/products/bench-153a,Bench 153A,Alvar Aalto,1945,Finlande,"Pieds bouleau massif ; plateau à lattes en bouleau massif, ou plateau plein en placage de bouleau sur âme bouleau, contreplaqué et nid d'abeille","112,5 × 40 × H 44,5 cm (schéma coté artek.fi)",en catalogue,à lattes : bouleau verni | à lattes : laqué blanc | à lattes : laqué noir | plein : bouleau verni | plein : laqué blanc | plein : laqué noir | à lattes : bouleau sauvage verni
artek-bench-153b,Banc 153B,https://www.artek.fi/en/products/bench-153b,Bench 153B,Alvar Aalto,1945,Finlande,Pieds bouleau massif ; plateau à lattes en bouleau massif ou plateau plein plaqué bouleau,"72,5 × 40 × H 44,5 cm (schéma coté artek.fi)",en catalogue,"à lattes : bouleau verni / laqué blanc / laqué noir | plein : bouleau verni / laqué blanc / laqué noir | à lattes : bouleau sauvage verni | Bench 153B Kivet (Marimekko, marqueterie, édition limitée) | Bench 153B Seireeni (Marimekko, marqueterie, édition limitée)"
artek-bench-168b,Banc 168B,https://www.artek.fi/en/products/bench-168b,Bench 168B,Alvar Aalto,1945,Finlande,"Pieds bouleau massif ; âme de l'assise en bouleau massif, contreplaqué et nid d'abeille ; surface placage bouleau, ou rembourrage tissu ou cuir","150 × 35 × H 45 cm (plateau plein) ; H 46,5 cm (rembourré) (schéma coté artek.fi)",en catalogue,plein : bouleau verni / laqué blanc / laqué noir | rembourré tissu : pieds bouleau verni / blanc / noir | rembourré cuir : pieds blanc / noir (liste artek.fi)
artek-bench-167,Banc 167,https://www.artek.fi/en/products/bench-167,Bench 167,Alvar Aalto,1945,Finlande,Pieds bouleau massif ; âme contreplaqué bouleau ; rembourrage tissu ou cuir sur mousse PU,"180 × 60 × H 45,5 cm (schéma coté artek.fi ; confirmé par des revendeurs)",en catalogue,pieds bouleau verni / laqué blanc / laqué noir × rembourrage tissu | pieds bouleau verni / laqué blanc / laqué noir × rembourrage cuir
artek-kiki-bench-1-seater,Banc Kiki 1 place,https://www.artek.fi/en/products/kiki-bench,Kiki Bench 1-seater,Ilmari Tapiovaara,1960,Hongrie,"Structure en tube d'acier ovale thermolaqué noir ; assise mousse PU et ouate polyester, tissu ou cuir",60 × 54 × H 39 cm (schéma coté artek.fi),en catalogue,"1-seater, tissu Kvadrat hallingdal 65 / 130 | 1-seater, cuir sörensen indian red |  + tous les tissus et cuirs Artek par classe"
artek-kiki-bench-2-seater,Banc Kiki 2 places,https://www.artek.fi/en/products/kiki-bench,Kiki Bench 2-seater,Ilmari Tapiovaara,1960,Hongrie,"Structure en tube d'acier ovale thermolaqué noir ; assise mousse PU et ouate polyester, tissu ou cuir",116 × 54 × H 39 cm (schéma coté artek.fi),en catalogue,"2-seater, tissu Kvadrat hallingdal 65 / 407 | 2-seater, cuir sörensen mocca |  + tous les tissus et cuirs Artek par classe"
artek-kiki-bench-3-seater,Banc Kiki 3 places,https://www.artek.fi/en/products/kiki-bench,Kiki Bench 3-seater,Ilmari Tapiovaara,1960,Hongrie,"Structure en tube d'acier ovale thermolaqué noir ; assise mousse PU et ouate polyester, tissu ou cuir",173 × 54 × H 39 cm (schéma coté artek.fi),en catalogue,"3-seater, tissu Kvadrat hallingdal 65 / 173 | 3-seater, cuir sörensen walnut |  + tous les tissus et cuirs Artek par classe"
table-basse-kiki-60-x-60-cm,Table basse Kiki 60 × 60 cm,https://www.artek.fi/en/products/kiki-low-table,Kiki Low Table 60 × 60 cm,Ilmari Tapiovaara,1960,Hongrie et Danemark,Structure en tube d'acier ovale ; plateau stratifié HPL noir sur aggloméré,60 × 60 × H 42 cm (schéma coté artek.fi),en catalogue,60 × 60 : acier thermolaqué noir / HPL noir
table-basse-kiki-100-x-60-cm,Table basse Kiki 100 × 60 cm,https://www.artek.fi/en/products/kiki-low-table,Kiki Low Table 100 × 60 cm,Ilmari Tapiovaara,1960,Hongrie et Danemark,Structure en tube d'acier ovale ; plateau stratifié HPL noir sur aggloméré,100 × 60 × H 42 cm (schéma coté artek.fi),en catalogue,100 × 60 : acier thermolaqué noir / HPL noir
table-basse-kiki-140-x-60-cm,Table basse Kiki 140 × 60 cm,https://www.artek.fi/en/products/kiki-low-table,Kiki Low Table 140 × 60 cm,Ilmari Tapiovaara,1960,Hongrie et Danemark,Structure en tube d'acier ovale ; plateau stratifié HPL noir sur aggloméré,140 × 60 × H 42 cm (schéma coté artek.fi),en catalogue,140 × 60 : acier thermolaqué noir / HPL noir
artek-wall-shelf-112,Étagère murale 112,https://www.artek.fi/en/products/wall-shelf-112,Wall Shelf 112 (version vendue : 112B),Alvar Aalto,1936,Finland,"Supports en lamellé de bouleau massif cintré ; tablette : cadre bouleau massif, contreplaqué, nid d'abeille, placage bouleau","112B : L 90 × P 25–27 × H 25 cm (cotes artek.fi 90 / 27 / 25 / 24,5 ; Factsheet 2014 : 90 × 25 × 25) ; 112A (non vendu en ligne) : 90 × 36 × 25",en catalogue,112B bouleau verni naturel (clear lacquer) | 112B laqué blanc | 112B laqué noir
artek-cabinet-250,Buffet 250,https://www.artek.fi/en/products/cabinet-250,Cabinet 250,Alvar Aalto (esprit d'Aino Aalto selon Artek),1936-1937,Finland and Germany,Pieds bouleau massif teinté miel ; corps placage de bouleau teinté miel,"Cotes artek.fi : 100 / 95 / 60 / 40 cm (probablement L 100 × P 40 × H 95 cm, 60 = hauteur du corps — à confirmer)",en catalogue,Teinté miel (unique)
artek-tupla-wall-hook,Patère murale Tupla,https://www.artek.fi/en/products/tupla-wall-hook,Tupla Wall Hook,Ronan & Erwan Bouroullec,2020,Italy,"Zinc moulé sous pression, thermolaquage noir","Cotes artek.fi : 31 / 31 / 13,5 / 3 cm (hauteur ≈ 31 cm — détail à confirmer)",en catalogue,Noir thermolaqué (unique)
artek-124-mirror,Miroir 124,https://www.artek.fi/en/products/124-mirror (redirige vers la liste produits),"124° Mirror, medium, with shelf",Daniel Rybakken,2017 (lancement Artek 2018 selon Artek Helsinki — à confirmer),introuvable,"Miroir en acier inoxydable poli, support aluminium anodisé, tablette frêne (naturel ou laqué noir) — source revendeur smow","Moyen avec tablette : 42 × 18 × 35 cm (smow, à confirmer)",arrêté probable (page artek.fi redirigée),Moyen avec tablette frêne naturel | Moyen avec tablette frêne laqué noir | (petit et grand sans tablette)
artek-115-umbrella-stand,Porte-parapluie 115,https://www.artek.fi/en/products/umbrella-stand-115,Umbrella Stand 115,Alvar Aalto,1936,Finland,Bouleau massif et lamellé cintré verni ; coupelle en laiton verni,"Cotes artek.fi : H 48 × 28 × 24,5 cm",en catalogue,Unique : bouleau verni naturel / coupelle laiton
artek-kanto,Étagère Kanto,https://www.artek.fi/en/products/kanto-magazine-firewood-rack-pn001,Kanto Magazine-/Firewood Rack PN001,Pancho Nikander,2004,Estonia,Contreplaqué de bouleau moulé (une seule feuille),"L 34 × P 28,3 × H 56,5 cm (Factsheet PN001 ; artek.fi 34 / 28 / 56,5)",en catalogue,"Bouleau verni naturel | Laqué noir | Laqué blanc | Teinté noyer (nouveau, disponible 3 septembre)"
artek-kiila-coat-stand,Porte-manteau Kiila,https://www.artek.fi/en/products/kiila-coat-stand,Kiila Coat Stand,Daniel Rybakken,2017,Poland,Pieds frêne massif ; structure acier plié thermolaqué ; patères polyamide teinté,Cotes artek.fi : H 192 × 54 × 48 cm,en catalogue,Frêne laqué noir / structure noire / patères noires | Frêne verni naturel / structure noire / patères noires | Frêne verni naturel / structure blanc pierre / patères blanc pierre
artek-clothes-tree-160,Porte-manteau 160,https://www.artek.fi/en/products/clothes-tree-160,Clothes Tree 160,Anna-Maija Jaatinen,1964,Estonia,Tronc bouleau massif ; pied acier laqué noir,"Cotes artek.fi : H 177 cm, piètement 61 cm",en catalogue,Tronc bouleau verni naturel / pied noir | Tronc bouleau laqué noir / pied noir
artek-kaari-reb007,Étagère Kaari REB007,https://www.artek.fi/en/products/kaari-wall-shelf-round,Kaari Wall Shelf round REB007,Ronan & Erwan Bouroullec,2015,Germany and Poland,"Console chêne massif ; bande acier thermolaqué noir ; plateau linoléum, chant ABS",Cotes artek.fi : 35 / 35 / 30 cm (Ø 35 cm environ),en catalogue,Chêne verni / linoléum noir / chant noir | Chêne laqué noir / linoléum bleu / chant rouge brillant | Chêne laqué noir / linoléum rouge / chant noir
artek-kaari-wall-hook,Patère murale Kaari,https://www.artek.fi/en/products/kaari-wall-hook,Kaari Wall Hook (REB014),Ronan & Erwan Bouroullec,2015,Germany and Poland,Support chêne massif ; crochet acier laminé thermolaqué noir,"Cotes artek.fi : H 32,5 × 11 × 7,5 cm",en catalogue,Chêne verni naturel | Chêne laqué noir
artek-screen-100,Paravent 100,https://www.artek.fi/en/products/screen-100,"Screen 100 (100A 180 cm, 100B 150 cm, 100C 130 cm, 100D 100 cm)",Alvar Aalto,1936 (Factsheet : 1935-36),Finland,"Pin massif verni naturel, enroulable",Hauteur 100/130/150/180 × longueur totale 200 cm (Factsheet « Total length 200 cm »),en catalogue,100A — H 180 cm | 100B — H 150 cm | 100C — H 130 cm | 100D — H 100 cm
artek-kaari-bureau-mural,Étagère Kaari Bureau Mural,https://www.artek.fi/en/products/kaari-wall-shelf-with-desk,Kaari Wall Shelf with Desk REB010 / REB013,Ronan & Erwan Bouroullec,2015,Germany and Poland,Montants chêne massif verni ; bandes acier thermolaqué noir ; tablettes mélamine noir brillant ; bureau linoléum noir ; chants ABS noirs,REB013 : L 100 × H 142 × P 55 cm ; REB010 : L 200 × H 142 × P 55 cm (artek.fi + https://www.artek.fi/downloads/Kaari-Collection-2021-4957224.pdf),en catalogue,"REB013 — 100 × 142 cm (bureau 100 × 55, tablettes 100 × 35) | REB010 — 200 × 142 cm (bureau 200 × 55, tablettes 200 × 35)"
artek-kaari-wall-shelf,Étagère murale Kaari,https://www.artek.fi/en/products/kaari-wall-shelf,Kaari Wall Shelf REB008 / REB009,Ronan & Erwan Bouroullec,2015,Germany and Poland,Montants chêne massif verni ; bandes acier thermolaqué noir ; tablettes mélamine noir brillant ; chants ABS noirs,REB008 : L 200 × P 35 × H 113 cm ; REB009 : L 100 × P 35 × H 188 cm (https://www.artek.fi/downloads/Kaari-Collection-2021-4957224.pdf),en catalogue,REB008 — 200 × 113 cm (3 tablettes 200 × 35) | REB009 — 100 × 188 cm (5 tablettes 100 × 35)
artek-kaari-desk-reb005,Bureau Kaari REB005 150 × 65 cm,https://www.artek.fi/en/products/kaari-desk,Kaari Desk REB005 150 × 65 cm,Ronan & Erwan Bouroullec,2015,Germany and Poland,"Pieds chêne massif (verni ou laqué noir) ; acier thermolaqué noir ; plateau HPL noir brillant ou linoléum noir (≈ 24 mm), chant ABS noir",L 150 × P 65 × H 75 cm (https://www.artek.fi/downloads/Kaari-Collection-2021-4957224.pdf ; artek.fi 150 / 65 / 75 / 54),en catalogue,Chêne verni / HPL noir brillant | Chêne verni / linoléum noir | Chêne laqué noir / HPL noir brillant | Chêne laqué noir / linoléum noir
artek-kaari-reb006,Console murale Kaari REB006,https://www.artek.fi/en/products/kaari-wall-console,Kaari Wall Console REB006,Ronan & Erwan Bouroullec,2015,Germany and Poland,"Montants chêne massif (verni ou laqué/teinté noir) ; bandes acier thermolaqué noir ; plateau linoléum ≈ 24 mm, chant ABS",L 100 × P 45 × H 34 cm (https://www.artek.fi/downloads/Kaari-Collection-2021-4957224.pdf),en catalogue,"Montants chêne naturel ou noir × plateau linoléum noir/chant noir, linoléum rouge/chant noir, linoléum bleu/chant rouge brillant (https://www.artek.fi/downloads/Kaari-Collection-2021-4957224.pdf)"
artek-kaari-table-rectangular-reb001,Table Kaari REB001 200 × 85 cm,https://www.artek.fi/en/products/kaari-table-rectangular,Kaari Table rectangular REB001 200 × 85 cm,Ronan & Erwan Bouroullec,2015,Germany and Poland,Pieds chêne massif (verni ou laqué noir) ; acier thermolaqué noir ; âme MDF ; plateau HPL blanc/noir brillant ou linoléum noir ≈ 24 mm ; chant ABS noir,200 × 85 × 74 cm (https://www.artek.fi/downloads/Kaari-Collection-2021-4957224.pdf),en catalogue,Chêne verni / HPL noir brillant | Chêne verni / HPL blanc brillant | Chêne verni / linoléum noir | Chêne laqué noir / HPL noir brillant | Chêne laqué noir / HPL blanc brillant | Chêne laqué noir / linoléum noir
artek-kaari-table-rectangular-reb002,Table Kaari REB002 240 × 90 cm,https://www.artek.fi/en/products/kaari-table-rectangular,Kaari Table rectangular REB002 240 × 90 cm,Ronan & Erwan Bouroullec,2015,Germany and Poland,Pieds chêne massif (verni ou laqué noir) ; acier thermolaqué noir ; âme MDF ; plateau HPL blanc/noir brillant ou linoléum noir ≈ 24 mm ; chant ABS noir,240 × 90 × 74 cm (https://www.artek.fi/downloads/Kaari-Collection-2021-4957224.pdf),en catalogue,Chêne verni / HPL noir brillant | Chêne verni / HPL blanc brillant | Chêne verni / linoléum noir | Chêne laqué noir / HPL noir brillant | Chêne laqué noir / HPL blanc brillant | Chêne laqué noir / linoléum noir
artek-kaari-table-rectangular-reb012,Table Kaari REB012 160 × 80 cm,https://www.artek.fi/en/products/kaari-table-rectangular,Kaari Table rectangular REB012 160 × 80 cm,Ronan & Erwan Bouroullec,2015,Germany and Poland,Pieds chêne massif (verni ou laqué noir) ; acier thermolaqué noir ; âme MDF ; plateau HPL blanc/noir brillant ou linoléum noir ≈ 24 mm ; chant ABS noir,160 × 80 × 74 cm (https://www.artek.fi/downloads/Kaari-Collection-2021-4957224.pdf),en catalogue,Chêne verni / HPL noir brillant | Chêne verni / HPL blanc brillant | Chêne verni / linoléum noir | Chêne laqué noir / HPL noir brillant | Chêne laqué noir / HPL blanc brillant | Chêne laqué noir / linoléum noir
artek-kaari-table-round-reb003,Table Kaari REB003 Ø 80 cm,https://www.artek.fi/en/products/kaari-table-round,Kaari Table round REB003 Ø 80 cm,Ronan & Erwan Bouroullec,2015,Germany and Poland,Pieds chêne massif (verni ou laqué noir) ; acier thermolaqué noir ; âme MDF ; plateau HPL blanc/noir brillant ou linoléum noir ≈ 24 mm ; chant ABS noir,Ø 80 × H 74 cm (https://www.artek.fi/downloads/Kaari-Collection-2021-4957224.pdf),en catalogue,Chêne verni / HPL noir brillant | Chêne verni / HPL blanc brillant | Chêne verni / linoléum noir | Chêne laqué noir / HPL noir brillant | Chêne laqué noir / HPL blanc brillant | Chêne laqué noir / linoléum noir
artek-kaari-table-round-reb004,Table Kaari REB004 Ø 110 cm,https://www.artek.fi/en/products/kaari-table-round,Kaari Table round REB004 Ø 110 cm,Ronan & Erwan Bouroullec,2015,Germany and Poland,Pieds chêne massif (verni ou laqué noir) ; acier thermolaqué noir ; âme MDF ; plateau HPL blanc/noir brillant ou linoléum noir ≈ 24 mm ; chant ABS noir,Ø 110 × H 74 cm (https://www.artek.fi/downloads/Kaari-Collection-2021-4957224.pdf),en catalogue,Chêne verni / HPL noir brillant | Chêne verni / HPL blanc brillant | Chêne verni / linoléum noir | Chêne laqué noir / HPL noir brillant | Chêne laqué noir / HPL blanc brillant | Chêne laqué noir / linoléum noir
artek-kaari-table-square-reb011,Table Kaari REB011 75 × 75 cm,https://www.artek.fi/en/products/kaari-table-square,Kaari Table square REB011 75 × 75 cm,Ronan & Erwan Bouroullec,2015,Germany and Poland,Pieds chêne massif (verni ou laqué noir) ; acier thermolaqué noir ; âme MDF ; plateau HPL blanc/noir brillant ou linoléum noir ≈ 24 mm ; chant ABS noir,75 × 75 × 74 cm (https://www.artek.fi/downloads/Kaari-Collection-2021-4957224.pdf),en catalogue,Chêne verni / HPL noir brillant | Chêne verni / HPL blanc brillant | Chêne verni / linoléum noir | Chêne laqué noir / HPL noir brillant | Chêne laqué noir / HPL blanc brillant | Chêne laqué noir / linoléum noir
artek-kori-pendant-light-eu,Suspension Kori,https://www.artek.fi/en/products/kori-pendant-light,Kori Pendant Light,TAF Studio,2023,Italy,"Réflecteur (« panier ») aluminium moulé recyclé ; rosace acier même finition ; câble plastique blanc 2,5 m ; E27 max 12 W","Ø 12 cm, H 17 cm (réflecteur), rosace Ø 12 × H 7 cm, câble 250 cm (dessin coté artek.fi, identifiants number_12/17/7/250)",en catalogue,Colour: deep matt white
artek-kori-pendant-light-with-disc-shade-eu,Suspension Kori Disc,https://www.artek.fi/en/products/kori-pendant-light-with-disc-shade,Kori Pendant Light with Disc Shade,TAF Studio,2023,Italy,"Réflecteur aluminium moulé recyclé ; abat-jour aluminium repoussé ; rosace acier ; câble plastique blanc 2,5 m ; E27 max 12 W","Disque Ø 22 cm, H 17 cm, rosace Ø 12 × H 7 cm, câble 250 cm (dessin coté artek.fi : 22 / 12 / 7 / 17 / 250)",en catalogue,Colour: deep matt white
artek-kori-pendant-light-with-dune-shade-eu,Suspension Kori Dune,https://www.artek.fi/en/products/kori-pendant-light-with-dune-shade,Kori Pendant Light with Dune Shade,TAF Studio,2023,Italy,"Réflecteur aluminium moulé recyclé ; abat-jour aluminium repoussé ; rosace acier ; câble plastique blanc 2,5 m ; E27 max 12 W","Abat-jour Ø 45 cm, H 17 cm, rosace Ø 12 × H 7 cm, câble 250 cm (dessin coté artek.fi : 45 / 12 / 7 / 250 / 17)",en catalogue,Colour: deep matt white
artek-a201,Suspension A201,https://www.artek.fi/en/products/pendant-light-a201,Pendant Light A201,Alvar Aalto,"1950's (texte : 1952, bibliothèque de l'hôtel de ville de Säynätsalo)",China,"Tôle d'acier formée, abat-jour thermolaqué blanc, anneau acier laitonné ; câble plastique blanc 2,5 m ; E27 max 12 W ; classe II ; IP20","Ø 29 × H 20 cm, rosace Ø 12 cm, câble 250 cm (dessin coté artek.fi : 29 / 20 / 12 / 250)",en catalogue,Shade: white / Ring: brass-plated
artek-ama500,Suspension AMA500,https://www.artek.fi/en/products/pendant-light-ama500,Pendant Light AMA500,Aino Aalto,1941,China,"Tôle d'acier formée, abat-jour thermolaqué blanc, anneau acier laitonné ; fiche de plafond, câble plastique blanc 2,5 m ; E27 max 12 W ; classe II ; IP20","Ø 32 × H 23 cm, rosace Ø 12 cm, câble 250 cm (dessin coté artek.fi : 23 / 250 / 12 / 32 ; attribution largeur/hauteur à confirmer sur le dessin)",en catalogue,Shade: white / Ring: brass-plated
artek-a110-hand-grenade,Suspension A110 Hand Grenade,https://www.artek.fi/en/products/pendant-light-a110-hand-grenade,"Pendant Light A110 ""Hand Grenade""",Alvar Aalto,1952,China,"Abat-jour et anneau acier ; abat-jour thermolaqué noir ou blanc ; anneau laitonné ou laqué ; câble plastique 2,5 m (blanc ou noir) ; E27 max 12 W ; classe II ; IP20","Ø 16 × H 44 cm, rosace Ø 13 × H 5 cm, câble 250 cm (dessin coté artek.fi)",en catalogue,Noir thermolaqué / anneau laitonné | Noir thermolaqué / anneau laqué noir | Blanc thermolaqué / anneau laitonné | Blanc thermolaqué / anneau laqué blanc | Duotone blanc/lin / anneau laitonné (disponibilité limitée)
artek-a330s-golden-bell,Suspension A330S Golden Bell,https://www.artek.fi/en/products/pendant-light-a330s-golden-bell,"Pendant Light A330S ""Golden Bell""",Alvar Aalto (texte : Aino et Alvar Aalto),1937,China,"Laiton repoussé main ou acier repoussé ; rosace même finition ; câble 2,5 m ; E27 max 12 W ; classe II ; IP20","Ø 17 × H 20 cm, rosace Ø 12 × H 6 cm, câble 250 cm (dessin coté artek.fi)",en catalogue,"Laiton poli verni (polish and clear lacquer) | Laiton poli « Savoy » (polish, non verni) | Acier laqué blanc | Acier laqué noir | Acier chromé | Laiton laqué rouge brique (arrivée annoncée le 3 septembre)"
artek-a331-beehive,Suspension A331 Beehive,https://www.artek.fi/en/products/pendant-light-a331-beehive,"Pendant Light A331 ""Beehive""",Alvar Aalto,1953,China,"Abat-jour aluminium repoussé thermolaqué ; anneaux acier laitonné ou chromé ; câble plastique 2,5 m ; E27 max 12 W ; classe II ; IP20","Ø 33 × H 30 cm, rosace Ø 10 × H 6 cm, câble 250 cm (dessin coté artek.fi)",en catalogue,Aluminium blanc / anneaux laitonnés | Aluminium blanc / anneaux chromés | Aluminium noir / anneaux laitonnés
artek-a333-turnip,Suspension A333 Turnip,https://www.artek.fi/en/products/pendant-light-a333-turnip,"Pendant Light A333 ""Turnip""",Alvar Aalto,1950's,China,"Abat-jour acier repoussé thermolaqué blanc ; anneau acier laitonné ou laqué blanc ; câble plastique blanc 2,5 m ; E27 max 12 W ; classe II ; IP20","Ø 25,5 × H 20 cm, rosace Ø 12 × H 10 cm, câble 250 cm (dessin coté artek.fi)",en catalogue,Blanc / anneau laitonné | Blanc / anneau laqué blanc | Duotone blanc/lin / anneau laitonné (disponibilité limitée)
artek-a440,Suspension A440,https://www.artek.fi/en/products/pendant-light-a440,Pendant Light A440,Alvar Aalto,1954,Finland and Poland,"Verre opale soufflé bouche, surface dépolie (satinée) ; câble plastique blanc 2 m ; E27 max 12 W","Ø 19 × H 23 cm, rosace Ø 10 × H 6 cm, câble 200 cm (dessin coté artek.fi)",en catalogue,"Shade: opal glass, satinated"
artek-jl341,Suspension JL341,https://www.artek.fi/en/products/pendant-light-jl341,Pendant Light JL341,Juha Leiviskä,1969,Finland,Abat-jour aluminium repoussé laqué blanc ; réflecteurs aluminium laqué blanc ou laiton poli ; câble plastique blanc 2 m ; E27 max 12 W ; classe II ; IP20,"Ø 56 × H 17 cm, rosace Ø 10 × H 10 cm, câble 200 cm (dessin coté artek.fi)",en catalogue,Réflecteurs aluminium laqué blanc | Réflecteurs laiton poli
artek-wall-light-a910,Applique A910,https://www.artek.fi/en/products/wall-light-a910,Wall Light A910,aucun créateur nommé (page : « 1990's » ; fiche PDF : « design Artek »),1990's,Finland,"Abat-jour à lamelles d'acier rivetées main, laqué blanc ; fiche Schuko, câble plastique blanc 2,5 m ; E27 max 60 W ; classe I ; IP20",L 28 × P 19 × H 21 cm (dessin coté artek.fi : 28 / 19 / 21),en catalogue,"Shade: steel, white lacquer"
artek-ceiling-light-a622,Plafonnier A622,https://www.artek.fi/en/products/ceiling-light-a622,Ceiling Light A622 (A622A / A622B),Alvar Aalto,1953,Finland,"Abat-jour à lamelles d'acier rivetées main, laqué blanc ; fixation au plafond sans fiche ; 3 × E27 max 60 W ; classe I ; IP20","A622A : Ø 57 × H 23 cm ; A622B : Ø 46,5 × H 18,5 cm (dessins cotés artek.fi)",en catalogue,"Ceiling Light A622A (Ø 57 cm) | Ceiling Light A622B (Ø 46,5 cm)"
artek-kori-floor-light-eu,Lampadaire Kori,https://www.artek.fi/en/products/kori-floor-light,Kori Floor Light,TAF Studio,2023,Italy,"Socle et tige acier ; réflecteur aluminium moulé recyclé ; thermolaquage mat ; fiche Euro, câble 2,7 m ; E27 max 12 W","H 115 cm ; cotes 22 et 12 cm (socle / réflecteur, à confirmer sur le dessin artek.fi)",en catalogue,Colour: deep matt white | Colour: bright matt orange
artek-a805-angel-wing-eu,Lampadaire A805 Angel Wing,https://www.artek.fi/en/products/floor-light-a805-angel-wing,"Floor Light A805 ""Angel Wing""",Alvar Aalto,1954 (fiche PDF : 1953-54),Finland,"Socle et fût acier gainé de cuir noir ; tube laiton poli ou laiton nickelé ; abat-jour à lamelles d'acier rivetées main, laqué blanc ; Schuko, câble plastique noir 2,5 m ; E27 max 100 W ; classe I ; IP20",L 52 × H 174 cm (dessin coté artek.fi),en catalogue,Tube laiton poli | Tube laiton nickelé
artek-a808-eu,Lampadaire A808,https://www.artek.fi/en/products/floor-light-a808,Floor Light A808,Alvar Aalto,1955/1956,Finland,"Socle et fût acier gainé de cuir noir ; tube laiton poli ; abat-jour acier laqué blanc ou laiton poli repoussé main ; Schuko, câble plastique noir 2,5 m ; E27 max 100 W ; classe I ; IP20",L 40 × H 163 cm (dessin coté artek.fi ; fiche PDF 163 / 40),en catalogue,Abat-jour acier laqué blanc | Abat-jour laiton poli
artek-a810-eu,Lampadaire A810,https://www.artek.fi/en/products/floor-light-a810,Floor Light A810,Alvar Aalto,1959,Finland,"Socle et fût acier gainé de cuir noir ; tube laiton poli ou acier inoxydable poli ; 2 abat-jour à lamelles d'acier rivetées main ; Schuko, câble plastique noir 2,5 m ; 2 × E27 max 100 W ; classe I ; IP20",L 48 × H 165 cm (dessin coté artek.fi),en catalogue,Tube laiton poli | Tube acier inoxydable poli
artek-a811-eu,Lampadaire A811,https://www.artek.fi/en/products/floor-light-a811,Floor Light A811,non indiqué (page : « Year: 1965 » sans nom ; fiche PDF : « design Artek » ; texte : dernier ajout à la gamme de lampadaires d'Alvar Aalto),1965,Finland,"Socle et fût acier gainé de cuir noir ; tube laiton poli ou nickelé ; abat-jour à lamelles d'acier tourné et riveté main, laqué blanc ; Schuko, câble plastique noir 2,5 m ; E27 max 60 W ; classe I ; IP20",L 45 × H 160 cm (dessin coté artek.fi ; fiche PDF 160 / 45),en catalogue,"Tube laiton poli | Tube nickelé (page : « steel, nickel-plated » ; fiche PDF : « nickel plated brass »)"
artek-kori-table-light-eu,Lampe de table Kori,https://www.artek.fi/en/products/kori-table-light,Kori Table Light,TAF Studio,2023,Italy,"Socle zinc moulé ; tige acier ; réflecteur aluminium moulé recyclé ; thermolaquage mat ; fiche Euro, câble 2,4 m ; E27 max 12 W","H 22 cm ; cotes 12 et 11 cm (réflecteur / socle, à confirmer sur le dessin artek.fi)",en catalogue,Colour: deep matt white | Colour: bright matt orange
artek-wall-light-a330s-eu,Applique A330S,https://www.artek.fi/en/products/wall-light-a330s-golden-bell,"Wall Light A330S ""Golden Bell""",Alvar Aalto,1937,China,"Abat-jour laiton ou acier repoussé ; bras orientable 180° en tube laiton ou acier cintré ; platine laiton ou métal moulé ; fiche Euro, câble visible 2,5 m, interrupteur à 60 cm sous la platine ; E27, LED 4-6 W recommandée ; classe II ; IP20","Abat-jour Ø 17 × H 20 cm ; saillie 48 cm ; autres cotes 26 et 15 cm (hauteur / platine, à confirmer) (dessin coté artek.fi)",en catalogue,Laiton poli verni | Acier chromé (platine métal chromé) | Acier laqué noir | Acier laqué blanc
artek-rivi-fabric,Tissu Rivi (au mètre),https://www.artek.fi/en/products/rivi-fabric,Rivi Fabric,Ronan & Erwan Bouroullec,2017,Latvia,Coton 100 % 180 g/m² (laize 150 cm) ; coton enduit acrylique 220 g/m² (laize 145 cm) ; toile de coton 280 g/m² (laize 150 cm). « Not recommended as upholstery fabric. »,"Au mètre : laize 150 cm (coton, toile) / 145 cm (coton enduit) (artek.fi, section Materials and Dimensions)",en catalogue,"white/blue | blue/white | mustard/white | black/white (chacun en cotton, acrylic coated cotton, cotton canvas ; au mètre ou prédécoupé)"
artek-rivi-pre-cut-fabric,Coupon de tissu Rivi (150 × 300 cm),https://www.artek.fi/en/products/rivi-fabric,"Rivi Fabric, pre-cut",Ronan & Erwan Bouroullec,2017,Latvia,Coton 100 % 180 g/m² ; coton enduit acrylique 220 g/m² ; toile de coton 280 g/m²,"Coupon 150 × 300 cm (coton et toile) ; 145 × 300 cm (coton enduit) (artek.fi, figures « Cotton, pre-cut », « Acrylic coated cotton, pre-cut »)",en catalogue,"white/blue | blue/white | mustard/white | black/white (chacun en cotton, acrylic coated cotton, canvas cotton, pré-découpé)"
artek-rivi-tray,Plateau Rivi,https://www.artek.fi/en/products/rivi-tray,Rivi Tray,Ronan & Erwan Bouroullec,2017,Sweden,Plywood and paper (contreplaqué et papier stratifiés),"Small 27 × 20 cm ; Large 43 × 33 cm (artek.fi, figures Rivi Tray small/large)",en catalogue,large white/blue | large blue/white | large mustard/white | large black/white | small white/blue | small blue/white | small mustard/white | small black/white
artek-rivi-cushion-cover,Housse de coussin Rivi,https://www.artek.fi/en/products/rivi-cushion-cover,Rivi Cushion Cover,Ronan & Erwan Bouroullec,2017,Estonia,"Toile de coton 100 %, 280 g/m²",40 × 40 cm et 50 × 50 cm (artek.fi),en catalogue,small blue/white | small white/blue | small yellow(mustard)/white | small black/white | large blue/white | large white/blue | large mustard/white | large black/white
artek-inner-cushion,Coussin de garnissage,https://shop.artek.fi/products/inner-cushion-40-x-40-cm,Inner cushion (40 × 40 / 50 × 50 / 40 × 60 cm),aucun (accessoire),—,non indiqué par Artek,100 % polyester recyclé (shop.artek.fi « Materials and dimensions »),"40 × 40 cm, 50 × 50 cm, 40 × 60 cm (titres shop.artek.fi)",introuvable sur artek.fi (page produit redirigée) ; en vente sur shop.artek.fi,"Inner cushion 40 × 40 cm, white | Inner cushion 50 × 50 cm, white | Inner cushion 40 × 60 cm, white (pour housse Zebra 40 × 60)"
artek-rivi-canvas-bag,Sac en toile Rivi,https://www.artek.fi/en/products/rivi-canvas-bag,Rivi Canvas Bag,Ronan & Erwan Bouroullec,2017,Estonia,"Toile de coton 100 %, 280 g/m²",41 × 41 cm (artek.fi),en catalogue,blue/white | white/blue | yellow(mustard)/white | black/white
artek-rivi-pouch,Pochette Rivi,https://www.artek.fi/en/products/rivi-pouch,Rivi Pouch (small),Ronan & Erwan Bouroullec,2017,Estonia,"Toile de coton 100 %, 280 g/m², fermeture zip","24 × 15 cm (artek.fi, Rivi Pouch small)",en catalogue,small blue/white | small white/blue | small yellow(mustard)/white | small black/white
artek-siena-fabric,Tissu Siena (au mètre),https://www.artek.fi/en/products/siena-fabric,Siena Fabric,Alvar Aalto,1954,Latvia,Coton 100 % 180 g/m² (laize 150 cm) ; coton enduit acrylique 220 g/m² (laize 145 cm) ; toile de coton 280 g/m² (laize 150 cm),"Au mètre : laize 150 cm (coton, toile), 145 cm (coton enduit) (artek.fi)",en catalogue,white/black | white/white (coton et coton enduit seulement) | sand/white | brick (red)/sand shadow | grey/light grey shadow
artek-siena-pre-cut-fabric,Coupon de tissu Siena (150 × 300 cm),https://www.artek.fi/en/products/siena-fabric,"Siena Fabric, pre-cut",Alvar Aalto,1954,Latvia,Coton 100 % ; coton enduit acrylique ; toile de coton,150 × 300 cm (shop.artek.fi « The size of the fabric is 150 x 300 cm ») ; coton enduit : laize 145 cm,en catalogue,"cotton : white/black, white/white, sand/white, brick red/sand shadow, grey/light grey shadow | acrylic coated cotton : les mêmes 5 | canvas cotton : white/black, sand/white, brick red/sand shadow, grey/light grey shadow (pas de white/white)"
artek-siena-cushion-cover,Housse de coussin Siena,https://www.artek.fi/en/products/siena-cushion-cover,Siena Cushion Cover,Alvar Aalto (motif),motif 1954 ; produit 2010 (artek.fi),Estonia,"Toile de coton 100 %, 280 g/m²",40 × 40 cm et 50 × 50 cm (artek.fi),en catalogue,white/black | sand/white | brick/sand shadow | grey/light grey shadow |  × 40 × 40 / 50 × 50 cm
artek-siena-canvas-bag,Sac en toile Siena,https://www.artek.fi/en/products/siena-canvas-bag,Siena Canvas Bag,Alvar Aalto (motif),motif 1954 ; produit 2010,Estonia,"Toile de coton 100 %, 280 g/m²",41 × 41 cm (artek.fi),en catalogue,white/black | sand/white | brick/sand shadow | grey/light grey shadow
artek-siena-pouch,Pochette Siena,https://www.artek.fi/en/products/siena-pouch,Siena Pouch (small),Alvar Aalto (motif),motif 1954 ; produit 2014,Estonia,"Toile de coton 100 %, 280 g/m², zip","24 × 15 cm (artek.fi, Siena Pouch small)",en catalogue,white/black | sand/white | brick/sand shadow | grey/light grey shadow
artek-siena-tray,Plateau Siena,https://www.artek.fi/en/products/siena-tray,Siena Tray,Alvar Aalto (motif),motif 1954 ; produit 2002,Sweden,Plywood and paper,Small 27 × 20 cm ; Large 43 × 33 cm (artek.fi),en catalogue,"large/small × white/black, sand/white, brick/sand shadow, grey/light grey shadow"
artek-zebra-seat-cushion,Coussin d'assise Zebra,https://www.artek.fi/en/products/zebra-seat-cushion,Zebra Seat Cushion,"motif anonyme, découvert par Aino Aalto (1935)",2017 (produit) ; tissu 1936,Estonia,"Laine tissée : 58 % laine vierge, 36 % coton, 6 % polyester ; 770 g/m² ; 25 000 Martindale","Ø 34 cm (artek.fi, figure 34 × 34)",en catalogue,black/white | brown/white
artek-zebra-cushion-cover,Housse de coussin Zebra,https://www.artek.fi/en/products/zebra-cushion-cover,Zebra Cushion Cover,"motif anonyme, découvert par Aino Aalto",1936 (artek.fi),Estonia,"58 % laine vierge, 36 % coton, 6 % polyester ; 770 g/m²","40 × 40, 50 × 50, 40 × 60 cm",en catalogue,small (40 × 40) black/white | small brown/white | large (50 × 50) black/white | large brown/white | 40 × 60 black/white et brown/white (shop.artek.fi)
artek-zebra-tote-bag,Sac cabas Zebra,https://www.artek.fi/en/products/zebra-tote-bag,Zebra Tote Bag,"motif anonyme, découvert par Aino Aalto",2017,Estonia,"58 % laine vierge, 36 % coton, 6 % polyester ; anse cuir (noir pour noir/blanc, marron pour marron/blanc)",41 × 42 cm (artek.fi),en catalogue,"black/white, anse cuir noir | brown/white, anse cuir marron"
artek-zebra-pouch,Pochette Zebra,https://www.artek.fi/en/products/zebra-pouch,Zebra Pouch (small / large),"motif anonyme, découvert par Aino Aalto",2017,Estonia,"58 % laine vierge, 36 % coton, 6 % polyester","Large 29,5 × 22 cm (artek.fi) ; small non chiffrée par Artek",en catalogue,small black/white | small brown/white | large black/white | large brown/white
artek-webbing,Sangle en lin (au mètre),https://shop.artek.fi/products/linen-webbing,Webbing (linen webbing),"aucun (matériau ; sangles adoptées par Alvar Aalto, palette de couleurs avec Hella Jongerius)",—,Germany (shop.artek.fi),100 % lin,Largeur 5 cm ; 1 unité = 1 mètre (shop.artek.fi),introuvable sur artek.fi (redirection) ; en vente sur shop.artek.fi,natural-white | natural-red | natural-black | black-black | black-brown | black-blue
artek-zebra-fabric,Tissu Zebra (au mètre),https://shop.artek.fi/products/zebra-fabric,Zebra Fabric,Anonyme (découvert par Aino Aalto),1936,Germany (shop.artek.fi),"58 % laine, 36 % coton, 6 % polyester ; tissage double jacquard",Laize 137 cm ; 1 unité = 1 mètre (shop.artek.fi) — artek.fi indique 140 cm pour le tissu des accessoires,introuvable sur artek.fi (redirection) ; en vente sur shop.artek.fi,zebra black/white | zebra brown/white
artek-h55-fabric,Tissu H55 (au mètre),https://www.stylepark.com/en/artek/h55-fabric,H55 Fabric,Elissa Aalto,1955 (réédition Artek 2013),non trouvé,"Existait en coton, coton enduit, toile de coton et laine/coton (sources revendeurs)",Laize non confirmée (150 cm pour la toile de coton selon revendeurs ; 140 cm annoncé par Mikado — à confirmer),"introuvable : ni sur artek.fi (redirection vers la liste produits) ni sur shop.artek.fi — probablement arrêté, à confirmer auprès du fournisseur",black/white | white/black |  × qualités coton / coton enduit / toile / laine-coton
artek-felt-glides,Patins feutre (Lot de 4),https://shop.artek.fi/products/felt-glides,Felt glides (lot de 4 + vis),aucun (accessoire),—,non indiqué,"Feutre, vis fournies","17 × 30 / 22 × 45 / 28 × 52 mm ; Small : tabourets 60/E60/NE60, chaises 65/66/68/69/N65, 64, K65, bancs 153A/B, table 90D ; Medium : banc 168B, tables 80A-C, 81A-C, 84, 90A/B, 95, 96, DL81C ; Large : tables 82A/B, 83, 86, 86A, 91, 97 (shop.artek.fi)",introuvable sur artek.fi ; en vente sur shop.artek.fi,Small (17 × 30 mm) | Medium (22 × 45 mm) | Large (28 × 52 mm)
artek-secrets-of-finland,Accessoire Secrets of Finland,https://www.artek.fi/en/collections/secrets-of-finland (pages produit sur shop.artek.fi),"Secrets of Finland : Pauper Coin Collector, Easter Witch Vase, Easter Dog Vase, Midsummer Dream Vase, Lucius Candleholder, Lucia Candleholder (6 produits distincts)",COMPANY (Aamu Song et Johan Olin),2019,Portugal (confirmé pour Pauper Coin Collector par hivemodern ; à confirmer pour les 5 autres),"Céramique faite main, glaçure « sand » (seule couleur chez Artek)","Pauper Coin Collector : env. 10 × 10 × 16,5 cm (4"" × 4"" × 6,5"", hivemodern) ; autres pièces non trouvées","en catalogue (shop.artek.fi, collection FIN/JPN Friendship)",Pauper Coin Collector — sand (réf. 665100) | Easter Witch Vase — sand (665101) | Easter Dog Vase — sand (665102) | Midsummer Dream Vase — sand (665103) | Lucius Candleholder — sand (665104) | Lucia Candleholder — sand (665105)
artek-postcards,Accessoire Postcards,https://www.artek.fi/en/products/artek-icons-postcards-greige ; https://shop.artek.fi/products/outline-postcards-3-pieces,"Artek Icons Postcards, Greige (lot de 5) / Outline postcards 3 pieces (TSTO)",Greige (Icons) / TSTO (Outline),"2013 (Icons) ; Outline : à confirmer (collection Outline, vers 2015)",Allemagne (Icons) ; Outline : non précisé,"Icons : carton recyclé 350 g/m², sérigraphie, format A6 ; Outline : non précisé",A6 (Icons),en catalogue,"Icons (Greige) : 5 cartes — Paimio 41, Kiki, 10-Unit System, A331 Beehive, Stool 60 | Outline (TSTO) : 3 cartes — Armchair 41, Armchair 42, Tea Trolley 900"
artek-architect-s-tools,Accessoire Architect's Tools,https://www.artek.fi/en/products/ruler ; https://www.artek.fi/en/products/architects-scale ; https://www.artek.fi/en/products/tape-measure ; https://www.artek.fi/en/products/folding-ruler ; https://www.artek.fi/en/products/level,Ruler / Architect's Scale / Tape Measure / Folding Ruler / Level (5 produits distincts),non crédité par Artek,2011,Allemagne,"Règle : hêtre non traité ; échelle : aluminium ; mètre ruban : plastique et métal, blanc ; mètre pliant : hêtre laqué noir ; niveau : aluminium",20 / 30 cm ; 20 cm ; 300 cm ; 200 cm ; 40 cm (dessins artek.fi),en catalogue,"Ruler 20 cm (beech, untreated) | Ruler 30 cm (beech, untreated) | Architect's Scale 20 cm, 1:2,5 - 1:5 - 1:20 - 1:50 - 1:100 | Tape Measure 3 m (white) | Folding Ruler 2 m (beech, black lacquer) | Level 40 cm"
artek-day-bed-710-back-cushions,Coussins dossier pour lit de repos 710 (Lot de 2),https://www.artek.fi/en/products/day-bed-710,"Day Bed 710 — back cushions (2 pcs), accessoire du Day Bed 710",Alvar Aalto,1933,Finlande et Estonie,"Pieds et cadre : bouleau massif verni naturel ; matelas et coussins : mousse PU, revêtement tissu (ou cuir) avec housses amovibles","Dessin artek.fi : 203 × 92 cm, cotes de hauteur 45 et 78 (lecture : H avec matelas / H avec coussins dossier, à confirmer) ; cadre 203 × 92 × H35, matelas 200 × 90 × 12, coussins dossier 100 × 23 × 7/23 cm (2 pièces) selon scandinavia-design.fr",en catalogue,"Day Bed 710 — birch clear lacquer, Kvadrat Hallingdal 65 / 110 | Day Bed 710 — birch clear lacquer, Kvadrat Hallingdal 65 / 750"
artek-day-bed-710-frame,Lit de repos 710,https://www.artek.fi/en/products/day-bed-710,Day Bed 710,Alvar Aalto,1933,Finlande et Estonie,"Pieds et cadre : bouleau massif verni naturel ; matelas et coussins : mousse PU, revêtement tissu (ou cuir) avec housses amovibles","Dessin artek.fi : 203 × 92 cm, cotes de hauteur 45 et 78 (lecture : H avec matelas / H avec coussins dossier, à confirmer) ; cadre 203 × 92 × H35, matelas 200 × 90 × 12, coussins dossier 100 × 23 × 7/23 cm (2 pièces) selon scandinavia-design.fr",en catalogue,"Day Bed 710 — birch clear lacquer, Kvadrat Hallingdal 65 / 110 | Day Bed 710 — birch clear lacquer, Kvadrat Hallingdal 65 / 750"
artek-day-bed-710-mattress,Matelas pour lit de repos 710,https://www.artek.fi/en/products/day-bed-710,"Day Bed 710 — mattress, accessoire du Day Bed 710",Alvar Aalto,1933,Finlande et Estonie,"Pieds et cadre : bouleau massif verni naturel ; matelas et coussins : mousse PU, revêtement tissu (ou cuir) avec housses amovibles","Dessin artek.fi : 203 × 92 cm, cotes de hauteur 45 et 78 (lecture : H avec matelas / H avec coussins dossier, à confirmer) ; cadre 203 × 92 × H35, matelas 200 × 90 × 12, coussins dossier 100 × 23 × 7/23 cm (2 pièces) selon scandinavia-design.fr",en catalogue,"Day Bed 710 — birch clear lacquer, Kvadrat Hallingdal 65 / 110 | Day Bed 710 — birch clear lacquer, Kvadrat Hallingdal 65 / 750"
cache-pot-riihitie-20-5-x-16-cm,Cache-pot Riihitie 21 × 16 cm,https://www.artek.fi/en/products/riihitie-plant-pot-a ; https://www.artek.fi/en/products/riihitie-plant-pot-b,Riihitie Plant Pot A small / Riihitie Plant Pot B small,Aino Aalto,1937 (réédition 2017),Portugal,Céramique faite main émaillée ; usage intérieur uniquement,"A small : 20,5 × 16 × H12 cm ; B small : 19 × 16 × H12 cm (dessins artek.fi)",en catalogue,A small — blue / white / light grey glaze | B small — blue / white / light grey glaze
cache-pot-riihitie-28-x-23-cm,Cache-pot Riihitie 28 × 23 cm,https://www.artek.fi/en/products/riihitie-plant-pot-b,Riihitie Plant Pot B medium,Aino Aalto,1937 (réédition 2017),Portugal,Céramique faite main émaillée ; usage intérieur uniquement,28 × 23 × H16 cm (dessin artek.fi),en catalogue,B medium — blue / white / light grey glaze
cache-pot-riihitie-40-x-27-cm,Cache-pot Riihitie 40 × 27 cm,https://www.artek.fi/en/products/riihitie-plant-pot-a,Riihitie Plant Pot A large,Aino Aalto,1937 (réédition 2017),Portugal,Céramique faite main émaillée ; usage intérieur uniquement,Dessin artek.fi : 40 × 31 × H20 cm ; Finnish Design Shop : 40 × 27 × H20 cm (écart à confirmer),en catalogue,A large — blue / white / light grey glaze
affiche-paimio-50-x-70-cm,Affiche Paimio 50 × 70 cm,https://www.artek.fi/en/products/paimio-poster-greige,"Paimio Poster, Greige",Greige (studio berlinois),2013,non précisé,"Papier recyclé, sérigraphie (série Icon)",50 × 70 cm,en catalogue,unique
affiche-beehive-50-x-70-cm,Affiche Beehive 50 × 70 cm,https://www.artek.fi/en/products/beehive-poster-greige,"Beehive Poster, Greige",Greige,2013,non précisé,"Papier recyclé, sérigraphie (série Icon)",50 × 70 cm,en catalogue,unique
affiche-tabouret-60-50-x-70-cm,Affiche Tabouret 60 50 × 70 cm,https://www.artek.fi/en/products/stool-60-poster-greige,"Stool 60 Poster, Greige",Greige,2013,non précisé,"Papier recyclé, sérigraphie (série Icon)",50 × 70 cm,en catalogue,unique
affiche-aalto-chronology-50-x-70-cm,Affiche Aalto Chronology 50 × 70 cm,https://www.artek.fi/en/products/aalto-chronology-poster,Aalto Chronology Poster,non crédité par Artek,2002,non précisé,Impression offset sur papier Munken Lynx,50 × 70 cm,en catalogue,unique
affiche-75-ans-artek-100-x-140-cm,Affiche 75 ans 100 × 140 cm,https://www.artek.fi/en/products/artek-75-anniversary-poster-kustaa-saksi,"Artek 75 Anniversary Poster, Kustaa Saksi",Kustaa Saksi,2010,non précisé,Sérigraphie sur papier Litho,100 × 140 cm,en catalogue,unique
affiche-80-ans-artek-50-x-70-cm,Affiche 80 ans 50 × 70 cm,https://shop.artek.fi/products/poster-artek-80-years,Artek 80 Anniversary Poster,TSTO,2015,non précisé,"Papier de haute qualité (non précisé), texte doré",50 × 70 cm,en catalogue (shop.artek.fi ; pas de page artek.fi/en/products),unique
affiche-85-ans-artek-50-x-70-cm,Affiche 85 ans 50 × 70 cm,https://www.artek.fi/en/products/artek-85-anniversary-poster-karoliina-hellberg,"Artek 85 Anniversary Poster, Karoliina Hellberg",Karoliina Hellberg,2020,Finlande,Impression offset sur papier Keaykolour China White,50 × 70 cm,en catalogue,unique
affiche-90-ans-artek-50-x-70-cm,Affiche 90 ans 50 × 70 cm,https://www.artek.fi/en/products/artek-90-anniversary-poster,Artek 90 Anniversary Poster,Inka Bell,2025,non précisé,Impression offset sur papier Scandia 200 Natural (reproduction d'une œuvre originale sérigraphiée et gravée au laser),50 × 70 cm,en catalogue,unique
affiche-tea-trolley-900-50-x-70-cm,Affiche Tea Trolley 900 50 × 70 cm,https://www.artek.fi/en/products/outline-poster-tea-trolley-901-tsto,"Outline Poster Tea Trolley 901, Tsto (texte Artek : « Outline Tea Trolley 900 Poster »), beige",TSTO,2015,non précisé,Papier Munken Lynx Rough,50 × 70 cm,en catalogue,unique (beige)
