score,tag,marque_dominante,produits_marque,affectations_publiques,presence_dans_titre,complement_direct_potentiel,roles,types,recopies_options_variantes,dependances
225,palissade,HAY,47,47,47,true,dining-seat | bar-seat | lounge-seat | seat | seat-accessory | dining-table | bar-table | low-table,Chaise | Chaise avec accoudoirs | Tabouret de bar | Banc | Banc à manger | Tabouret | Chaise longue | Fauteuil | Canapé | Repose-pieds | Coussin | Table | Table de bar | Table basse | Housse de protection,0,registre-gamme:HAY:Palissade
218,luxembourg,Fermob,28,28,28,true,dining-seat | bar-seat | lounge-seat | dining-table | bar-table | low-table | seat | seat-accessory,Chaise | Chaise de bar | Fauteuil | Banc | Tabouret | Chaise avec accoudoirs | Table | Table basse | Fauteuil à bascule | Coussin,0,registre-gamme:Fermob:Luxembourg
194,thorvald,&Tradition,21,21,21,true,dining-seat | seat-accessory | dining-table | low-table | seat | lounge-seat,Chaise | Chaise avec accoudoirs | Galette | Coussin | Banc à manger | Table bistrot | Table | Table d'appoint | Table basse | Fauteuil | Fauteuil avec accoudoirs | Canapé | Banc,0,registre-gamme:&Tradition:Thorvald
176,ville,&Tradition,16,16,16,true,dining-seat | seat-accessory | seat | lounge-seat | dining-table,Chaise | Chaise avec accoudoirs | Coussin | Fauteuil | Fauteuil avec accoudoirs | Repose-pieds | Galette | Banc | Tabouret | Table,0,
165,1900,Fermob,8,8,8,true,dining-seat | seat | low-table | dining-table | seat-accessory,Chaise | Chaise avec accoudoirs | Banc | Fauteuil | Table basse | Table | Coussin,0,registre-gamme:Fermob:1900
162,betty,&Tradition,15,15,15,true,dining-seat | bar-seat | lounge-seat | seat-accessory,Chaise avec accoudoirs | Chaise de bar | Tabouret de bar | Banc à manger | Chaise snack | Tabouret snack | Chaise,0,
159,bistro,Fermob,14,14,14,true,dining-seat | dining-table | bar-seat | seat-accessory,Chaise | Banc | Table | Chaise de bar | Coussin,0,registre-gamme:Fermob:Bistro
158,70s-ceramics,HKliving,67,67,66,false,other | dishware | drinkware | serving-accessory | candle | refillable | drink-serveware | decor-object,Tasse à café | Tasse à ristretto | Tasse à americano | Tasse à espresso | Mug à latte | Mug à cappuccino | Tasse à lungo | Mug à thé | Verseuse à café | Coquetier | Théière | Assiette d'entrée | Assiette à dessert | Assiette plate | Coupe sur pied | Saladier | Bol à tapas | Coupelle | Bol à curry | Bol à ramen | Bol à nouilles | Bol à dessert | Bol à pâtes | Plateau | Plat à gâteau | Plateau apéro | Salière-poivrière | Beurrier | Bocal à biscuits | Bocal de conservation | Cuillère | Cuillère à dessert | Cuillère de service | Bougie parfumée | Diffuseur de parfum | Pot à lait et sucrier | Pichet | Pot à lait | Bol à fruits | Plat de service | Coupelle rectangulaire | Soucoupe | Bonbonnière | Sucrier | Vase | Bol | Pot | Présentoir,0,registre-gamme:HKliving:70s ceramics
155,royal-velvet,HKliving,60,60,60,true,lounge-seat | seat-accessory,Élément de canapé | Canapé | Housse de canapé | Housse de pouf | Pouf,0,
155,cocoon,HKliving,59,59,59,true,lounge-seat | seat-accessory,Élément de canapé | Housse de canapé | Housse de pouf | Pouf | Canapé,0,
155,cosy,HKliving,59,60,59,true,seat-accessory | lounge-seat,Housse de canapé | Housse de pouf | Élément de canapé | Pouf | Canapé,0,
155,dallas,HKliving,59,60,59,true,seat-accessory | lounge-seat,Housse de canapé | Housse de pouf | Élément de canapé | Pouf | Canapé,0,
155,knotted,HKliving,59,59,59,true,seat-accessory | lounge-seat,Housse de canapé | Housse de pouf | Élément de canapé | Pouf | Canapé,0,
155,pure,HKliving,59,59,59,true,seat-accessory | lounge-seat,Housse de canapé | Housse de pouf | Élément de canapé | Pouf | Canapé,0,collection:serax-pure:EQUALS
155,sneak,HKliving,59,59,59,true,seat-accessory | lounge-seat,Housse de canapé | Housse de pouf | Élément de canapé | Pouf | Canapé,0,
155,whisper,HKliving,59,59,59,true,seat-accessory | lounge-seat,Housse de canapé | Housse de pouf | Élément de canapé | Pouf | Canapé,0,
155,corduroy-rib,HKliving,50,50,50,true,seat-accessory | lounge-seat,Housse de canapé | Housse de pouf | Élément de canapé | Pouf | Canapé,0,
155,corduroy-velvet,HKliving,50,50,50,true,seat-accessory | lounge-seat,Housse de canapé | Housse de pouf | Élément de canapé | Pouf | Canapé,0,
154,volo,Vitra,10,10,10,true,seat | dining-seat | lounge-seat | seat-accessory,Fauteuil | Tabouret | Canapé | Coussin,0,
146,cosy-2,Vitra,13,13,13,true,seat | dining-seat | seat-accessory,Fauteuil | Tabouret | Coussin,0,
146,edison,Fatboy,12,12,10,true,shade | lamp | other,Abat-jour | Lampe de table | Lampadaire | Vide-poche,0,registre-gamme:Fatboy:Edison
137,vp11,&Tradition,4,4,4,true,dining-seat | serving-accessory | seat-accessory,Tabouret | Plateau de table | Coussin,0,
134,rocco,HKliving,10,10,10,true,seat-accessory | lounge-seat,Housse de canapé | Housse de pouf | Canapé | Pouf,0,
133,cuir-premium-f,Vitra,11,11,11,true,seat | seat-accessory,Fauteuil | Coussin,0,
132,hola,Vitra,10,10,10,true,seat | seat-accessory,Fauteuil | Coussin,0,
129,credo,Vitra,7,7,7,true,seat | seat-accessory,Fauteuil | Coussin,0,
126,dumet,Vitra,4,4,4,true,seat | seat-accessory,Fauteuil | Coussin,0,
126,dapple,Ferm Living,3,3,3,true,dining-seat | seat-accessory,Chaise avec accoudoirs | Chaise | Coussin,0,
126,rd4,&Tradition,3,3,3,true,dining-seat | seat-accessory,Chaise | Coussin | Galette,0,
126,rfh,&Tradition,3,3,3,true,dining-seat | seat-accessory,Chaise | Coussin | Galette,0,
126,sc110,&Tradition,3,3,3,true,lounge-seat | seat-accessory,Canapé | Coussin | Galette,0,
126,sc111,&Tradition,3,3,3,true,dining-seat | seat-accessory,Banc à manger | Coussin | Galette,0,
126,sc94,&Tradition,3,3,3,true,dining-seat | seat-accessory,Chaise | Galette | Coussin,0,
126,sc95,&Tradition,3,3,3,true,dining-seat | seat-accessory,Chaise avec accoudoirs | Galette | Coussin,0,
125,potence,Vitra,3,3,2,true,shade | lamp,Abat-jour | Applique,0,
124,ah912,Carl Hansen & Søn,2,2,2,true,dining-seat | seat-accessory,Banc | Coussin,0,
124,av27,&Tradition,2,2,2,true,dining-seat | seat-accessory,Banc | Galette,0,
124,av28,&Tradition,2,2,2,true,dining-seat | seat-accessory,Banc | Galette,0,
124,av33,&Tradition,2,2,2,true,dining-seat | seat-accessory,Chaise | Coussin,0,
124,av34,&Tradition,2,2,2,true,dining-seat | seat-accessory,Chaise avec accoudoirs | Coussin,0,
124,av44,&Tradition,2,2,2,true,seat | seat-accessory,Fauteuil | Coussin,0,
124,av45,&Tradition,2,2,2,true,seat | seat-accessory,Fauteuil avec accoudoirs | Coussin,0,
124,av46,&Tradition,2,2,2,true,lounge-seat | seat-accessory,Repose-pieds | Galette,0,
124,av47,&Tradition,2,2,2,true,dining-seat | seat-accessory,Tabouret | Galette,0,
124,bk10,Carl Hansen & Søn,2,2,2,true,dining-seat | seat-accessory,Chaise | Coussin,0,
124,bk11,Carl Hansen & Søn,2,2,2,true,seat | seat-accessory,Fauteuil | Coussin,0,
124,bm0121,Carl Hansen & Søn,2,2,2,true,dining-table | table-extension,Table | Rallonge de table,0,
124,bm0865,Carl Hansen & Søn,2,2,2,true,lounge-seat | seat-accessory,Canapé | Coussin,0,
124,bm1871,Carl Hansen & Søn,2,2,2,true,dining-seat | seat-accessory,Banc | Coussin,0,
124,candela,Carl Hansen & Søn,2,2,2,true,candle | candle-holder,Bougie | Bougeoir,0,
124,petite-potence,Vitra,2,2,1,true,shade | lamp,Abat-jour | Applique,0,
122,collect,&Tradition,22,23,22,false,home-textile | dishware | candle-holder | drink-serveware | seat-accessory | drinkware | dining-table | floor-textile | serving-accessory,Plaid | Bol | Bougeoir | Carafe | Coussin | Verre à eau | Centre de table | Tapis | Plateau | Verre à vin,0,
84,string-system,String Furniture,24,24,21,false,entry-storage | other | desk-space | serving-accessory | dining-table,Étagère murale | Panneau mural | Bureau | Accessoire | Porte-revues | Plateau | Table | Buffet | Vitrine | Commode,0,
73,teema,Iittala,21,21,21,false,dishware | other | drink-serveware | serving-accessory,Assiette creuse | Assiette | Bol | Mug à cappuccino | Mug à thé | Pichet à lait | Plateau | Plat | Saladier | Soupière | Tasse à café | Théière,0,registre-gamme:Iittala:Teema
72,solare,Iittala,13,13,13,false,dishware | other | serving-accessory | decor-object | drinkware,Assiette creuse | Assiette | Bol | Mug à cappuccino | Plateau | Saladier | Vase | Verre à eau | Verre à vin,0,
71,farmhouse,HKliving,16,16,12,false,seat-accessory | dishware | other | drink-serveware | drinkware,Coussin | Assiette | Bol | Mug | Pichet | Verre | Coupelle,1,
67,in-between,&Tradition,11,12,11,false,bar-table | low-table | dining-table | dining-seat | bar-seat,Table de bar | Table basse | Table snack | Table d'appoint | Chaise snack | Chaise de bar,0,
62,ripple,Ferm Living,18,18,18,false,drink-serveware | drinkware | dishware,Carafe | Flûte à champagne | Coupe à champagne | Verre à eau | Accessoire | Pichet à lait | Verre à vin rouge | Bol de service | Verre à liqueur | Verre à whisky | Verre | Pichet à eau | Verre à vin blanc | Verre à vin,0,registre-gamme:Ferm Living:Ripple
59,pavilion,&Tradition,11,11,11,false,dining-table | bar-seat | dining-seat | seat,Table | Tabouret de bar | Tabouret snack | Tabouret | Chaise de bar | Chaise snack | Fauteuil | Chaise,0,
55,bellevie,Fermob,8,8,8,false,dining-seat | seat | low-table | lounge-seat,Chaise | Chaise avec accoudoirs | Fauteuil | Table basse | Tabouret | Canapé | Salon de jardin,0,registre-gamme:Fermob:Bellevie
53,sono,Blomus,7,7,7,false,other | refillable | serving-accessory | drinkware,Brosse WC | Distributeur de savon | Plateau | Porte-savon | Poubelle à pédale | Verre à dents,0,
51,cadiz,Fermob,6,6,6,false,dining-seat | bar-seat | lounge-seat | seat,Chaise | Chaise avec accoudoirs | Chaise de bar | Fauteuil | Banc,0,
51,ultima-thule,Iittala,6,6,6,false,dishware | candle-holder | drink-serveware | drinkware,Assiette | Bol de service | Bougeoir | Pichet | Verre à vin blanc,0,
50,momento,&Tradition,6,6,6,false,candle-holder | drink-serveware | home-textile | decor-object,Bougeoir | Pichet | Plaid | Vase,0,
48,eames-elephant,Vitra,4,4,2,false,dining-seat | other | desk-space | decor-object,Tabouret | Porte-clé | Tapis de souris | Sculpture,0,
47,les-objets-mouleversants,Serax,4,4,4,false,candle-holder | other | table-linen | dishware,Bougeoir | Plat | Rond de serviette,0,collection:serax-les-objets-mouleversants:EQUALS
42,jax,HKliving,99,99,99,false,lounge-seat,Élément de canapé | Pouf,0,
42,mobile,Volta Mobiles,42,42,42,false,decor-object,Mobile suspendu | Mobile,0,
42,bronco,HKliving,35,35,35,false,lounge-seat,Pouf | Élément de canapé,0,
42,nelson-bubble,HAY,33,33,33,false,lamp,Applique | Suspension,0,
42,nagel,Stoff Nagel,7,7,7,false,candle-holder | other | decor-object,Bougeoir | Coupelle | Chandelier | Bougeoir sur pied | Soliflore,0,
42,rivi,Artek,6,6,6,false,other | serving-accessory | seat-accessory,Tissu au mètre | Coupon de tissu | Plateau | Housse de coussin | Sac | Pochette,0,
42,siena,Artek,6,6,6,false,other | seat-accessory | serving-accessory,Tissu au mètre | Coupon de tissu | Housse de coussin | Sac | Pochette | Plateau,0,
41,cadre,HKliving,29,35,26,false,other,Cadre | Tableau,0,
41,essence,Iittala,12,12,12,false,drinkware | drink-serveware,Flûte à champagne | Pichet | Verre à bière | Coupe à cocktail | Verre à cocktail haut | Verre à eau | Verre à vin blanc | Verre à vin doux | Verre à vin rouge,0,registre-gamme:Iittala:Essence
41,ita,&Tradition,8,8,8,false,low-table | dining-table | dining-seat,Table basse | Table | Banc à manger,0,
41,kaari,Artek,8,8,8,false,desk-space | other | dining-table,Bureau | Console | Table,0,
41,desert-plants,Ichendorf Milano,6,6,6,false,drinkware | drink-serveware | bar-accessory,Verre à eau | Pichet | Carafe | Verre à cocktail haut | Cuillère à mélange,0,
41,taika,Iittala,6,6,6,false,dishware | entry-storage | drinkware,Assiette creuse | Assiette | Plat de service | Boîte de rangement | Verre à eau,0,
40,piano,Iittala,11,11,11,false,dining-table | other,Couteau de table | Couteau à dessert | Couverts de service | Couverts | Cuillère de table | Cuillère à café | Cuillère à dessert | Fourchette de table | Fourchette à dessert,0,
40,mnemonic,&Tradition,5,5,5,false,other | refillable | candle,Baume pour les mains | Lotion pour les mains | Savon liquide pour les mains | Spray d'ambiance | Bougie parfumée,0,
40,palissade-cord,HAY,5,5,5,false,dining-seat | seat | lounge-seat,Chaise avec accoudoirs | Fauteuil | Canapé | Chaise longue | Banc à manger,0,
40,sixties,Fermob,5,5,5,false,low-table | dining-seat | lounge-seat,Table basse | Chaise | Banc | Fauteuil à bascule | Fauteuil,0,
39,noel,Carl Hansen & Søn,17,18,16,false,other | table-linen,Décoration de Noël | Serviette,0,collection:noel:EQUALS
39,kiki,Artek,6,6,6,false,dining-seat | seat | lounge-seat,Banc | Fauteuil | Canapé,0,
39,a-pointes,Carl Hansen & Søn,5,5,5,false,dishware | drinkware | other,Bol | Assiette | Coupe | Plat,0,
39,animal-farm,Ichendorf Milano,5,5,5,false,drinkware | drink-serveware | dishware,Verre à eau | Pichet | Carafe | Bol,0,
38,stacked,Muuto,14,15,14,false,entry-storage | other,Étagère | Accessoire | Caisse de rangement | Plinthe,0,
38,deya,Ferm Living,4,4,4,false,dining-table | dining-seat | low-table,Table à manger | Banc | Table basse | Table d'appoint,0,
38,lorette,Fermob,4,4,4,false,table-protector | dining-seat | lounge-seat,Sous-plat | Chaise | Chaise avec accoudoirs | Fauteuil,0,
37,chef-ceramics,HKliving,9,9,9,false,dishware | other,Assiette à pâtes | Assiette creuse | Assiette plate | Assiette d'entrée | Bol | Coupelle | Mug à café | Tasse et soucoupe,0,
37,botanica,Ichendorf Milano,4,4,4,false,drinkware | drink-serveware | decor-object,Verre à eau | Pichet | Objet décoratif,0,
36,alize,Fermob,3,3,3,false,lounge-seat | dining-seat | low-table,Fauteuil | Tabouret | Table basse,0,
36,somerset,Fermob,3,3,3,false,seat | dining-seat | lounge-seat,Fauteuil | Banc | Canapé,0,
34,lazy-lounge,HKliving,12,12,12,false,seat | dining-seat,Fauteuil | Banc,0,
34,rely,&Tradition,9,9,9,false,dining-seat | bar-seat,Chaise | Chaise de bar | Tabouret de bar | Chaise snack | Tabouret snack,0,registre-gamme:&Tradition:Rely
33,outdoor-market,HAY,7,7,7,false,dining-seat | other,Chaise | Torchon | Sac cabas | Sac isotherme | Hamac | Fourchette à barbecue,0,
32,zodiac,Moustache,10,10,10,false,wall-decor | low-table,Miroir | Table basse,0,
32,surprising,Fermob,8,8,8,false,lounge-seat | dining-seat,Fauteuil | Repose-pieds | Chaise | Fauteuil à bascule,0,
31,natural,HKliving,8,8,8,false,lounge-seat | seat,Élément de canapé | Pouf | Fauteuil,0,
30,bz,Pastoe,8,8,8,false,dining-seat | low-table,Banc | Table basse,0,
30,studie,Fermob,7,7,7,false,dining-seat | seat,Chaise avec accoudoirs | Chaise | Fauteuil,0,
30,deville,HAY,6,6,6,false,dining-seat | dining-table,Chaise | Chaise avec accoudoirs | Table de bistro | Table,0,
30,tangled,Pastoe,6,6,6,false,other | low-table,Buffet | Vitrine | Table basse | Table d'appoint,0,
30,fruits-flowers,Ichendorf Milano,5,5,5,false,drinkware | other,Verre à eau | Sucrier | Pot | Cuillère à café | Cuillère,0,
30,zebra,Artek,5,5,5,false,seat-accessory | other,Coussin | Housse de coussin | Sac | Pochette | Tissu au mètre,0,
29,balad,Fermob,7,7,7,false,lamp-base | lamp,Pied de lampe | Lampe baladeuse,0,
29,cento,Vitra,7,7,7,false,seat | dining-seat,Fauteuil | Tabouret,0,
28,en-stratifie,HKliving,6,6,5,false,dining-table | dining-seat,Table à manger | Banc à manger,0,
28,headdemock,Fatboy,6,6,6,false,seat-accessory | other,Coussin | Hamac,0,
28,aunty,Pols Potten,5,5,5,false,other | dishware,Mug | Bol | Théière,0,
28,luxembourg-kid,Fermob,5,5,5,false,dining-seat | dining-table,Chaise | Banc | Table,0,
28,military,Pastoe,5,5,5,false,dining-seat | dining-table,Chaise | Tabouret | Table,0,
28,origo,Iittala,5,5,5,false,dishware | other,Assiette | Bol | Mug,0,
28,tundra,Iittala,5,5,5,false,dishware | drinkware,Assiette | Bol | Verre à eau,0,
28,peony,Pols Potten,4,4,4,false,drinkware | drink-serveware,Coupe à champagne | Verre à eau | Verre à vin | Pichet,0,
27,new,HKliving,5,5,5,false,decor-object | serving-accessory,Vase | Plateau,0,
27,traverse,HAY,5,5,5,false,dining-seat | dining-table,Banc | Table,0,
27,zig-zag,Pols Potten,5,5,5,false,dining-seat | low-table,Tabouret | Table basse,0,
27,lisse,Carl Hansen & Søn,4,4,4,false,dishware | other,Bol | Assiette | Plat,0,
27,montmartre,Fermob,4,4,4,false,dining-table | dining-seat,Table | Chaise | Chaise avec accoudoirs,0,
27,palissade-cantilever,HAY,4,4,4,false,dining-seat | seat,Chaise | Chaise avec accoudoirs | Fauteuil,0,
26,acrylic,HKliving,4,4,4,false,entry-storage | low-table,Étagère | Table basse,0,
26,bagou,Moustache,4,4,4,false,entry-storage | low-table,Étagère | Table d'appoint,0,
26,basics,Fermob,4,4,4,false,seat-accessory | table-linen,Coussin | Set de table,0,
26,bmf,Stoff Nagel,4,4,4,false,candle-holder | decor-object,Bougeoir | Soliflore,0,
26,bonnet,&Tradition,4,4,4,false,other | lamp,Lustre | Applique,0,
26,extra-bold,Moustache,4,4,4,false,seat | lounge-seat,Fauteuil | Canapé,0,
26,martinelli-luce,Avolt,4,4,4,false,other | refill,Multiprise | Câble de recharge,0,
26,murano,Carl Hansen & Søn,4,4,4,false,decor-object | drinkware,Vase | Verre,0,
26,paques,Carl Hansen & Søn,4,4,3,false,table-linen | other,Serviette | Décoration de Pâques,0,
26,carte-blanche,Serax,3,3,3,false,drink-serveware | other,Pichet à lait | Poivrière | Coquetier,0,collection:serax-carte-blanche:EQUALS | registre-gamme:Serax:Carte blanche
26,cocotte,Fermob,3,3,3,false,dining-seat | low-table,Tabouret | Table d'appoint | Table basse,0,
26,cuttings,Pols Potten,3,3,3,false,drinkware | drink-serveware,Verre à eau | Verre à vin | Pichet,0,
26,grandpa,Pols Potten,3,3,3,false,other | dishware,Mug | Bol | Théière,0,
26,grova,Ferm Living,3,3,3,false,low-table | other,Table basse | Table d'appoint | Piédestal,0,
26,savannah,Ichendorf Milano,3,3,3,false,drinkware | drink-serveware,Verre à eau | Carafe | Pichet,0,
26,scarni,Ferm Living,3,3,3,false,other | low-table,Buffet | Meuble de rangement | Table d'appoint,0,
25,alima,&Tradition,3,3,3,false,serving-accessory | low-table,Desserte | Table d'appoint,0,
25,alpaga,Carl Hansen & Søn,3,3,3,false,seat-accessory | home-textile,Coussin | Plaid,0,
25,bauhaus,Avolt,3,3,3,false,other | refill,Multiprise | Câble de recharge,0,
25,canova,Moustache,3,3,3,false,dining-table | dining-seat,Centre de table | Tabouret,0,
25,cuir-nupo,LIND DNA,3,3,3,false,drinkware | table-linen,Sous-verre | Set de table,0,
25,foundation,Ferm Living,3,3,3,false,other | floor-textile,Tapis de couloir | Tapis,0,
25,quist,Stoff Nagel,3,3,3,false,candle-holder | decor-object,Bougeoir | Soliflore,0,
25,restore,Muuto,3,3,3,false,serving-accessory | entry-storage,Plateau | Panier de rangement,0,registre-gamme:Muuto:Restore
25,trefle,Fermob,3,3,3,false,table-protector | seat-accessory,Sous-plat | Coussin,0,
24,flowerpot,&Tradition,10,10,10,false,lamp,Lampadaire | Suspension | Lampe de table | Applique,0,registre-gamme:&Tradition:Flowerpot
24,ah911,Carl Hansen & Søn,2,2,2,false,low-table | seat-accessory,Table basse | Coussin,0,
24,airloop,Fermob,2,2,2,false,dining-seat | dining-table,Chaise avec accoudoirs | Table,0,
24,ball,Pols Potten,2,2,2,false,bar-seat | dining-seat,Tabouret de bar | Tabouret,0,
24,birds,Ichendorf Milano,2,2,2,false,drink-serveware | dishware,Pichet | Bol,0,
24,chap,Vitra,2,2,2,false,dining-seat | other,Tabouret | Vide-poche,0,
24,corduroy-rib-brown,HKliving,2,2,2,false,dining-seat | seat,Banc | Fauteuil,0,
24,crate,HAY,2,2,2,false,seat | dining-seat,Fauteuil | Chaise,0,
24,cristal,Ichendorf Milano,2,2,2,false,drink-serveware | drinkware,Carafe | Verre à vin,0,
24,croisette,Fermob,2,2,2,false,dining-seat | seat,Chaise avec accoudoirs | Fauteuil,0,
24,dogs,Ichendorf Milano,2,2,1,false,drinkware | other,Verre à eau | Mug,0,
24,domus,Artek,2,2,2,false,dining-seat | seat,Chaise | Fauteuil,0,
24,drop-leaf,&Tradition,2,2,2,false,low-table | dining-table,Table basse | Table,0,
24,facto,Fermob,2,2,2,false,dining-seat | bar-seat,Chaise | Chaise de bar,0,
24,feast,Serax,2,2,2,false,dishware | other,Assiette | Tasse,0,collection:serax-feast:EQUALS
24,feve,Ferm Living,2,2,2,false,desk-space | low-table,Bureau | Table d'appoint,0,
24,fish,Pols Potten,2,2,2,false,other | dishware,Tirelire | Assiette,0,
24,fountain,Ferm Living,2,2,2,false,other | drinkware,Bain d'oiseaux | Centre de table,0,
24,garden-picnic,Ichendorf Milano,2,2,2,false,drinkware | drink-serveware,Verre à eau | Carafe,0,
24,happy-days,Pols Potten,2,2,2,false,candle-holder | dining-seat,Bougeoir | Chaise,0,
24,iris,Ichendorf Milano,2,2,2,false,decor-object | candle-holder,Vase | Bougeoir,0,
24,karuselli,Artek,2,2,2,false,seat | lounge-seat,Fauteuil | Repose-pieds,0,
24,lobby,HKliving,2,2,2,false,dining-seat | seat,Banc | Fauteuil,0,
24,lodge,HKliving,2,2,2,false,dining-seat | seat,Banc | Fauteuil,0,
24,marine-garden,Ichendorf Milano,2,2,2,false,drinkware | drink-serveware,Verre à eau | Pichet,0,
24,massif,&Tradition,2,2,2,false,dining-seat | bar-seat,Tabouret snack | Tabouret de bar,0,
24,mg501-cuba,Carl Hansen & Søn,2,2,2,false,seat | dining-seat,Fauteuil | Chaise,0,
24,miffy,Fatboy,2,2,2,false,floor-textile | other,Tapis | Sac,0,
24,nike,Vitra,2,2,2,false,other | wall-decor,Livre | Affiche,0,
24,picolino,Fermob,2,2,2,false,garden-accessory | dining-table,Jardinière | Table,0,
24,picoti,Fermob,2,2,2,false,table-protector | garden-accessory,Sous-plat | Mangeoire à oiseaux,0,
24,robot,Pols Potten,2,2,2,false,low-table | dining-seat,Table d'appoint | Tabouret,0,
24,round,Pols Potten,2,2,2,false,other | dining-seat,Boîte de conservation | Tabouret,0,
24,serviette-de-bain,HKliving,2,2,1,false,bath-textile | table-linen,Serviette de bain | Serviette de plage,0,
24,sogni-d-oriente,Ichendorf Milano,2,2,2,false,drink-serveware | other,Pichet | Théière,0,
24,talking-tress,Ichendorf Milano,2,2,2,false,drinkware | drink-serveware,Verre à eau | Carafe,0,
24,travasi,Ichendorf Milano,2,2,2,false,drink-serveware | dishware,Carafe à décanter | Bol,0,
24,twister,Pols Potten,2,2,2,false,low-table | candle-holder,Table d'appoint | Bougeoir,0,
24,undressed,Pols Potten,2,2,2,false,dishware | other,Bol | Théière,0,
21,shell-ceramics,HKliving,8,8,8,false,dishware,Bol à tapas | Plat de service | Saladier,0,
21,apex,HAY,6,6,6,false,lamp,Lampe de bureau | Applique | Lampe à pince | Lampadaire | Lampe de table,0,
20,lampe-baladeuse,Fermob,8,8,7,false,lamp,Lampe baladeuse | Lampe,0,
20,slit,HAY,8,8,8,false,low-table,Table basse | Table d'appoint,0,
20,70s-cutlery,HKliving,5,5,5,false,other,Couteau à beurre | Fourchette à dessert | Cuillère à café | Pelle à fromage | Service de couverts,0,
19,botanical,HKliving,7,7,7,false,lounge-seat,Pouf | Élément de canapé,0,
19,burnt-sky,HKliving,7,7,7,false,lounge-seat,Élément de canapé | Pouf,0,
19,straciatella,HKliving,7,7,7,false,lounge-seat,Élément de canapé | Pouf,0,
18,landscape,Pastoe,6,6,6,false,other,Buffet | Armoire murale,0,
18,copenhagen,&Tradition,5,5,5,false,lamp,Lampadaire | Suspension | Lampe de table,0,
17,formakami,&Tradition,5,5,5,false,lamp,Suspension | Lampe de table,0,
16,parcel,Ferm Living,4,4,4,false,other,Meuble de rangement | Piédestal,0,
16,verre-a-vin-rouge,Iittala,4,5,2,false,drinkware,Verre à vin rouge | Verre à vin,0,
16,arum,Ferm Living,3,3,3,false,lamp,Applique | Lampadaire | Lampe de table,0,registre-gamme:Ferm Living:Arum
16,bellevue,&Tradition,3,3,3,false,lamp,Lampadaire | Lampe de table | Applique,0,
16,bold,Moustache,3,3,3,false,dining-seat,Chaise | Banc | Tabouret,0,
16,journey,&Tradition,3,3,3,false,lamp,Lampadaire | Lampe de table et applique murale | Applique,0,
16,rooftop,Pols Potten,3,3,3,false,drinkware,Verre à eau | Verre à vin | Coupe à champagne,0,
16,topan,&Tradition,3,3,3,false,lamp,Lampadaire | Suspension | Lampe de table,0,
15,capture,&Tradition,3,3,3,false,entry-storage,Porte-manteau | Patère,0,
15,ch24-wishbone,Carl Hansen & Søn,3,3,3,false,dining-seat,Chaise | Chaise enfant,0,
15,sett,&Tradition,3,3,3,false,low-table,Table basse | Table d'appoint,0,
15,space,HKliving,3,3,3,false,other,Buffet | Commode,0,
15,sunday,HKliving,3,3,3,false,dishware,Bol | Assiette,0,
14,atlas-of-furniture-design,Vitra,2,2,2,false,other,Livre | Sac cabas,0,
14,avec-repose-pieds,&Tradition,2,2,1,false,lounge-seat,Tabouret de bar | Chaise snack,0,
14,bird-patterned,Pols Potten,2,2,2,false,dishware,Assiette | Bol,0,
14,chess,Pols Potten,2,2,2,false,other,Théière | Mug,0,
14,cobalt-mix,Pols Potten,2,2,2,false,drinkware,Verre à eau | Verre à vin,0,
14,collective-tools,Iittala,2,2,2,false,other,Couteau à beurre | Cuillère de service,0,
14,drawn,&Tradition,2,2,2,false,dining-seat,Chaise avec accoudoirs | Chaise,0,
14,dune-premium,Fermob,2,2,2,false,dining-seat,Chaise | Chaise avec accoudoirs,0,
14,e500,Carl Hansen & Søn,2,2,2,false,seat-accessory,Coussin | Housse,0,
14,fish-fish,Serax,2,2,2,false,drink-serveware,Service de carafe | Carafe,0,
14,forma,HKliving,2,2,2,false,other,Buffet | Commode,0,
14,kastehelmi,Iittala,2,2,2,false,dishware,Assiette | Bol,0,registre-gamme:Iittala:Kastehelmi
14,la-mere,Serax,2,2,2,false,dishware,Bol | Assiette creuse,0,collection:serax-la-mere:EQUALS
14,louvre,Fermob,2,2,2,false,dining-seat,Chaise | Chaise avec accoudoirs,0,
14,nod,Tiptoe,2,2,2,false,lamp,Lampe à pince | Lampe de table,0,
14,numbra,&Tradition,2,2,2,false,lamp,Lampe de table | Suspension,0,
14,original-1227,Anglepoise,2,2,2,false,lamp,Lampe de bureau | Suspension,0,
14,ribambelle,Fermob,2,2,2,false,dining-table,Table à rallonge | Table,0,
14,rouli,Ferm Living,2,2,2,false,lounge-seat,Canapé | Pouf,0,
14,salsa,Fermob,2,2,2,false,low-table,Table basse | Table d'appoint,0,
14,spacious,HKliving,2,2,2,false,other,Buffet | Commode,0,
14,taula,Ferm Living,2,2,2,false,low-table,Table basse | Table d'appoint,0,
14,thonet,Vitra,2,2,1,false,other,Miniature | Livre,0,
14,tilu,Ferm Living,2,2,2,false,other,Lit bébé | Commode,0,
14,type-75,Anglepoise,2,2,2,false,lamp,Lampe de table | Lampadaire,0,
11,sato,Iittala,6,6,5,false,dishware | entry-storage | drinkware,Assiette creuse | Assiette | Plat de service | Boîte de rangement | Verre à eau,6,
11,curve,LIND DNA,4,4,2,false,drinkware | table-linen,Sous-verre | Set de table,2,
9,lychee,HKliving,2,2,1,false,dishware | lamp,Assiette à dessert | Suspension,1,
9,skyline,HKliving,2,2,1,false,other | decor-object,Beurrier | Objet décoratif,1,
5,wood,HKliving,3,3,2,false,other,Service de couverts | Meuble TV,1,
-6,lime,HKliving,2,2,1,false,candle-holder | lamp-base,Bougeoir | Pied de lampe,2,
-16,oyster,HKliving,2,2,2,false,dishware,Bol décoratif | Saladier,2,
