tag,etat,affectations_toutes,actifs_publies,dependances,tags_publics_proches
boelleke,absent de Shopify,0,0,registre-gamme:Fatboy:Boelleke,bolleke (distance 1)
color-crate,absent de Shopify,0,0,registre-gamme:HAY:Color crate,
connect-modular-sofa,absent de Shopify,0,0,registre-gamme:Muuto:Connect modular sofa,
de,absent de Shopify,0,0,registre-gamme:Serax:Dé,
dennis-guidone,absent de Shopify,0,0,designer:denis-guidone,denis-guidone (distance 1)
dots-wood,absent de Shopify,0,0,registre-gamme:Muuto:Dots wood,
hi-lo,absent de Shopify,0,0,registre-gamme:&Tradition:Hi Lo,
massimo-mariani,absent de Shopify,0,0,designer:massimo-mariani,
mette-rolf-hay,absent de Shopify,0,0,designer:mette-rolf-hay,
new-classics,absent de Shopify,0,0,registre-gamme:HKliving:New classics,
promo,absent de Shopify,0,0,collection:promotions:EQUALS,
promo-siege-ete-2026,absent de Shopify,0,0,collection:promotions:EQUALS | collection:promo-4eme-chaise-offerte:EQUALS | collection:promo-chaises-hay:EQUALS | collection:promo-chaises-fermob:EQUALS | collection:promo-chaises-vitra:EQUALS | collection:promo-chaises-tradition:EQUALS | collection:promo-chaises-fatboy:EQUALS,
rijksmuseum,absent de Shopify,0,0,registre-gamme:Pols Potten:Rijksmuseum,
sale,absent de Shopify,0,0,collection:promotions:EQUALS,
sculptural-confluence,absent de Shopify,0,0,registre-gamme:Serax:Sculptural Confluence,
soft-pad-chair,absent de Shopify,0,0,registre-gamme:Vitra:Soft pad chair,
stacked-system,absent de Shopify,0,0,registre-gamme:Muuto:Stacked system,
sumo,absent de Shopify,0,0,registre-gamme:Fatboy:Sumo,
vulpes,absent de Shopify,0,0,registre-gamme:Iittala:Vulpes,
zigzag,absent de Shopify,0,0,registre-gamme:Pols Potten:Zigzag,zig-zag (distance 1)
1900,présent sur le site,11,8,registre-gamme:Fermob:1900,
70s-ceramics,présent sur le site,82,67,registre-gamme:HKliving:70s ceramics,
about-a-chair,présent sur le site,28,2,registre-gamme:HAY:About a chair,
achille-castiglioni,présent sur le site,41,1,designer:achille-castiglioni,
after-midnight,présent sur le site,3,3,collection:serax-midnight-creatures:EQUALS,
aino-aalto,présent sur le site,10,8,designer:aino-aalto,
akari-suspensions,présent sur le site,17,17,registre-gamme:Vitra:Akari,
alessandra-baldereschi,présent sur le site,145,40,designer:alessandra-baldereschi,
alexander-girard,présent sur le site,45,44,designer:alexander-girard,
alvar-aalto,présent sur le site,89,84,collection:alvar-aalto:EQUALS | designer:alvar-aalto,
anderssen-voll,présent sur le site,79,30,designer:anderssen-voll,
anita-le-grelle,présent sur le site,60,1,designer:anita-le-grelle,
annebet-philips,présent sur le site,21,3,designer:annebet-philips,
antoine-lesur,présent sur le site,14,6,designer:antoine-lesur,
antonino-sciortino,présent sur le site,51,1,designer:antonino-sciortino,
antonio-citterio,présent sur le site,188,43,designer:antonio-citterio,
archirivolto,présent sur le site,3,3,designer:archirivolto,
arik-levy,présent sur le site,1,1,designer:arik-levy,
armchair-41-paimio,présent sur le site,1,1,registre-gamme:Artek:Fauteuil 41 Paimio,
arne-jacobsen,présent sur le site,19,5,designer:arne-jacobsen,
art-de-la-table,présent sur le site,3377,457,collection:arts-de-la-table:EQUALS,
arum,présent sur le site,10,3,registre-gamme:Ferm Living:Arum,
astrid-luglio,présent sur le site,8,2,designer:astrid-luglio,
banc,présent sur le site,145,58,collection:bancs-outdoor:EQUALS,
base,présent sur le site,38,3,registre-gamme:Serax:Base,
bellevie,présent sur le site,50,8,registre-gamme:Fermob:Bellevie,
big-game,présent sur le site,55,9,designer:big-game,
bistro,présent sur le site,25,14,registre-gamme:Fermob:Bistro,
bouroullec,présent sur le site,51,3,designer:ronan-erwan-bouroullec,
bruno-rey,présent sur le site,6,1,designer:bruno-rey,
candles,présent sur le site,10,1,collection:serax-candles:EQUALS,
carte-blanche,présent sur le site,19,3,collection:serax-carte-blanche:EQUALS | registre-gamme:Serax:Carte blanche,
catherine-sofia,présent sur le site,2,2,designer:catherine-sofia,
chaise,présent sur le site,562,172,collection:chaises-outdoor:EQUALS,
charles-ray-eames,présent sur le site,248,41,designer:charles-ray-eames,
clara-von-zweigbergk,présent sur le site,4,1,designer:clara-von-zweigbergk,
corrado-dotti,présent sur le site,6,1,designer:corrado-dotti,
daniel-rybakken,présent sur le site,3,1,designer:daniel-rybakken,
daniele-dalla-pellegrina,présent sur le site,2,1,designer:daniele-dalla-pellegrina,
de-makers-van,présent sur le site,8,7,designer:de-makers-van,
denis-guidone,présent sur le site,42,5,designer:denis-guidone,
doriana-and-massimiliano-fuksas,présent sur le site,7,1,designer:doriana-and-massimiliano-fuksas,
dorothee-becker,présent sur le site,1,1,designer:dorothee-becker,
dune,présent sur le site,65,3,collection:serax-dune:EQUALS,
earth,présent sur le site,13,1,collection:serax-earth:EQUALS,
edison,présent sur le site,24,12,registre-gamme:Fatboy:Edison,
edward-barber-jay-osgerby,présent sur le site,178,3,designer:edward-barber-jay-osgerby,
eero-aarnio,présent sur le site,4,2,designer:eero-aarnio,
erik-stehmann,présent sur le site,9,9,designer:erik-stehmann,
erwan-bouroullec,présent sur le site,30,5,designer:ronan-erwan-bouroullec,
essence,présent sur le site,15,12,registre-gamme:Iittala:Essence,
exclu-paliers,présent sur le site,1,1,collection:hors-promotions:NOT_EQUALS,
exterieur,présent sur le site,1075,461,collection:outdoor:EQUALS | collection:chaises-outdoor:EQUALS | collection:tables-outdoor:EQUALS | collection:bancs-outdoor:EQUALS | code:table-collections | code:filter-scopes | code:catalog-filters | code:product-recommendations,
f-mastropaolo-e-b-scarfati,présent sur le site,1,1,designer:f-mastropaolo-e-b-scarfati,
feast,présent sur le site,41,2,collection:serax-feast:EQUALS,
florentijn-hofman,présent sur le site,1,1,designer:florentijn-hofman,
flowerpot,présent sur le site,14,10,registre-gamme:&Tradition:Flowerpot,
frank-gehry,présent sur le site,5,2,designer:frank-gehry,
fratelli-campana,présent sur le site,5,1,designer:fratelli-campana,
frederic-gooris,présent sur le site,5,1,designer:frederic-gooris,
frederic-sofia,présent sur le site,59,45,designer:frederic-sofia,
george-nelson,présent sur le site,66,61,designer:george-nelson,
gerrit-rietveld,présent sur le site,26,14,designer:gerrit-rietveld,
goula-figuera,présent sur le site,2,2,designer:goula-figuera,
hal,présent sur le site,122,38,registre-gamme:Vitra:Hal,
hans-j-wegner,présent sur le site,110,101,collection:hans-wegner:EQUALS,
harald-guggenbichler,présent sur le site,10,8,designer:harald-guggenbichler,
hee-welling,présent sur le site,125,20,designer:hee-welling,
hella-jongerius,présent sur le site,10,6,designer:hella-jongerius,
hortense-and-valeriane,présent sur le site,1,1,designer:hortense-and-valeriane,
hvidt-molgaard,présent sur le site,11,11,designer:hvidt-molgaard,
ilmari-tapiovaara,présent sur le site,19,19,designer:ilmari-tapiovaara,
inga-sempe,présent sur le site,25,5,designer:inga-sempe,
interieur,présent sur le site,11432,3648,code:filter-scopes | code:catalog-filters,
isamu-noguchi,présent sur le site,47,44,designer:isamu-noguchi,
j-mazoyer-do,présent sur le site,3,1,designer:j-mazoyer-do,
jasper-morrison,présent sur le site,218,14,designer:jasper-morrison,
jean-charles-de-castelbajac,présent sur le site,2,1,designer:jean-charles-de-castelbajac,
jean-prouve,présent sur le site,37,9,collection:jean-prouve:EQUALS | designer:jean-prouve,
john-tree,présent sur le site,18,6,designer:john-tree,
josef-hoffmann,présent sur le site,10,1,designer:josef-hoffmann,
julien-de-smedt,présent sur le site,30,14,collection:julien-de-smedt:EQUALS | designer:julien-de-smedt,
julien-renault,présent sur le site,62,6,designer:julien-renault,
kastehelmi,présent sur le site,13,2,registre-gamme:Iittala:Kastehelmi,
konstantin-grcic,présent sur le site,9,6,designer:konstantin-grcic,
kranen-gille,présent sur le site,4,3,designer:kranen-gille,
la-mere,présent sur le site,46,2,collection:serax-la-mere:EQUALS,
les-objets-mouleversants,présent sur le site,23,4,collection:serax-les-objets-mouleversants:EQUALS,
lina-obregon,présent sur le site,9,5,designer:lina-obregon,
luca-nichetto,présent sur le site,8,8,designer:luca-nichetto,
luxembourg,présent sur le site,35,28,registre-gamme:Fermob:Luxembourg,
marc-newson,présent sur le site,2,1,designer:marc-newson,
marcel-wanders,présent sur le site,63,1,designer:marcel-wanders,
marco-sironi,présent sur le site,18,2,designer:marco-sironi,
margherita-rui,présent sur le site,9,2,designer:margherita-rui,
marie-michielssen,présent sur le site,215,5,designer:marie-michielssen,
mario-trimarchi,présent sur le site,25,1,designer:mario-trimarchi,
marni,présent sur le site,27,3,designer:marni,
matali-crasset,présent sur le site,1,1,designer:matali-crasset,
metal-sculptures,présent sur le site,50,1,collection:serax-metal-sculptures:EQUALS,
michel-charlot,présent sur le site,4,3,designer:michel-charlot,
mist,présent sur le site,42,25,registre-gamme:Ferm Living:Mist,
mist-o,présent sur le site,20,1,designer:mist-o,
mobilier-de-jardin,présent sur le site,189,113,collection:tables-outdoor:EQUALS | code:table-collections,
mobilier-exterieur,présent sur le site,417,240,collection:mobilier-exterieur:EQUALS | code:table-collections,
nathalie-schellekens,présent sur le site,5,4,designer:nathalie-schellekens,
noel,présent sur le site,233,18,collection:noel:EQUALS,
norman-trapman,présent sur le site,9,9,designer:norman-trapman,
nouveaute,présent sur le site,230,218,collection:nouveautes:EQUALS,
nynke-tynagel,présent sur le site,4,3,designer:nynke-tynagel,
oeo-studio,présent sur le site,8,8,designer:oeo-studio,
olivier-gence,présent sur le site,1,1,designer:olivier-gence,
ottolenghi,présent sur le site,42,3,designer:ottolenghi,
pagnon-et-pelhaitre,présent sur le site,42,7,designer:pagnon-et-pelhaitre,
palissade,présent sur le site,48,47,registre-gamme:HAY:Palissade,
pascal-mourgue,présent sur le site,19,10,designer:pascal-mourgue,
pascale-naessens,présent sur le site,85,1,designer:pascale-naessens,
patrick-jouin,présent sur le site,3,3,designer:patrick-jouin,
pawn,présent sur le site,13,1,collection:serax-pawn:EQUALS,
pier-giacomo-castiglioni,présent sur le site,9,1,designer:pier-giacomo-castiglioni,
piet-boon,présent sur le site,62,1,designer:piet-boon,
plan-c,présent sur le site,5,1,designer:plan-c,
polygon,présent sur le site,1,1,registre-gamme:Pols Potten:Polygon,
pond,présent sur le site,7,1,registre-gamme:Ferm Living:Pond,
promotion,présent sur le site,23,22,collection:promotions:EQUALS,
pure,présent sur le site,109,59,collection:serax-pure:EQUALS,
rely,présent sur le site,31,9,registre-gamme:&Tradition:Rely,
restore,présent sur le site,6,3,registre-gamme:Muuto:Restore,
rey,présent sur le site,6,1,registre-gamme:HAY:Rey,
ripple,présent sur le site,29,18,registre-gamme:Ferm Living:Ripple,
roderick-vos,présent sur le site,3,3,designer:roderick-vos,
ron-arad,présent sur le site,5,3,designer:ron-arad,
ronan-and-erwan-bouroullec,présent sur le site,4,2,designer:ronan-erwan-bouroullec,
ronan-bouroullec,présent sur le site,12,10,designer:ronan-erwan-bouroullec,
ronan-erwan-bouroullec,présent sur le site,223,75,designer:ronan-erwan-bouroullec,
screen-100,présent sur le site,1,1,registre-gamme:Artek:Paravent 100,
sebastian-herkner,présent sur le site,7,5,designer:sebastian-herkner,
sicily,présent sur le site,1,1,collection:serax-sicily:EQUALS,
silhouette,présent sur le site,32,2,collection:serax-silhouette:EQUALS,
silos,présent sur le site,5,1,collection:serax-silos:EQUALS,
soft-modular-sofa,présent sur le site,22,1,registre-gamme:Vitra:Soft modular sofa,
sophia,présent sur le site,20,3,collection:serax-sophia:EQUALS,
sori-yanagi,présent sur le site,3,1,designer:sori-yanagi,
stefan-scholten,présent sur le site,5,1,designer:stefan-scholten,
stool-60,présent sur le site,2,2,registre-gamme:Artek:Tabouret 60,
studio-naessi,présent sur le site,5,2,designer:studio-naessi,
table,présent sur le site,1678,169,collection:tables-outdoor:EQUALS,
table-de-cafe,présent sur le site,18,13,collection:tables-de-cafe:EQUALS,
table-de-repas,présent sur le site,398,109,collection:tables-de-salle-a-manger:EQUALS,
taf-studio,présent sur le site,36,9,designer:taf-studio,
teema,présent sur le site,21,21,registre-gamme:Iittala:Teema,
terence-conran,présent sur le site,1,1,designer:terence-conran,
terres-de-reves,présent sur le site,57,1,collection:serax-terres-de-reves:EQUALS,
teun-zwets,présent sur le site,9,9,designer:teun-zwets | registre-gamme:HKliving:Teun Zwets,
thomas-bastide,présent sur le site,1,1,designer:thomas-bastide,
thorvald,présent sur le site,21,21,registre-gamme:&Tradition:Thorvald,
tomoko-mizu,présent sur le site,12,2,designer:tomoko-mizu,
tristan-lohner,présent sur le site,52,19,designer:tristan-lohner,
verde-lanza,présent sur le site,42,1,collection:serax-verde-lanza:EQUALS | registre-gamme:Serax:Verde Lanza,
verner-panton,présent sur le site,73,42,collection:verner-panton:EQUALS | designer:verner-panton,
verrerie,présent sur le site,524,122,page-famille:verres-carafes,
wooden-doll,présent sur le site,29,28,registre-gamme:Vitra:Wooden doll,
wouters-hendrix,présent sur le site,23,4,designer:wouters-hendrix,
yrjo-kukkapuro,présent sur le site,3,3,designer:yrjo-kukkapuro,
9090,seulement hors publication,1,0,registre-gamme:Alessi:9090,
abi-alice,seulement hors publication,5,0,designer:abi-alice,
adam-cornish,seulement hors publication,3,0,designer:adam-cornish,
adam-goodrum,seulement hors publication,1,0,designer:adam-goodrum,
alba-gallizia,seulement hors publication,3,0,designer:alba-gallizia,
aldo-rossi,seulement hors publication,9,0,designer:aldo-rossi,
alejandro-ruiz,seulement hors publication,1,0,designer:alejandro-ruiz,
alessandro-mendini,seulement hors publication,20,0,designer:alessandro-mendini,
alex-gabriels,seulement hors publication,5,0,designer:alex-gabriels,
andrea-branzi,seulement hors publication,4,0,designer:andrea-branzi,
anita-dineen,seulement hors publication,1,0,designer:anita-dineen,
ann-van-hoey,seulement hors publication,53,0,designer:ann-van-hoey,
anna-e-gian-franco-gasparini,seulement hors publication,2,0,designer:anna-e-gian-franco-gasparini,
anna-gili,seulement hors publication,1,0,designer:anna-gili,
anna-perugini,seulement hors publication,1,0,designer:anna-perugini,
anselmo-vitale-carlo-mazzeri,seulement hors publication,1,0,designer:anselmo-vitale-carlo-mazzeri,
antoine-vandewoude,seulement hors publication,2,0,designer:antoine-vandewoude,
antonio-arico,seulement hors publication,1,0,designer:antonio-arico,
august,seulement hors publication,20,0,collection:serax-august:EQUALS,
bazaar,seulement hors publication,5,0,collection:serax-bazaar:EQUALS,
bea-mombaers,seulement hors publication,34,0,designer:bea-mombaers,
bela-silva,seulement hors publication,15,0,designer:bela-silva,
ben-van-berkel-unstudio,seulement hors publication,7,0,designer:ben-van-berkel-unstudio,
bertrand-lejoly,seulement hors publication,3,0,designer:bertrand-lejoly,
biagio-cisotti,seulement hors publication,1,0,designer:biagio-cisotti,
bob-verhelst,seulement hors publication,14,0,designer:bob-verhelst,
boucquillon-maaoui,seulement hors publication,15,0,designer:boucquillon-maaoui,
brian-sironi,seulement hors publication,1,0,designer:brian-sironi,
carlo-alessi,seulement hors publication,4,0,designer:carlo-alessi,
carlo-mazzeri,seulement hors publication,1,0,designer:carlo-mazzeri,
carole-baijings,seulement hors publication,1,0,designer:carole-baijings,
carolina-doni,seulement hors publication,1,0,designer:carolina-doni,
cecilie-manz,seulement hors publication,10,0,designer:cecilie-manz,
chiara-onida,seulement hors publication,4,0,designer:chiara-onida,
clare-brass,seulement hors publication,1,0,designer:clare-brass,
claudia-raimondo,seulement hors publication,3,0,designer:claudia-raimondo,
claudia-schoemig,seulement hors publication,2,0,designer:claudia-schoemig,
construct,seulement hors publication,4,0,collection:serax-construct:EQUALS,
coseincorso,seulement hors publication,1,0,designer:coseincorso,
cristina-celestino,seulement hors publication,2,0,designer:cristina-celestino,
daniel-enoksson,seulement hors publication,2,0,designer:daniel-enoksson,
david-chipperfield,seulement hors publication,36,0,designer:david-chipperfield,
doriana-e-massimiliano-fuksas,seulement hors publication,17,0,designer:doriana-e-massimiliano-fuksas,
durbino-lomazzi,seulement hors publication,3,0,designer:durbino-lomazzi,
elena-salmistraro,seulement hors publication,5,0,designer:elena-salmistraro,
elisa-gargan,seulement hors publication,1,0,designer:elisa-gargan,
elisa-giovannoni,seulement hors publication,1,0,designer:elisa-giovannoni,
emma-silvestris,seulement hors publication,13,0,designer:emma-silvestris,
enzo-mari,seulement hors publication,2,0,designer:enzo-mari,
ettore-sottsass,seulement hors publication,59,0,designer:ettore-sottsass,
eva-claessens,seulement hors publication,2,0,designer:eva-claessens,
evelien-bleumink,seulement hors publication,2,0,designer:evelien-bleumink,
fabio-meliota,seulement hors publication,2,0,designer:fabio-meliota,
fabrizio-crisa,seulement hors publication,1,0,designer:fabrizio-crisa,
fck,seulement hors publication,13,0,collection:serax-fck:EQUALS,
federico-angi,seulement hors publication,2,0,designer:federico-angi,
filip-arickx,seulement hors publication,1,0,designer:filip-arickx,
forti-e-di-loreto,seulement hors publication,11,0,designer:forti-e-di-loreto,
foster-partners-industrial-design,seulement hors publication,6,0,designer:foster-partners-industrial-design,
franco-sargiani-eija-helander,seulement hors publication,1,0,designer:franco-sargiani-eija-helander,
frank-o-gehry,seulement hors publication,1,0,designer:frank-gehry,
frederick-gautier,seulement hors publication,9,0,designer:frederick-gautier,
gabriele-chiave,seulement hors publication,4,0,designer:gabriele-chiave,
gabriele-chiave-lorenza-bozzoli,seulement hors publication,1,0,designer:gabriele-chiave-lorenza-bozzoli,
gary-chang,seulement hors publication,1,0,designer:gary-chang,
giulio-confalonieri,seulement hors publication,1,0,designer:giulio-confalonieri,
giulio-iacchetti,seulement hors publication,24,0,designer:giulio-iacchetti,
grint,seulement hors publication,3,0,designer:grint,
guido-venturini,seulement hors publication,16,0,designer:guido-venturini,
hannes-fritz,seulement hors publication,7,0,designer:hannes-fritz,
harry-paul-van-iersel,seulement hors publication,1,0,designer:harry-paul-van-iersel,
itsumo,seulement hors publication,21,0,registre-gamme:Alessi:Itsumo,
jean-nouvel,seulement hors publication,2,0,designer:jean-nouvel,
jim-hannon-tan,seulement hors publication,3,0,designer:jim-hannon-tan,
jin-kuramoto,seulement hors publication,2,0,designer:jin-kuramoto,
john-truex,seulement hors publication,1,0,designer:john-truex,
jonas-trampedach,seulement hors publication,13,0,designer:jonas-trampedach,
jonas-van-put,seulement hors publication,1,0,designer:jonas-van-put,
jonathan-muecke,seulement hors publication,1,0,designer:jonathan-muecke,
jose-levy,seulement hors publication,3,0,designer:jose-levy,
juliette-liberman,seulement hors publication,1,0,designer:juliette-liberman,
keiji-takeuchi,seulement hors publication,9,0,designer:keiji-takeuchi,
kelly-wearstler,seulement hors publication,111,0,designer:kelly-wearstler,
kobi-wiesendanger,seulement hors publication,1,0,designer:kobi-wiesendanger,
koen-van-guijze,seulement hors publication,16,0,designer:koen-van-guijze,
kris-van-assche,seulement hors publication,19,0,designer:kris-van-assche,
kristiina-lassus,seulement hors publication,6,0,designer:kristiina-lassus,
kseniya-kravtsova,seulement hors publication,5,0,designer:kseniya-kravtsova,
kuno-prey,seulement hors publication,1,0,designer:kuno-prey,
lamzac,seulement hors publication,4,0,registre-gamme:Fatboy:Lamzac,
lauren-van-driessche,seulement hors publication,2,0,designer:lauren-van-driessche,
leif-jorgensen,seulement hors publication,13,0,designer:leif-jorgensen,
lighting,seulement hors publication,50,0,collection:serax-lighting:EQUALS,
linear,seulement hors publication,8,0,registre-gamme:Muuto:Linear,
lluis-clotet,seulement hors publication,5,0,designer:lluis-clotet,
louis-de-limburg,seulement hors publication,7,0,designer:louis-de-limburg,
luc-tuymans,seulement hors publication,1,0,designer:luc-tuymans,
lucy-d-karin-santorso-barbara-ambrosz,seulement hors publication,1,0,designer:lucy-d-karin-santorso-barbara-ambrosz,
luigi-caccia-dominioni,seulement hors publication,16,0,designer:luigi-caccia-dominioni,
mags,seulement hors publication,18,0,registre-gamme:HAY:Mags,
marc-ferrand,seulement hors publication,2,0,designer:marc-ferrand,
marcello-jori,seulement hors publication,3,0,designer:marcello-jori,
marco-zanuso,seulement hors publication,5,0,designer:marco-zanuso,
marie,seulement hors publication,54,0,collection:serax-marie:EQUALS,
marijn-oomen,seulement hors publication,4,0,designer:marijn-oomen,
mario-botta,seulement hors publication,1,0,designer:mario-botta,
marta-sansoni,seulement hors publication,11,0,designer:marta-sansoni,
massimo-giacon,seulement hors publication,15,0,designer:massimo-giacon,
mattia-di-rosa,seulement hors publication,1,0,designer:mattia-di-rosa,
mediterraneo,seulement hors publication,8,0,registre-gamme:Alessi:Mediterraneo,
michael-anastassiades,seulement hors publication,37,0,designer:michael-anastassiades,
michael-graves,seulement hors publication,11,0,designer:michael-graves,
michel-boucquillon-donia-maaoui,seulement hors publication,2,0,designer:michel-boucquillon-donia-maaoui,
michele-de-lucchi,seulement hors publication,25,0,designer:michele-de-lucchi,
miriam-mirri,seulement hors publication,19,0,designer:miriam-mirri,
moka,seulement hors publication,10,0,registre-gamme:Alessi:Moka,
moretti-savoy,seulement hors publication,2,0,designer:moretti-savoy,
muller-van-severen,seulement hors publication,35,0,designer:muller-van-severen,
nadia-gallardo,seulement hors publication,1,0,designer:nadia-gallardo,
nadine-dewart,seulement hors publication,3,0,designer:nadine-dewart,
naoto-fukasawa,seulement hors publication,67,0,designer:naoto-fukasawa,
nel-maertens,seulement hors publication,1,0,designer:nel-maertens,
nendo,seulement hors publication,14,0,designer:nendo,
nick-geipel,seulement hors publication,1,0,designer:nick-geipel,
nika-zupanc,seulement hors publication,12,0,designer:nika-zupanc,
norm-architects,seulement hors publication,26,0,designer:norm-architects,
original,seulement hors publication,1,0,registre-gamme:Fatboy:Original,originals (distance 1)
out-of-lines,seulement hors publication,24,0,collection:serax-out-of-lines:EQUALS,
paolo-gerosa,seulement hors publication,3,0,designer:paolo-gerosa,
paolo-golinelli,seulement hors publication,1,0,designer:paolo-golinelli,
paolo-ulian,seulement hors publication,4,0,designer:paolo-ulian,
pascal-hien,seulement hors publication,2,0,designer:pascal-hien,
passe-partout,seulement hors publication,26,0,collection:serax-passe-partout:EQUALS,
patricia-urquiola,seulement hors publication,28,0,designer:patricia-urquiola,
patrick-paris,seulement hors publication,6,0,designer:patrick-paris,
patrik-illo,seulement hors publication,13,0,designer:patrik-illo,
pauline-deltour,seulement hors publication,2,0,designer:pauline-deltour,
perfect-imperfection,seulement hors publication,27,0,collection:serax-perfect-imperfection:EQUALS,
peter-sipos,seulement hors publication,3,0,designer:peter-sipos,
philippe-malouin,seulement hors publication,12,0,designer:philippe-malouin,
philippe-mathieu,seulement hors publication,2,0,designer:philippe-mathieu,
philippe-starck,seulement hors publication,20,0,designer:philippe-starck,
pierre-charpin,seulement hors publication,6,0,designer:pierre-charpin,
playlab,seulement hors publication,3,0,designer:playlab,
plisse,seulement hors publication,12,0,registre-gamme:Alessi:Plissé,
pottery,seulement hors publication,31,0,collection:serax-pottery:EQUALS,
renate-vos,seulement hors publication,3,0,designer:renate-vos,
richard-sapper,seulement hors publication,16,0,designer:richard-sapper,
roos-van-de-velde,seulement hors publication,29,0,designer:roos-van-de-velde,
ruben-deriemaeker,seulement hors publication,1,0,designer:ruben-deriemaeker,
rudolph,seulement hors publication,14,0,collection:serax-rudolph:EQUALS,
santiago-de-borja,seulement hors publication,5,0,collection:serax-santiago-de-borja:EQUALS,
seppe-van-heusden,seulement hors publication,5,0,designer:seppe-van-heusden,
sergio-herman,seulement hors publication,132,0,designer:sergio-herman,
serving-spring,seulement hors publication,1,0,collection:serax-serving-spring:EQUALS,
simon-jones,seulement hors publication,2,0,designer:simon-jones,
simone-fanciullacci,seulement hors publication,2,0,designer:simone-fanciullacci,
sofisticato,seulement hors publication,8,0,collection:serax-sofisticato:EQUALS,
sophie-casier,seulement hors publication,1,0,designer:sophie-casier,
stefano-giovannoni,seulement hors publication,71,0,designer:stefano-giovannoni,
studio-ottawa,seulement hors publication,3,0,designer:studio-ottawa,
studio-simple,seulement hors publication,23,0,designer:studio-simple,
studiopepe,seulement hors publication,4,0,designer:studiopepe,
surface,seulement hors publication,72,0,collection:serax-surface:EQUALS,
susan-cohn,seulement hors publication,1,0,designer:susan-cohn,
sylvain-willenz,seulement hors publication,12,0,designer:sylvain-willenz,
the-josephine-collection,seulement hors publication,8,0,collection:serax-the-josephine-collection:EQUALS,
theo-williams,seulement hors publication,1,0,designer:theo-williams,
thijs-prinsen,seulement hors publication,3,0,designer:thijs-prinsen,
toyo-ito,seulement hors publication,6,0,designer:toyo-ito,
tsukasa-goto,seulement hors publication,7,0,designer:tsukasa-goto,
tudelft-titus-wybenga,seulement hors publication,1,0,designer:tudelft-titus-wybenga,
urban-jungle,seulement hors publication,29,0,collection:serax-urban-jungle:EQUALS,
utilise-objects,seulement hors publication,3,0,designer:utilise-objects,
valerio-sommella,seulement hors publication,10,0,designer:valerio-sommella,
vincent-van-duysen,seulement hors publication,109,0,designer:vincent-van-duysen,
virgil-abloh,seulement hors publication,4,0,designer:virgil-abloh,
vlaemynck,seulement hors publication,4,0,designer:vlaemynck,
waww-la-table,seulement hors publication,17,0,designer:waww-la-table,
wiel-arets,seulement hors publication,5,0,designer:wiel-arets,
william-alsop,seulement hors publication,1,0,designer:william-alsop,
wind-fire,seulement hors publication,1,0,collection:serax-wind-fire:EQUALS | collection:serax-wind-fire-1:EQUALS | collection:serax-wind-fire-2:EQUALS,
zaha-hadid,seulement hors publication,2,0,designer:zaha-hadid,
zuma,seulement hors publication,27,0,collection:serax-zuma:EQUALS,
