type_produit,affectations_toutes,actifs,actifs_publies,roles_actuels,classification_fonctionnelle_a_faire,marques_publiques,exemples
Élément de canapé,518,518,518,lounge-seat,false,HKliving,hkliving-element-de-canape-meridienne-gauche-flake-cocoon | hkliving-element-de-canape-dangle-arrondi-jax-royal-velvet | hkliving-element-de-canape-dangle-bronco-botanical | hkliving-element-de-canape-dangle-bronco-burnt-sky | hkliving-element-de-canape-dangle-bronco-natural | hkliving-element-de-canape-dangle-bronco-retro | hkliving-element-de-canape-dangle-bronco-straciatella | hkliving-element-de-canape-lit-de-repos-bronco-botanical
Coussin,553,246,243,seat-accessory,false,HAY | Fermob | &Tradition | Fatboy | HKliving | Vitra | Carl Hansen & Søn | Artek | Ferm Living,coussin-hay-palissade-cushion-1075-x-435-cm | coussin-hay-palissade-cushion-1185-x-545-cm | coussin-hay-palissade-cushion-37-x-37-cm | coussin-hay-palissade-cushion-415-x-415-cm | coussin-hay-palissade-cushion-525-x-48-cm | coussin-hay-palissade-quilted-cushion-1035-x-445-cm | coussin-hay-palissade-quilted-cushion-1075-x-1045-cm | coussin-hay-palissade-quilted-cushion-117-x-495-cm
Vase,435,182,176,decor-object,false,Pols Potten | Iittala | &Tradition | HKliving | Vitra | Serax | Ichendorf Milano | Marimekko | Moustache | Carl Hansen & Søn | Ferm Living,vase-coral-reef | vase-roman-set-4 | vase-crackled-glass-ball-body | vase-structure | vase-collision | vase-ice | vase-small-city | vase-puyi
Fauteuil,476,170,168,seat | lounge-seat,false,HAY | Fermob | Pols Potten | Fatboy | &Tradition | Carl Hansen & Søn | Moustache | Pastoe | Artek | Vitra | Ferm Living | HKliving,fauteuil-hay-palissade-cantilever-lounge-chair-low | fauteuil-hay-palissade-lounge-chair-low | fauteuil-hay-palissade-lounge-chair-high | fauteuil-hay-palissade-cord-lounge-chair-low | fauteuil-aluminium-somerset-3232 | fauteuil-aluminium-studie-lounge-chene | fauteuil-hay-crate-lounge-chair | fauteuil-metal-1900-cabriolet
Canapé,497,147,144,lounge-seat,false,HAY | Fermob | &Tradition | Carl Hansen & Søn | Moustache | Artek | Vitra | Ferm Living | HKliving | Fatboy | Pols Potten,canape-hay-palissade-lounge-sofa | canape-hay-palissade-cord-lounge-sofa | canape-aluminium-bellevie-3-places | canape-aluminium-somerset-2-places | canap-tradition-thorvald-sc110 | canape-bm0865 | canape-ch102 | canape-ch103
Pouf,284,146,143,lounge-seat,false,Pols Potten | Fatboy | Ferm Living | HKliving,pouf-braided-outdoor | pouf-lounge-bonbaron-outdoor | pouf-buggle-up-outdoor | pouf-original-floatzac | pouf-original-outdoor | pouf-original-slim-teddy | pouf-original-slim-terry | pouf-original-slim-velvet
Chaise,419,141,136,dining-seat,false,HAY | Fermob | Pols Potten | Fatboy | Vitra | Artek | &Tradition | Ferm Living | Carl Hansen & Søn | Moustache | Pastoe | HKliving,chaise-hay-palissade-cantilever-chair | chaise-hay-palissade-chair | chaise-hay-outdoor-market-folding-chair | chaise-stripe-3260 | chaise-studie-chene | chaise-hay-crate-dining-chair | chaise-hay-deville-chair | chaise-metal-1900-2201
Table,412,134,132,dining-table | bar-table,false,HAY | Fermob | Pols Potten | Fatboy | Artek | Vitra | String Furniture | &Tradition | Carl Hansen & Søn | Pastoe | HKliving,table-hay-palissade-cone-table-65-x-65-cm | table-hay-palissade-cone-table-o70-cm | table-hay-palissade-cone-table-o90-cm | table-metal-soo-o-117-cm | table-metal-soo-chene-180-x-90-cm | table-metal-1900-o-96-cm | table-metal-1900-o-117-cm | table-metal-airloop-o-60-cm
Suspension,310,121,121,lamp | refillable,false,&Tradition | Fatboy | HKliving | Anglepoise | Artek | Muuto | Vitra | Carl Hansen & Søn | HAY | Ferm Living,suspension-blown-sw3 | suspension-blown-sw4 | suspension-copenhagen-sc6 | suspension-copenhagen-sc7 | suspension-copenhagen-sc8 | suspension-flowerpot-vp1 | suspension-flowerpot-vp10 | suspension-flowerpot-vp2
Table basse,225,113,113,low-table | dining-seat | drinkware,false,HAY | Fermob | Pols Potten | Fatboy | Artek | Vitra | &Tradition | Carl Hansen & Søn | Moustache | Ferm Living | Pastoe | HKliving,table-basse-hay-palissade-815-x-86-cm | table-basse-metal-salsa-3271 | table-basse-metal-sixties-76-x-55-5-cm | table-basse-metal-1900-o-45-cm | table-basse-aluminium-alize-o-48-cm | table-basse-metal-bellevie-74-x-80-cm | table-basse-metal-bellevie-grande-138-x-80-cm | table-basse-metal-cocotte-ovale-55-x-44-5-cm-plateau-amovible
Tapis,910,100,99,floor-textile,false,&Tradition | Fatboy | HKliving | HAY | Moustache | Carl Hansen & Søn | Ferm Living,tapis-collect-rug-sc84-l170 | tapis-collect-rug-sc85-l200 | tapis-cruise-rug-ap11-l240-w240 | tapis-cruise-rug-ap12-l200-w300 | tapis-cruise-rug-ap23-l240-w170 | tapis-the-moor-rug-ap18-l170-w240 | tapis-the-moor-rug-ap19-l200-w300 | tapis-the-moor-rug-ap5-l170-w240
Lampe de table,241,86,83,lamp,false,HAY | Pols Potten | &Tradition | Fatboy | HKliving | Anglepoise | Artek | Muuto | Ferm Living | Serax | Vitra | Tiptoe | Carl Hansen & Søn | Moustache | Pastoe,lampe-de-table-hay-apex-table-lamp | lampe-hiding-lady | table-neox-table-lamp | table-bulle-table-lamp | lampe-de-chevet-bellevue-plug-in-aj11-with-switch | lampe-de-table-caret-mf1 | lampe-de-chevet-colette-atd6 | lampe-de-table-como-sc53
Sculpture,109,77,77,decor-object,false,Vitra | Pols Potten | Iittala | HKliving | Moustache,sculpture-eames-house-bird | sculpture-bubble-glass-ball | sculpture-calming-pebbles | sculpture-bubbles-and-bottles-l | sculpture-unglazed-porcelain-sparrows-set-of-4 | sculpture-bubbles-and-bottles-xxl | sculpture-wolf-watering-can | sculpture-paradise-birds
Bougeoir,215,71,70,candle-holder,false,Pols Potten | Iittala | &Tradition | HKliving | Serax | Ichendorf Milano | Fatboy | Stoff Nagel | Carl Hansen & Søn,bougeoir-formy | bougeoir-happy-days | bougeoir-apple-tree | bougeoir-climbing-pole | bougeoir-ultima-thule | bougeoir-festivo-12-cm | bougeoir-festivo-22-cm | bougeoir-drip
Table d'appoint,131,73,70,low-table,false,Fermob | Pols Potten | Artek | &Tradition | Moustache | Ferm Living | HAY | Pastoe | HKliving,table-d-appoint-aluminium-bebop-o-35-cm | table-d-appoint-metal-cocotte-o-34-cm | table-basse-metal-salsa-3270 | table-d-appoint-pawn | table-d-appoint-striped-pill | table-d-appoint-chubby | table-d-appoint-stub | table-d-appoint-classic
Miroir,112,65,63,wall-decor,false,Pols Potten | &Tradition | HKliving | Vitra | Ferm Living | Moustache | Carl Hansen & Søn | Pastoe | Fatboy,miroir-melting | miroir-amore-mirror-sc49 | miroir-amore-mirror-sc50-w60 | miroir-amore-mirror-sc56 | miroir-sillon-mirror-sh4 | miroir-sillon-mirror-sh5 | miroir-sillon-mirror-sh7-w60 | hkliving-miroir-de-coiffeuse-cream-set-0
Miniature,62,62,62,other | dining-seat | lounge-seat,false,Vitra,miniature-mackintosh-hill-house-vert | miniature-hoffmann-sitzmaschine | miniature-rietveld-rood-blauwe-stoel | miniature-breuer-b3-wassily | miniature-mies-van-der-rohe-mr20-cuir | miniature-rietveld-zig-zag-stoel | miniature-eames-dcw-rouge | miniature-eames-lcw-naturel
Tabouret,119,61,61,dining-seat | bar-seat,false,HAY | Fermob | Pols Potten | Vitra | Fatboy | Artek | &Tradition | Tiptoe | Carl Hansen & Søn | Moustache | Pastoe | HKliving,tabouret-hay-palissade-stool | tabouret-aluminium-alize-8918 | tabouret-metal-bellevie-8490 | tabouret-metal-cocotte-h-45-cm | tabouret-aluminium-luxembourg-4111 | tabouret-aluminium-luxembourg-de-bar | tabouret-aluminium-piapolo-3206 | tabouret-zig-zag-outdoor
Linge de lit,59,57,57,other | seat-accessory,false,HAY,taie-doreiller-fineline-63-60-cm | taie-doreiller-fineline-80-80-cm | taie-doreiller-fineline-100-65-cm | housse-de-couette-ete-135-200-cm | housse-de-couette-ete-140-200-cm | housse-de-couette-ete-140-220-cm | housse-de-couette-ete-150-210-cm | housse-de-couette-ete-155-220-cm
Housse de canapé,56,56,56,seat-accessory,false,HKliving,hkliving-housse-de-canape-nomad-corduroy-rib-204-cm | hkliving-housse-de-canape-nomad-cocoon-204-cm | hkliving-housse-de-canape-nomad-corduroy-velvet-204-cm | hkliving-housse-de-canape-nomad-cosy-204-cm | hkliving-housse-de-canape-nomad-coton-204-cm | hkliving-housse-de-canape-nomad-dallas-204-cm | hkliving-housse-de-canape-nomad-deco-204-cm | hkliving-housse-de-canape-nomad-knotted-204-cm
Banc,109,45,45,dining-seat,false,HAY | Fermob | Artek | &Tradition | Carl Hansen & Søn | Moustache | Pastoe | Ferm Living | HKliving | Vitra,banc-hay-palissade-bench | banc-aluminium-somerset-3237 | banc-lounge-avec-accoudoirs-hay-traverse | banc-hay-traverse | banc-metal-1900-2204 | banc-metal-bistro-2-places | banc-metal-louisiane-150-cm | banc-metal-louisiane-200-cm
Plateau,172,47,43,serving-accessory,false,Fermob | HKliving | Iittala | &Tradition | Blomus | Vitra | Muuto | String Furniture | Carl Hansen & Søn | Artek,plateau-metal-alto-alto-53-x-38-5-cm | plateau-metal-alto-alto-36-x-23-cm | hkliving-plateau-xl-papaya-set-0 | petits-plateaux-70s-ceramics-145-cm-lot-de-2 | hkliving-grand-plateau-grit-set-0 | hkliving-plateau-licorice-set-0 | plateau-solare-bas | plateau-solare-haut
Bol,232,44,41,dishware,false,Pols Potten | Iittala | &Tradition | HKliving | Ichendorf Milano | Serax | Vitra | Carl Hansen & Søn,bol-golden-finds-plates-set | bol-grandpa-ramen-set | bol-undressed | bol-grandpa | bol-structure | bol-aunty | bol-bird-patterned | bol-a-dessert-polygon
Assiette,269,42,40,dishware,false,Pols Potten | Iittala | Serax | Carl Hansen & Søn | HKliving,assiette-grandpa-side | assiette-chess-side | assiette-aunty-dinner | assiette-grandpa-dinner | assiette-fish | assiette-bird-patterned | assiette-kastehelmi-25-cm | assiette-ultima-thule-19-cm
Verre à eau,311,39,39,drinkware,false,Ferm Living | Pols Potten | Iittala | &Tradition | HKliving | Ichendorf Milano,verre-a-eau-ripple-lot-de-4 | verre-a-eau-ripple-long-drink-set-4 | verre-a-eau-bas-ripple-lot-de-4 | verre-a-eau-blocks | verre-a-eau-rooftop | verre-a-eau-cuttings | verre-a-eau-blossom-glasses | verre-a-eau-cobalt-mix
Figurine,105,43,39,other,true,Vitra,sculpture-girard-bird | sculpture-girard-ornaments | sculpture-resting-bear | sculpture-wooden-doll-cat-vitra | sculpture-wooden-doll-dog-vitra | sculpture-wooden-doll-little-devil-vitra | sculpture-wooden-dolls-mother-fish-vitra | sculpture-resting-bird
Mobile,43,38,38,decor-object,false,Volta Mobiles,mobile-sur-pied-alaska | mobile-sur-pied-berlin | mobile-sur-pied-antartica | mobile-sur-pied-hawaii | mobile-sur-pied-bali | mobile-sur-pied-fiji | mobile-sur-pied-tao | mobile-sur-pied-bengal
Chaise avec accoudoirs,172,39,37,dining-seat,false,HAY | Fermob | Fatboy | &Tradition | Vitra | Ferm Living | Carl Hansen & Søn | Pastoe,chaise-hay-palissade-cantilever-armchair | chaise-hay-palissade-cantilever-dining-armchair | chaise-hay-palissade-armchair | chaise-hay-palissade-dining-armchair | chaise-hay-palissade-cord-dining-armchair | fauteuil-studie-6912 | fauteuil-studie-chene | chaise-hay-deville-armchair
Lampadaire,133,37,37,lamp,false,HAY | Pols Potten | &Tradition | Fatboy | HKliving | Anglepoise | Artek | Fermob | Ferm Living | Vitra | Carl Hansen & Søn | Pastoe,lampadaire-hay-apex-floor-lamp | lampadaire-bulle | lampadaire-bellevue-aj7 | lampadaire-copenhagen-sc14 | lampadaire-flowerpot-vp12 | lampadaire-journey-shy4-brushed-steel-base | lampadaire-topan-vp14-clear-acrylic-base | lampadaire-tripod-hm8-rotation
Cadre,39,34,34,other,true,HKliving | Carl Hansen & Søn,hkliving-cadre-days-in-the-city-127-set-0 | hkliving-cadre-get-your-groove-on-127-set-0 | hkliving-cadre-catch-my-drift-107-set-0 | hkliving-cadre-roseate-hues-107-set-0 | hkliving-cadre-endless-summer-127-set-0 | hkliving-cadre-white-sands-127-set-0 | hkliving-cadre-nomad-123-set-0 | hkliving-cadre-thousand-layers-127-set-0
Livre,95,33,33,other,true,Vitra,livre-atlas-of-furniture-design | livre-baranger-motion-displays-r-f-collection | livre-barragan-outside-barragan | livre-catwalk-the-art-of-the-fashion-show-a-to-z | livre-alexander-girard-coloring-book-la-fonda-del-sol | livre-eames-furniture-sourcebook | livre-eames-vitra | livre-essential-eames-words-pictures
Horloge,42,30,30,wall-decor,false,HKliving | Vitra | Ferm Living,hkliving-horloge-cheminee-khaki-set-0 | hkliving-horloge-retro-pink-set-0 | horloge-asterisk | horloge-ball | horloge-diamond-markers | horloge-eye | horloge-fan | horloge-petal
Tabouret de bar,108,30,28,bar-seat | lounge-seat,false,HAY | Pols Potten | Artek | &Tradition | Carl Hansen & Søn | Pastoe,tabouret-de-bar-palissade | chaise-de-bar-simple | chaise-de-bar-ball | artek-rocket-bar-stool | tabouret-de-bar-tradition-betty-tk8 | tabouret-de-bar-tradition-betty-tk8-fr | tabouret-de-bar-tradition-pavilion-av38 | tabouret-de-bar-tradition-rely-hw123
Pichet,111,27,26,drink-serveware,false,Pols Potten | Iittala | &Tradition | HKliving | Ichendorf Milano,pichet-cuttings | pichet-with-hole | pichet-peony | pichet-essence | pichet-ultima-thule-15-l | pichet-aino-aalto | plateau-momento-jug-jh38-w12-d22 | hkliving-pichet-shell-10-set-0
Buffet,39,26,26,other,true,HAY | Artek | String Furniture | Carl Hansen & Søn | Pastoe | Ferm Living | HKliving,buffet-hay-facet-cabinet-101 | artek-cabinet-250 | armoire-string-system-portes-miroir | armoire-string-system-portes-coulissantes | armoire-string-system-porte-abattante | armoire-string-system-porte-battante | armoire-string-system-serrure | petite-armoire-string-system
Mug,111,24,24,other,true,Pols Potten | Iittala | Ichendorf Milano | Vitra | Marimekko | HKliving,mug-aunty | mug-grandpa | mug-golden-finds-tea-set | mug-legacy | mug-gobi-cappuccino | mug-polygon-cappuccino-cups | mug-polygon-latte-cups | mug-a-cafe-origo
Abat-jour,89,23,22,shade,false,Pols Potten | Fatboy | HKliving | Vitra | Ferm Living,abat-jour-soft-gloss | abat-jour-soft-canvas | abat-jour-cooper-cappie | abat-jour-mini-cappie-set | hkliving-abat-jour-plisse-camellia-set-0 | hkliving-abat-jour-printed-faces-l-set-0 | hkliving-abat-jour-cylindre-jute-jade-green-set-0 | hkliving-abat-jour-cone-soie-brown-set-0
Accessoire,284,22,20,entry-storage | dishware | other | decor-object | desk-space | candle-holder | furniture-care,false,HAY | Ferm Living | Pols Potten | Artek | String Furniture | Muuto | Stoff Nagel,accessoire-hay-hay-colour-crate-lid-plastic-large | accessoire-hay-hay-colour-crate-lid-plastic-medium | accessoire-verre-ripple-lid | accessoire-grandpa-asian-set | accessoire-grandpa-jars | accessoire-moving-chain | artek-secrets-of-finland | artek-postcards
Repose-pieds,78,20,20,lounge-seat,false,HAY | Fermob | &Tradition | Carl Hansen & Søn | Artek,table-basse-hay-palissade-65-x-60-cm | tabouret-metal-surprising-repose-pieds | tabouret-metal-surprising-repose-pieds-teck | tabouret-metal-surprising-repose-pieds-cuir | repose-pieds-tradition-ville-av46 | repose-pieds-ch280f-foot | repose-pieds-ch290f | repose-pieds-ch446
Pied de lampe,38,20,20,lamp-base,false,Fermob | Pols Potten | HKliving,lampe-metal-balad-pied-deporte | lampe-metal-balad-pied-simple | lampe-metal-balad-pied-a-planter | lampe-tree-times-base | lampe-figure-base | lampe-robot-base | lampe-gouda-base-mid | lampe-gouda-base-low
Applique,109,19,19,lamp,false,HAY | Ferm Living | &Tradition | HKliving | Artek | Carl Hansen & Søn | Vitra,applique-hay-apex-wall-lamp | applique-metal-arum-swivel-petit | applique-bellevue-aj9 | applique-bonnet-sc103 | applique-flowerpot-vp8 | applique-journey-shy2 | applique-solid-sc104 | applique-tabata-ln10
Carafe,85,19,17,drink-serveware,false,Ferm Living | Iittala | &Tradition | HKliving | Ichendorf Milano | Serax | Moustache,carafe-verre-ripple | carafe-verre-ripple-carafe-set-small | carafe-verre-ripple-wine-carafe | carafe-raami | carafe-collect-carafe-sc62-o9 | carafe-collect-carafe-sc63-o10 | hkliving-carafe-sunlit-amber-set-0 | hkliving-carafe-tube-olive-set-0
Patère,66,18,17,entry-storage,false,Vitra | Pols Potten | &Tradition | Artek | Carl Hansen & Søn | Ferm Living | Muuto,patere-hang-it-all | patere-mood | patere-capture-hanger-sc76-10-armed-w55-d16 | petite-patere-capture-sc74 | artek-kiila-coat-stand | artek-clothes-tree-160 | patere-coat-dots | patere-uten-silo
Étagère,62,18,17,entry-storage,false,Artek | Muuto | Carl Hansen & Søn | Moustache | HKliving,artek-kanto | artek-kaari-reb007 | artek-kaari-bureau-mural | etagere-stacked | etagere-fk63-deep-56x112-x-36-cm | etagere-fk63-deep-upright-112x56-x-36-cm | etagere-isola-lot-de-3 | etagere-bagou-support
Verre à vin,80,18,16,drinkware,false,Ferm Living | Pols Potten | Iittala | &Tradition | HKliving | Ichendorf Milano,verre-a-vin-ripple-wine-glasses-set-2 | verre-a-vin-cobalt-mix | verre-a-vin-cuttings | verre-a-vin-rooftop | verre-a-vin-peony | verre-a-vin-solare-29-cl-lot-de-2 | verre-a-vin-solare-40-cl-lot-de-2 | verre-a-eau-collect-wine-glass-sc79-low
Chaise de bar,43,16,16,bar-seat | lounge-seat,false,Fermob | Artek | &Tradition | HAY | HKliving,chaise-metal-bistro-de-bar-pliante | chaise-metal-facto-de-bar | chaise-aluminium-luxembourg-de-bar | artek-high-chair-k65 | chaise-aluminium-cadiz-de-bar | chaise-de-bar-tradition-betty-tk15 | chaise-de-bar-tradition-rely-hw96 | chaise-de-bar-tradition-betty-tk15-fr-1
Banc à manger,20,16,16,dining-seat,false,HAY | Fatboy | &Tradition | HKliving,banc-hay-palissade-dining-bench-armrest | banc-hay-palissade-dining-bench | banc-hay-palissade-cord-dining-bench | banc-freds | banc-toni-bankski | banc-de-table-tradition-thorvald-sc111 | banc-tradition-betty-tk4 | banc-tradition-betty-tk5
Caisse de rangement,29,15,15,entry-storage,false,HAY | Vitra | Muuto,caisse-de-rangement-hay-hay-colour-crate-hay-colour-crate-large | caisse-de-rangement-hay-hay-colour-crate-hay-colour-crate-medium | caisse-de-rangement-toolbox-re | caisse-de-rangement-drop-box | caisse-de-rangement-drop-box-tray-set | caisse-de-rangement-locker-box | module-stacked-65-x-35-x-44-cm | module-stacked-44-x-35-x-44-cm
Bol de service,15,15,15,dishware,false,Ferm Living | Iittala | HKliving,bol-de-service-verre-ripple-serving-bowls-set-4 | bol-ultima-thule-37-cm | hkliving-bol-patio-grand-mustard-set-0 | hkliving-bol-patio-petit-pale-blue-set-0 | hkliving-bol-acacia-25-set-0 | hkliving-bol-sculpte-a-la-main-set-0 | hkliving-bol-cube-teck-set-0 | hkliving-bol-decoratif-acacia-set-0
Tasse,160,17,14,other,true,Pols Potten | Ichendorf Milano | Serax | Carl Hansen & Søn | HKliving,mug-cappuccino-multi-colour | mug-espresso-multi-colour | tasse-a-the-cha-no-yu | tasse-a-the-33cl-feast | tasse-claywise-300-ml | tasse-vieux-rose | tasse-bleu-patine-300-ml | tasse-claywise
Étagère murale,129,22,14,entry-storage,false,Artek | String Furniture | Pastoe | Ferm Living | Vitra,artek-wall-shelf-112 | artek-kaari-wall-shelf | etagere-murale-string-pocket | etagere-murale-string-pocket-metal | tablette-metal-string-system-bord-bas | tablette-metal-string-system-bord-haut | tablette-chaussures-string-system | tablette-media-string-system
Décoration de Noël,62,14,14,other,true,Carl Hansen & Søn,decoration-de-noel-sapin-lot-de-3 | decoration-de-noel-ange | decoration-de-noel-etoile-lot-de-3 | decoration-de-noel-boules-lot-de-3 | decoration-de-noel-coeur-lot-de-5-6-x-6-cm | decoration-de-noel-sapin-145-cm | decoration-de-noel-sapin-115-cm | decoration-de-noel-ange-lot-de-3
Commode,16,14,14,other,true,String Furniture | Ferm Living | HKliving,commode-string-system-tiroirs | commode-haute-relief-string-furniture | commode-tilu | commode-forma-160-cm | commode-spacious-80-cm | commode-etroite-6-tiroirs | commode-74-cm | commode-2-tiroirs-60-cm
Housse de pouf,14,14,14,seat-accessory,false,HKliving,hkliving-housse-de-pouf-nomad-cocoon-72-65-cm | hkliving-housse-de-pouf-nomad-corduroy-rib-72-65-cm | hkliving-housse-de-pouf-nomad-corduroy-velvet-72-65-cm | hkliving-housse-de-pouf-nomad-cosy-72-65-cm | hkliving-housse-de-pouf-nomad-coton-72-65-cm | hkliving-housse-de-pouf-nomad-dallas-72-65-cm | hkliving-housse-de-pouf-nomad-deco-72-65-cm | hkliving-housse-de-pouf-nomad-knotted-72-65-cm
Planche,14,14,14,other,true,Carl Hansen & Søn,planche-petit | planche-moyen | planche-grand | planche-bm0568-12-x-18-cm | planche-bm0703-chene-19-cm | planche-bm0703-chene-23-cm | planche-bm0703-chene-27-cm | planche-bm0703-chene-31-cm
Affiche,13,13,13,wall-decor,false,Artek | Vitra,affiche-paimio-50-x-70-cm | affiche-beehive-50-x-70-cm | affiche-tabouret-60-50-x-70-cm | affiche-aalto-chronology-50-x-70-cm | affiche-75-ans-artek-100-x-140-cm | affiche-80-ans-artek-50-x-70-cm | affiche-85-ans-artek-50-x-70-cm | affiche-90-ans-artek-50-x-70-cm
Boîte de conservation,34,12,12,other,true,HAY | Pols Potten,boite-de-conservation-hay-tin-container-tin-container-large | boite-de-conservation-hay-tin-container-tin-container-medium | boite-de-conservation-hay-tin-container-tin-container-round | boite-de-conservation-hay-tin-container-tin-container-slim | boite-de-conservation-hay-tin-container-tin-container-small | boite-de-conservation-hay-tin-container-tin-container-x-large | boite-de-conservation-chess-jar-low | boite-de-conservation-set-3
Chaise longue,23,12,12,lounge-seat,false,HAY | Fatboy | Fermob | Carl Hansen & Søn | Artek | HKliving,fauteuil-hay-palissade-chaise-longue | fauteuil-hay-palissade-cord-chaise-longue | chaise-longue-sunbun-daybed | chaise-longue-metal-dune-1308 | canape-ow150 | chaise-longue-ah603-deck | chaise-longue-ah604-lounger | chaise-longue-bk14-lounger
Théière,54,12,11,other,true,Pols Potten | HKliving | Iittala | Ichendorf Milano,pot-golden-finds-tea | theiere-chess | theiere-undressed | theiere-grandpa | theiere-aunty | hkliving-theiere-oasis-set-0 | theiere-teema | theiere-greenwood
Saladier,49,11,11,dishware,false,HKliving | Iittala | Serax,saladier-70s-ceramics-25-cm | saladier-70s-ceramics-33-cm | saladier-solare | hkliving-saladier-coral-set-0 | hkliving-saladier-plum-set-0 | saladier-teema-165-l | saladier-teema-25-l | saladier-teema-34-l
Vide-poche,27,11,11,other,true,Fatboy | Vitra | Moustache,lampe-de-table-edison-the-petit-residence | vide-poche-chap-tray | vide-poche-o-tidy | vide-poche-s-tidy | bol-cork-bowl | vide-poche-ceramic-feeld | vide-poche-balcons-lot-de-3 | vide-poche-benitier-hetre
Bureau,41,10,10,desk-space,false,String Furniture | Carl Hansen & Søn | Artek | Ferm Living | Vitra,bureau-string-system | bureau-aj52-society-160-x-70-cm | bureau-aj52-society-140-x-70-cm | bureau-ch110-190-x-95-cm | bureau-pk52-professor | bureau-pk52a-student | bureau-ab019-wall | artek-kaari-desk-reb005
Sac,38,10,10,other,true,Fatboy | Artek,accessoire-adoreganizer | sac-sjopper-kees | sac-sjopper-kees-x-miffy | sac-baggy-bag | sac-carry-all-bag-canvas | sac-carry-all-bag-x-miffy | sac-carry-too-much-bag-canvas | artek-rivi-canvas-bag
Housse de protection,25,10,10,seat-accessory,false,HAY | HKliving,housse-de-protection-banc-palissade | housse-de-protection-canape-palissade | housse-de-protection-chaise-palissade | housse-de-protection-chaise-longue-palissade | housse-de-protection-fauteuil-bas-palissade | housse-de-protection-salon-palissade-table-170-cm | housse-de-protection-salon-palissade-table-82-5-cm | housse-de-protection-pour-canape-exterieur-en-teck
Tirelire,13,10,10,other,true,Pols Potten,tirelire-teddy | tirelire-fish | tirelire-bunny | tirelire-piggy-bank | tirelire-owl | tirelire-bunny-bum-22-12-20-cm | tirelire-owl-19-16-26-cm | tirelire-frog-17-13-26-cm
Tableau,10,10,10,other,true,HKliving,hkliving-tableau-abstrait-mustard-nude-103-set-0 | hkliving-tableau-abstrait-olive-nude-103-set-0 | hkliving-cadre-abstrait-scribbles-295x45x375cm-29-set-0 | tableau-ceci-n-est-pas-un-hotel | tableau-pocket-exhibit-creative-zone | tableau-pocket-exhibit-playscape | hkliving-tableau-abstraction-123-163-cm-8fde48e6 | hkliving-tableau-still-life-105-130-cm-3ca1e3a5
Tasse à café,27,14,9,other,true,HKliving | Iittala,tasses-a-cafe-70s-ceramics-23-cl-lot-de-4 | hkliving-tasse-a-cafe-elements-set-6 | hkliving-tasse-a-cafe-van-gogh-sunflowers-set-2 | tasses-70s-ceramics-25-cl-lot-de-4 | mugs-a-cafe-70s-ceramics-25-cl-lot-de-4 | tasses-a-cafe-artist-ceramics-8-cm-lot-de-4 | mugs-a-cafe-artist-ceramics-9-cm-lot-de-4 | tasse-a-cafe-teema
Galette,21,9,9,seat-accessory,false,&Tradition | HKliving,galette-de-chaise-tradition-thorvald-sc94-sc95 | galette-de-banc-tradition-thorvald-sc111 | galette-de-canap-tradition-thorvald-sc110 | galette-de-repose-pieds-tradition-ville-av46 | galette-de-banc-tradition-ville-av27 | galette-de-banc-tradition-ville-av28 | galette-de-tabouret-tradition-ville-av47 | galette-tradition-rfh-rd4
Parasol,18,9,9,garden-accessory,false,HKliving | Fatboy | Ferm Living,hkliving-parasol-raffia-set-0 | hkliving-parasol-striped-set-0 | hkliving-parasol-serengeti-set-0 | parasol-pensol | parasol-stripesol-350-cm | parasol-miasun | parasol-stripesol-pack-base-black | parasol-stripesol-pack-base-light-grey
Service de couverts,11,9,9,other,true,HKliving,hkliving-service-de-couverts-wood-set-16 | service-de-couteaux-a-fromage-havana-lot-de-3 | service-de-couteaux-a-fromage-coast-lot-de-3 | couverts-a-salade-vanilla-lot-de-2 | couverts-a-salade-ochre-lot-de-2 | couverts-a-salade-mist-green-lot-de-2 | service-de-couteaux-a-fromage-sage-lot-de-3 | service-de-couteaux-a-fromage-lemon-lot-de-3
Multiprise,9,9,9,other,true,Avolt | Vitra,multiprise-square-1 | multiprise-square-1-martinelli-luce | multiprise-square-1-bauhaus | multiprise-square-2 | multiprise-square-2-martinelli-luce | multiprise-square-2-bauhaus | multiprise-ampi | multiprise-square-1-300-cm
Lampe,70,8,8,lamp,false,Pols Potten | Fatboy | Fermob,lampe-mykiss-fish | lampe-big-lebow | lampe-oloha-large | lampe-oloha-medium | lampe-oloha-small | lampe-oloha-trio | lampe-pret-a-racket | lampe-aluminium-oto-h-27-cm
Pot,63,8,8,other,true,Pols Potten | Ichendorf Milano | HKliving,pot-namobo-plant | cloche-fruits-flowers | hkliving-pot-de-rangement-ceramic-14-14-18-cm-75c37479 | hkliving-bocal-de-conservation-70s-ceramics-xs-8-8-11-cm-fc8c55e1 | hkliving-bocal-de-conservation-70s-ceramics-petit-8-8-13-cm-860d904d | hkliving-bocal-de-conservation-70s-ceramics-moyen-8-8-18-cm-515b3c66 | hkliving-pot-avec-couvercle-70s-ceramics-7-7-12-cm-fd2cf17e | pot-namobo-plant-33-25-23-cm
Housse,61,8,8,seat-accessory,false,Fatboy | Carl Hansen & Søn,housse-original-canvas-outfit | housse-original-outdoor-outfit | housse-original-slim-cord-outfit | housse-original-slim-terry-outfit | housse-original-slim-velvet-outfit | housse-e500 | housse-kk47004-cuir | housse-kk47005-cuir
Plaid,49,8,8,home-textile,false,&Tradition | Vitra | Carl Hansen & Søn,plaid-collect-blanket-sc34-w130-merino-wool | plaid-collect-throw-sc32-w140-organic-cotton | plaid-momento-throw-jh46-w130 | plaid-colour-block-blanket | plaid-eames-wool-blanket | plaid-flor-210-x-170-cm | plaid-turkman | plaid-alpaga-130-x-190-cm
Coupelle,27,8,8,other,true,HKliving | Stoff Nagel | Carl Hansen & Søn,hkliving-coupelle-castor-set-4 | hkliving-coupelle-rustic-blue-9-set-0 | hkliving-coupelle-rectangulaire-patina-7-set-0 | coupelle-nagel | coupelle-sel-a-pointes-o6-cm | coupelle-soja-a-pointes-o7-cm | hkliving-coupelles-a-olives-farmhouse-lot-de-4-8-7-4-cm-31063bdd | hkliving-coupelle-decorative-marble-cube-20-20-5-cm-42c47168
Jardinière,18,8,8,garden-accessory,false,Fermob | Ferm Living,jardiniere-metal-picolino-cache-pot-h-63-cm | jardiniere-metal-terrazza-grand-format | jardiniere-metal-terrazza-format-moyen | jardiniere-plant-box | jardiniere-ronde-plant-box | jardiniere-staffa-h-45-cm | jardiniere-staffa-h-27-cm | jardiniere-staffa-h-36-cm
Objet décoratif,9,8,8,decor-object,false,Carl Hansen & Søn | Ichendorf Milano | HKliving,objet-decoratif-miniature-ch07-shell | objet-decoratif-miniature-ch24-wishbone | objet-decoratif-oiseau-lot-de-6 | fleur-verre-botanica | set-kenzan-vert-petrole-ambre-pique-fleurs-3-pieces | set-kenzan-ambre-rose-clair-pique-fleurs-3-pieces | set-kenzan-rose-clair-bleu-clair-pique-fleurs-3-pieces | objet-decoratif-skyline-grand-format
Serviette,1213,28,7,table-linen,false,Carl Hansen & Søn,serviette-de-noel-lot-de-4-42-x-42-cm | serviette-jonquille-lot-de-4 | serviette-de-paques-lot-de-4-42-x-42-cm | serviette-de-paques-lot-de-4 | serviette-de-noel-lot-de-4 | serviette-lot-de-4-42-x-42-cm | serviette-fleur-de-naissance-lot-de-12-42-x-42-cm
Cache-pot,132,7,7,other,true,HKliving | Artek,hkliving-cache-pot-stoneware-cream-36-set-0 | hkliving-cache-pot-retro-grand-cherry-red-20-set-0 | hkliving-cache-pot-retro-moyen-lime-green-16-set-0 | hkliving-cache-pot-retro-petit-fig-13-set-0 | cache-pot-riihitie-20-5-x-16-cm | cache-pot-riihitie-28-x-23-cm | cache-pot-riihitie-40-x-27-cm
Verre,115,8,7,drinkware,false,Ferm Living | HKliving | Carl Hansen & Søn,verre-ripple-verrines-set-4 | hkliving-verre-sunlit-amber-set-0 | hkliving-verre-tube-olive-set-0 | hkliving-verre-haut-tube-blush-set-0 | verre-murano-bora | hkliving-verres-a-eau-farmhouse-petit-lot-de-4-8-8-9-cm-c392a46c | hkliving-verres-a-eau-farmhouse-moyen-lot-de-4-9-9-10-cm-b6864c82
Lampe baladeuse,51,7,7,lamp,false,Fermob,lampe-baladeuse-aluminium-swiing-h-20-cm | lampe-baladeuse-swiing-maison-sarah-lavoine-x-fermob-ecru | lampe-baladeuse-aluminium-aplo-h-24-cm | lampe-baladeuse-aluminium-balad-2-h-25-cm | lampe-baladeuse-aluminium-balad-2-h-38-cm | lampe-baladeuse-balad-2-bamboo-h-25-cm | lampe-baladeuse-balad-2-bamboo-h-38-cm
Set de table,42,33,7,table-linen,false,HKliving | LIND DNA | Fermob | Carl Hansen & Søn | Fatboy,hkliving-set-de-table-bambou-roseate-45-set-0 | set-de-table-nup-curve-repas | set-de-table-cor | set-de-table-basics-2600 | set-de-table-45-x-35-cm | hkliving-set-de-table-soft-edge-38-33-cm-ff504db3 | set-de-table-place-we-met-lot-de-2
Huilier,31,7,7,other,true,Ichendorf Milano,huilier-aria | huilier-bulle | huilier-sfera | huilier-vegetables | huilier-lotus-smooth-30-cl | huilier-lotus-smooth-40-cl | huilier-lotus-smooth-65-cl
Rond de serviette,15,7,7,table-linen,false,Pols Potten | HKliving | Serax | Carl Hansen & Søn,accessoire-lilly-napkin-holder | hkliving-rond-de-serviette-sunrise-set-4 | rond-de-serviette-les-objets-mouleversants-set-de-4 | rond-de-serviette-teck-lot-de-4 | rond-de-serviette-cuir-lot-de-4 | rond-de-serviette-okholm-laiton-lot-de-4 | ronds-de-serviette-new-classics-lot-de-4
Lustre,13,7,7,other,true,&Tradition,suspension-bonnet-sc91-w140-d100 | suspension-bonnet-sc92-w140-d100 | suspension-bonnet-sc93-w140-d100 | suspension-gio-ln14 | suspension-gio-ln15 | suspension-bella-sc114 | suspension-bella-sc115
Chaise snack,8,7,7,lounge-seat | dining-seat,false,&Tradition,chaise-snack-tradition-betty-tk12-fr | chaise-snack-tradition-rely-hw128 | chaise-snack-tradition-betty-tk12-1 | chaise-snack-tradition-pavilion-av7 | chaise-snack-tradition-rely-hw91-1 | chaise-snack-tradition-betty-tk13 | chaise-snack-tradition-in-between-sk7
Tabouret snack,8,7,7,dining-seat | seat-accessory,false,&Tradition,tabouret-snack-tradition-betty-tk7 | tabouret-snack-tradition-pavilion-av37 | tabouret-snack-tradition-rely-hw118 | tabouret-snack-tradition-rely-hw81 | tabouret-snack-tradition-betty-tk7-fr-1 | tabouret-snack-wire-vp15 | tabouret-snack-tradition-massif-av39
Savon liquide pour les mains,7,7,7,refillable | refill,false,&Tradition | Compagnie de Provence,savon-liquide-mains-mnemonic-mnc1 | savon-mains-300ml-extra-pur | savon-mains-1l-extra-pur | savon-mains-300ml-black-white | savon-mains-495ml-black-white | savon-mains-1l-black-white | savon-mains-495ml-extra-pur
Plat à gâteau,36,7,6,dishware,false,HKliving | Pols Potten,hkliving-plateau-a-gateau-sunbeam-set-0 | accessoire-grandpa-cake-stand | hkliving-presentoir-jewel-amethyst-set-0 | presentoir-a-gateau-jewel-diopside | presentoir-a-gateau-new-classics-chrome-clean | presentoir-a-gateau-new-classics-chrome-rough
Plat de service,32,6,6,dishware,false,Pols Potten | Iittala | HKliving,assiette-walking-duck | assiette-diving-duck | plateau-taika | hkliving-plat-de-service-teal-set-0 | hkliving-plat-de-service-fjord-30-set-0 | hkliving-plat-de-service-shell-ceramics-sienna
Assiette creuse,20,6,6,dishware,false,Iittala | HKliving | Serax,assiette-creuse-taika | assiette-creuse-solare | hkliving-assiette-creuse-rustic-pink-19-set-0 | hkliving-assiette-creuse-rustic-blue-21-set-0 | assiette-creuse-teema | assiette-creuse-la-mere-set-de-2
Présentoir,15,6,6,serving-accessory,false,Pols Potten | HKliving,table-marble-look-pillar | hkliving-presentoir-a-fruits-70s-ceramics-35-35-7-cm-9a063fae | cloche-decorative-balloon-o15-x-h37-cm | presentoir-marble-look-pillar-33-33-61-cm | presentoir-marble-look-pillar-33-33-76-cm | presentoir-grandpa-high-tea-o19-h44-cm
Sablier,14,6,6,decor-object,false,Pols Potten,sculpture-sandglass-ball | sablier-sandglass-ball-5-minutes-o4-h9-cm | sablier-sandglass-ball-90-minutes-o14-h30-cm | sablier-sandglass-ball-120-minutes-o15-h38-cm | sablier-sandglass-ball-30-minutes-o10-h20-cm | sablier-sandglass-ball-180-minutes-o20-h55-cm
Table à manger,13,6,6,dining-table,false,Ferm Living | HKliving | Pols Potten,table-a-manger-deya-120-cm | hkliving-table-a-manger-ronde-110-cm-fa8e1dd1 | hkliving-table-a-manger-en-stratifie-220-90-cm | hkliving-table-a-manger-ronde-en-stratifie-129-cm | hkliving-table-a-manger-en-stratifie-278-100-cm | table-a-manger-stilts-rectangulaire-180-x-90-cm
Coupe à champagne,12,6,6,drinkware,false,Ferm Living | Pols Potten,coupe-a-champagne-ripple-champagne-saucers-set-2 | coupe-a-champagne-peony | coupe-a-champagne-cuttings | coupe-a-champagne-rooftop | coupe-a-champagne-cuttings-flute-lot-de-6-o6-h24-cm | coupe-a-champagne-pum-lot-de-2-o10-h14-cm
Armoire,11,6,6,other,true,Pastoe | HKliving,armoire-a-dammer-170-x-37-cm | armoire-a-dammer-205-x-37-cm | armoire-a-dammer-170-x-55-cm | armoire-a-dammer-205-x-55-cm | armoire-pioneer-rattan | armoire-pioneer-canvas
Bol à tapas,8,7,6,dishware,false,HKliving,hkliving-bol-a-tapas-drift-set-4 | hkliving-bol-a-tapas-sur-pied-grand-creek-set-0 | hkliving-bol-a-tapas-sur-pied-petit-dunes-set-0 | hkliving-bol-a-tapas-triffle-set-0 | hkliving-bol-a-tapas-shell-ceramics-dragonfruit | hkliving-bol-a-tapas-shell-ceramics-speckled
Hamac,8,6,6,other,true,HAY | Fatboy | HKliving,hamac-hay-outdoor-market-hammock | hamac-headdemock-deluxe | hamac-headdemock | hamac-headdemock-superb | hkliving-hamac-set-0 | hamac-headdemock-superb-deluxe
Rallonge de table,7,6,6,table-extension,false,Carl Hansen & Søn,rallonge-de-table-bm0121 | rallonge-de-table-ch327t | rallonge-de-table-ch322-95-x-60-cm | rallonge-de-table-ch337-115-x-60-cm | rallonge-de-table-ch338-ch339-115-x-60-cm | rallonge-de-table-ow224
Mobilier modulaire,6,6,6,other,true,HKliving,mobilier-modulaire-acrylic-panneau-160-cm-vert-olive | mobilier-modulaire-acrylic-etageres-vert-olive | mobilier-modulaire-acrylic-panneaux-arriere | mobilier-modulaire-acrylic-panneau-160-cm-transparent | mobilier-modulaire-acrylic-panneau-240-cm-transparent | mobilier-modulaire-acrylic-etageres-transparentes
Couverts,113,6,5,other,true,Iittala | HKliving,couverts-piano-coffret-16-pieces | couverts-piano-coffret-24-pieces | couverts-piano-coffret-dessert-12-pieces | hkliving-couverts-a-salade-havana-lot-de-2-af2c82ef | hkliving-couverts-a-salade-lemon-lot-de-2-c7f0ec3e
Bougie,75,11,5,candle | candle-holder,false,Stoff Nagel | Carl Hansen & Søn | HKliving,bougie-nagel-18-cm-boite-de-12 | bougie-nagel-23-cm-boite-de-8 | bougie-chandelier-nagel-29-cm-boite-de-6 | bougie-candela | bougies-parfumees-70s-ceramics-noel-lot-de-3
Boîte de rangement,53,5,5,entry-storage,false,Iittala | Pols Potten,soupiere-taika | sucrier-taika | boite-de-conservation-fat-frog-27-x-24-x-34-cm | boite-de-conservation-chess-high-o14-x-h26-cm | boite-de-conservation-fat-fish-38-x-16-x-24-cm
Porte-manteau,30,5,5,entry-storage,false,&Tradition | Moustache | HKliving,patere-capture-coat-stand-sc77-o60 | porte-manteau-ooga-booga | porte-manteau-pierre | porte-manteau-frik-frak | portant-chubby-avec-cintres
Plat,27,5,5,other | dishware,false,Iittala | Serax | Carl Hansen & Søn,plat-teema-carre | plat-avec-couvercle-lips-les-objets-mouleversants | plat-de-service-lips-les-objets-mouleversants-set-de-3 | plat-lisse-40-x-19-cm | plat-a-pointes-31-x-18-cm
Sous-verre,19,17,5,drinkware,false,LIND DNA | HKliving,sous-verre-hip | sous-verre-nup-circle | sous-verre-nup-curve | hkliving-sous-verre-soft-edge-lot-de-4-9-cm-13fbaa0c | hkliving-sous-verre-70s-ceramics-lot-de-4-10-cm-3bb8cfa6
Coquetier,14,5,5,other,true,HKliving | Serax | Pols Potten,hkliving-coquetier-island-set-4 | coquetier-carte-blanche-set-de-2 | coquetiers-new-classics-lot-de-4 | coquetier-aunty-lot-de-4-o5-x-h5-cm | coquetier-grandpas-lot-de-4-o5-x-h6-cm
Desserte,14,5,5,serving-accessory,false,Artek | &Tradition,artek-tea-trolley-900 | artek-tea-trolley-901 | desserte-alima-nds2 | table-d-appoint-rotate-sc73 | desserte-alima-nds1
Support mural,7,5,5,entry-storage,false,Carl Hansen & Søn,support-mural-ab020d-chene | support-mural-ab020 | support-mural-bm5270l-teck | support-mural-bm5270-teck | support-mural-pk115-chene-85-x-40-cm
Chaise enfant,6,5,5,dining-seat,false,Vitra | Carl Hansen & Søn | Moustache,chaise-panton-junior | chaise-enfant-ch24-wishbone | chaise-enfant-ch410-peter-s | chaise-enfant-mini-bold | chaise-enfant-mini-bold-x-milk
Corbeille,44,5,4,other,true,Serax | Vitra | Moustache | Carl Hansen & Søn,corbeille-iron-oval-meo-metal-sculptures | corbeille-happy-bin | corbeille-o | corbeille-rotin-x-o26-x-h25-cm
Centre de table,32,4,4,dining-table | drinkware,false,&Tradition | Moustache | Ferm Living,centre-de-table-collect-plate-sc55 | centre-de-table-canova-petit | centre-de-table-canova-grand | centre-de-table-fountain-verre
Fauteuil à bascule,24,5,4,lounge-seat,false,Fermob | Vitra,fauteuil-aluminium-luxembourg-rocking-chair | fauteuil-metal-surprising-rocking-chair | fauteuil-aluminium-sixties-rocking-chair | fauteuil-a-bascule-eames-fiberglass-rar
Lampe de bureau,20,4,4,lamp,false,HAY | Anglepoise | Vitra,lampe-de-bureau-hay-apex-desk-lamp | lampe-de-bureau-anglepoise-90-mini-mini-desk-lamp | lampe-de-bureau-anglepoise-original-1227-mini-desk-lamp | lampe-de-bureau-prouve
Verre à vin blanc,13,4,4,drinkware,false,Ferm Living | Iittala,verre-a-vin-blanc-ripple-white-wine-set-2 | verre-a-vin-blanc-essence-lot-de-2 | verre-a-vin-blanc-essence-rose-lot-de-2 | verre-a-vin-blanc-ultima-thule-lot-de-2
Piédestal,8,4,4,other,true,Ferm Living | HKliving,piedestal-grova | piedestal-parcel-h-60-cm | piedestal-parcel-h-90-cm | piedestal-vertigo
Sangle,7,4,4,other,true,Carl Hansen & Søn | Artek,sangle-bm0865-cuir | sangle-kk47002-cuir | sangle-kk47003-cuir | artek-webbing
Peau décorative,5,4,4,other,true,Carl Hansen & Søn,peau-decorative-bouclee | peau-decorative-leicester | peau-decorative-de-renne-120-x-75-cm | peau-decorative-scandinave
Bol décoratif,4,4,4,dishware,false,HKliving,hkliving-bol-gleam-chrome-27-set-0 | hkliving-bol-sur-pied-marbre-ochre-23-set-0 | hkliving-bol-glass-oyster-set-0 | hkliving-bol-gallery-verre-mint-set-0
Meuble TV,4,4,4,other,true,HKliving,meuble-tv-wood-grain-250-cm | meuble-tv-wood-grain-167-cm | meuble-tv-block-en-teck-200-cm | meuble-tv-space-200-cm
Mobile suspendu,4,4,4,decor-object,false,Volta Mobiles,mobile-suspendu-london | mobile-suspendu-milan | mobile-suspendu-mykonos | mobile-suspendu-oslo
Soliflore,4,4,4,decor-object,false,Stoff Nagel | Moustache,soliflore-nagel | soliflore-bmf | soliflore-piao | soliflore-quist
Housse de coussin,49,3,3,seat-accessory,false,Artek,artek-rivi-cushion-cover | artek-siena-cushion-cover | artek-zebra-cushion-cover
Cuillère à café,30,3,3,other,true,HKliving | Iittala | Ichendorf Milano,hkliving-cuillere-a-cafe-taupe-set-4 | cuillere-a-cafe-piano | cuillere-cafe-fruits-flowers-coccinelles-12-cm-lot-de-2
Bougie parfumée,26,3,3,candle,false,HKliving | &Tradition,hkliving-bougie-parfumee-kyoto-set-0 | hkliving-petite-bougie-parfumee-kyoto-set-0 | bougie-parfumee-mnemonic-mnc5
Meuble de rangement,24,3,3,other,true,Ferm Living,meuble-d-entree-parcel-h-110-cm | meuble-d-entree-parcel-h-50-cm | meuble-sur-piedestal-scarni
Couvre-lit,16,3,3,home-textile,false,HKliving | Ferm Living,hkliving-couvre-lit-vida-striped-set-0 | couvre-lit-twill-230-x-260-cm | couvre-lit-twill-180-x-260-cm
Torchon,15,3,3,other,true,HAY | HKliving,torchon-hay-outdoor-market-tea-towel | hkliving-torchon-vida-striped-set-0 | hkliving-torchon-vida-check-set-0
Assiette plate,14,3,3,dishware,false,HKliving | Serax,hkliving-assiette-plat-mineral-set-2 | hkliving-assiette-plat-rustic-blue-26-set-0 | assiette-plate-base-set-de-4
Panneau mural,14,11,3,other,true,HKliving | String Furniture,hkliving-panneau-mural-rotin-curl-81-set-0 | hkliving-panneau-mural-rotin-sun-51-set-0 | montant-mural-plex-string-system
Coupe,12,4,3,drinkware,false,Carl Hansen & Søn,coupe-clay-27-x-135-cm | coupe-clay-9-x-45-cm | coupe-a-pointes-o8-cm
Pichet à lait,11,3,3,drink-serveware,false,Ferm Living | Iittala | Serax,pichet-a-lait-verre-ripple-milk-jug | pichet-a-lait-teema | pot-a-lait-carte-blanche
Armoire murale,10,3,3,other,true,Pastoe,armoire-murale-landscape-200-x-41-cm | armoire-murale-landscape-228-x-41-cm | armoire-murale-landscape-257-x-41-cm
Boîte sonore,10,3,3,other,true,Relaxound,boite-sonore-satellitebox | boite-sonore-zwitscherbox-bois | boite-sonore-zwitscherbox-plastique
Moulin à épices,10,3,3,other,true,Ferm Living,moulin-a-epices-bois-cairn | moulin-a-epices-bois-pebble-cairn-set-2 | moulin-a-epices-bois-pebble
Lampe à pince,9,3,3,lamp,false,HAY | Tiptoe,lampe-a-pince-hay-apex-desk-clip-lamp | lampe-a-pince-hay-apex-clip-lamp | lampe-a-pince-nod
Nappe,9,3,3,table-linen,false,HKliving,hkliving-nappe-vida-striped-set-0 | hkliving-nappe-vida-check-set-0 | hkliving-nappe-ease-set-0
Table de bar,9,3,3,bar-table,false,HAY | &Tradition,table-hay-palissade-cone-table-o60-cm | table-de-bar-tradition-in-between-sk27 | table-de-bar-tradition-in-between-sk28
Dessous-de-plat,8,3,3,table-protector,false,Carl Hansen & Søn,dessous-de-plat-rond-3-en-1 | dessous-de-plat-carre-lot-de-3 | dessous-de-plat-triangle-lot-de-2
Pochette,8,3,3,other,true,Artek,artek-rivi-pouch | artek-siena-pouch | artek-zebra-pouch
Sous-plat,7,4,3,table-protector,false,Fermob,sous-plat-metal-lorette-3010 | sous-plat-metal-picoti-26-x-18-cm | sous-plat-metal-trefle-3004
Verre à vin rouge,6,3,3,drinkware,false,Ferm Living | Iittala,verre-a-vin-rouge-ripple-red-wine-set-2 | verre-a-vin-rouge-essence-lot-de-2 | verre-a-vin-rouge-essence-rose-lot-de-2
Bouchon à vin,5,3,3,bar-accessory,false,Pols Potten,accessoire-lilly-wine-stopper | bouchon-a-vin-diving-duck-15-x-5-x-13-cm | bouchon-a-vin-deer-8-x-4-x-10-cm
Câble de recharge,5,3,3,refill,false,Avolt,cable-de-recharge-cable-1 | cable-de-recharge-cable-1-martinelli-luce | cable-de-recharge-cable-1-bauhaus
Mug à cappuccino,5,4,3,other,true,HKliving | Iittala,hkliving-tasse-a-cappuccino-solid-set-4 | mug-a-cappuccino-solare | mug-a-cappuccino-teema
Mug à thé,5,4,3,other,true,HKliving | Iittala,mugs-a-the-70s-ceramics-46-cl-lot-de-2 | tasses-a-the-70s-ceramics-425-cl-lot-de-2 | mug-a-the-teema
Service à thé,5,3,3,other,true,Pols Potten,mug-grandpa-teacups | mug-undressed-teacups | mug-legacy-teacups
Planche à pain,4,3,3,other,true,HKliving,hkliving-planche-a-pain-teck-31-set-3 | hkliving-planche-a-pain-teck-recycle-set-0 | hkliving-planche-a-pain-acacia-set-0
Tissu au mètre,4,4,3,other,true,Artek,artek-rivi-fabric | artek-siena-fabric | artek-zebra-fabric
Vase de sol,4,3,3,decor-object,false,HKliving | Ferm Living,hkliving-vase-de-sol-sirocco-55-set-0 | hkliving-vase-de-sol-earthenware-mint-set-0 | vase-de-sol-rylith-h-70-cm
Plante artificielle,3,3,3,other,true,Pols Potten,pot-fern-in | plante-artificielle-fan-palm-en-pot-o150-h169-cm | plante-artificielle-fern-en-pot-o160-h300-cm
Plat à four,3,3,3,other,true,HKliving,hkliving-plat-a-four-rustic-33-25-cm-539868e3 | hkliving-plat-a-four-70s-ceramics-32-24-cm-0292c5c0 | hkliving-plat-a-four-70s-ceramics-petit-24720b3f
Table de bistro,3,3,3,dining-table,false,HAY,table-hay-deville-55-x-55-cm | table-hay-deville-60-x-70-cm | table-hay-deville-o55-cm
Vitrine,3,3,3,other,true,String Furniture | Pastoe,vitrine-string-system-porte-battante | vitrine-string-system-portes-coulissantes | vitrine-tangled
Service de table,83,2,2,dining-table,false,Pols Potten | Ichendorf Milano,accessoire-golden-finds-serving-set | service-de-table-fondale-set-de-6
Chaise de bureau,67,4,2,dining-seat,false,Artek | Vitra,artek-rival-chair-kg002 | chaise-de-bureau-soft-pad-ea-217-track
Flûte à champagne,46,2,2,drinkware,false,Ferm Living | Iittala,flute-a-champagne-ripple-champagne-flutes-set-2 | flute-a-champagne-essence-lot-de-2
Panier de rangement,36,2,2,entry-storage,false,Muuto,panier-de-rangement-restore-rond | panier-de-rangement-restore-rectangulaire-grand
Fauteuil avec accoudoirs,29,2,2,seat,false,&Tradition,fauteuil-lounge-accoudoirs-tradition-thorvald-sc101 | fauteuil-lounge-accoudoirs-tradition-ville-av45
Fourchette de table,20,2,2,dining-table,false,Iittala,fourchette-de-table-scandia | fourchette-de-table-piano
Fourchette à dessert,19,2,2,other,true,HKliving | Iittala,hkliving-fourchette-a-dessert-mint-set-4 | fourchette-a-dessert-piano
Verre à cocktail haut,19,2,2,drinkware,false,Iittala | Ichendorf Milano,verre-a-cocktail-haut-essence | verre-long-drink-desert-plants
Verre à liqueur,19,2,2,drinkware,false,Ferm Living | Ichendorf Milano,verre-a-liqueur-ripple-small-set-4 | verre-a-liqueur-tutu-10-cl
Sucrier,17,3,2,other,true,HKliving | Ichendorf Milano,hkliving-sucrier-4-pm-8-set-0 | bol-fruits-flowers
Cuillère,15,2,2,other,true,HKliving | Ichendorf Milano,hkliving-cuillere-breeze-set-4 | cuillere-the-fruits-flowers-coccinelles-15-cm-lot-de-2
Cuillère à dessert,15,2,2,other,true,HKliving | Iittala,hkliving-cuillere-a-dessert-force-set-4 | cuillere-a-dessert-piano
Tapis de bain,15,4,2,other,true,HKliving,hkliving-tapis-de-bain-bohemian-set-0 | hkliving-tapis-de-bain-set-0
Cafetière,10,2,2,other,true,Ichendorf Milano,cafetiere-otium-75-cl | cafetiere-otium-170-cl
Porte-clé,9,2,2,other,true,Vitra,porte-cle-elephant | porte-cle-sun-key-ring
Sac cabas,9,2,2,other,true,HAY | Vitra,sac-hay-outdoor-market-tote-bag | sac-cabas-atlas-of-furniture-design
Couteau à beurre,7,2,2,other,true,Iittala | HKliving,couteau-a-beurre-collective-tools | hkliving-couteau-a-beurre-lemon-set-4
Moulin à sel et poivre,7,2,2,other,true,Pols Potten,moulin-a-epices-salt-pepper | moulin-a-sel-et-poivre-salt-pepper-grand
Poubelle à pédale,6,2,2,other,true,Blomus,poubelle-a-pedale-sono-3l | poubelle-a-pedale-sono-5l
Soucoupe,6,3,2,other,true,HKliving,hkliving-soucoupe-big-sur-set-4 | soucoupes-70s-glassware-lot-de-4
Table snack,6,2,2,dining-table,false,&Tradition,table-snack-tradition-in-between-sk25 | table-snack-tradition-in-between-sk26
Cuillère de service,5,2,2,other,true,Iittala | HKliving,cuillere-de-service-collective-tools-moyenne | hkliving-cuillere-de-service-sprinkle-set-2
Patère murale,5,2,2,entry-storage,false,Artek,artek-tupla-wall-hook | artek-kaari-wall-hook
Porte-revues,5,2,2,other,true,String Furniture,porte-revues-filaire-string-system | porte-revues-bois-string-system
Coupe sur pied,4,2,2,drinkware,false,HKliving,hkliving-coupe-sur-pied-comet-set-0 | hkliving-coupe-sur-pied-indigo-set-0
Plinthe,4,2,2,other,true,Muuto,plinthe-stacked-44-x-35-cm | plinthe-stacked-131-x-35-cm
Serviette à dîner,4,2,2,table-linen,false,HKliving,hkliving-serviettes-cotton-set-2 | hkliving-serviettes-ease-set-2
Table bistrot,4,2,2,dining-table,false,&Tradition,table-bistrot-ronde-tradition-thorvald-sc96 | table-bistrot-carree-tradition-thorvald-sc97
Verre à dents,4,2,2,drinkware,false,Blomus,verre-a-dents-sono | verre-a-dents-modo
Plateau apéro,3,2,2,serving-accessory,false,HKliving,hkliving-plateau-apero-muse-set-0 | hkliving-planche-apero-acacia-set-0
Assiette d'entrée,2,2,2,dishware,false,HKliving,hkliving-assiette-d-entree-mist-set-2 | hkliving-assiette-d-entree-rustic-blue-20-set-0
Bol à fruits,2,2,2,dishware,false,HKliving,hkliving-bol-a-fruits-sunset-17-set-0 | hkliving-coupe-a-fruits-35-set-0
Carafe à décanter,2,2,2,drink-serveware,false,Ichendorf Milano,carafe-a-decanter-bistrot | carafe-a-decanter-travasi
Carreau mural,2,2,2,other,true,HKliving,hkliving-carreau-mural-gres-palm-23-set-0 | hkliving-carreau-mural-gres-lobster-23-set-0
Chaise haute,2,2,2,bar-seat,false,Carl Hansen & Søn | Ferm Living,chaise-haute-nd54 | chaise-haute-muru
Coupon de tissu,2,2,2,other,true,Artek,artek-rivi-pre-cut-fabric | artek-siena-pre-cut-fabric
Sac isotherme,2,2,2,other,true,HAY,sac-hay-outdoor-market-bottle-bag | sac-hay-outdoor-market-cooler-bag
Tasse à thé,25,2,1,other,true,HKliving,verres-a-the-70s-glassware-lot-de-4
Plateau de table,23,1,1,serving-accessory,false,&Tradition,plateau-en-marbre-wire-vp11
Pot à lait,23,2,1,other,true,HKliving,hkliving-pot-a-lait-8-am-9-set-0
Cuillère de table,22,1,1,dining-table,false,Iittala,cuillere-de-table-piano
Tapis de couloir,22,1,1,other,true,Ferm Living,tapis-de-couloir-foundation-80-x-200-cm
Couteau de table,19,1,1,dining-table,false,Iittala,couteau-de-table-piano
Panier,18,2,1,entry-storage,false,Pols Potten,panier-bakkie-lace-grand-o40-h9-cm
Assiette à dessert,15,1,1,dishware,false,HKliving,hkliving-assiette-a-dessert-stars-set-2
Plafonnier,14,1,1,other,true,Artek,artek-ceiling-light-a622
Bocal de conservation,12,1,1,other,true,HKliving,hkliving-bocal-de-conservation-yeti-set-0
Diffuseur de parfum,11,1,1,refillable,false,HKliving,hkliving-diffuseur-de-parfum-kyoto-set-0
Table de chevet,11,1,1,dining-table,false,HKliving,table-de-chevet-space
Distributeur de savon,10,1,1,refillable,false,Blomus,distributeur-de-savon-sono
Beurrier,9,2,1,other,true,HKliving,hkliving-beurrier-mercury-set-0
Porte-savon,9,1,1,refillable,false,Blomus,porte-savon-sono
Couteau à dessert,8,1,1,other,true,Iittala,couteau-a-dessert-piano
Sous-main,8,7,1,desk-space,false,Vitra,sous-main-repad
Guirlande,7,2,1,lamp,false,Fermob,guirlande-hoopik-l-1200-cm-type-e-f
Ouvre-bouteille,7,1,1,bar-accessory,false,Alessi,ouvre-bouteille-virgula-divina
Verre à whisky,7,1,1,drinkware,false,Ferm Living,verre-a-eau-ripple-tumbler-set-2
Console,6,1,1,other,true,Artek,artek-kaari-reb006
Matelas,6,1,1,other,true,Artek,artek-day-bed-710-mattress
Serviette de bain,6,2,1,bath-textile,false,HKliving,hkliving-serviette-de-bain-set-0
Tasse à espresso,6,3,1,other,true,HKliving,hkliving-tasse-a-espresso-funky-set-4
Bonbonnière,5,1,1,other,true,HKliving,hkliving-bonbonniere-mauve-14-set-0
Couverts de service,5,1,1,other,true,Iittala,couverts-de-service-piano
Poivrière,5,1,1,other,true,Serax,saliere-et-poivrier-carte-blanche-set-de-2
Table à rallonge,5,1,1,dining-table,false,Fermob,table-aluminium-ribambelle-2-allonges-149-234-x-100-cm
Aimant,4,1,1,desk-space,false,Vitra,aimant-magnet-dots
Brosse WC,4,1,1,other,true,Blomus,brosse-wc-sono
Peignoir,4,1,1,bath-textile,false,HKliving,hkliving-peignoir-set-0
Table enfant,4,1,1,dining-table,false,Carl Hansen & Søn,table-enfant-ch411-peter-s
Arrosoir,3,1,1,garden-accessory,false,Ferm Living,arrosoir-antila
Bougeoir sur pied,3,1,1,candle-holder,false,Stoff Nagel,bougeoir-nagel-sur-pied
Bougie conique,3,1,1,candle,false,Ester & Erik,bougie-conique-matt-25-cm
Brasero,3,1,1,garden-accessory,false,Ferm Living,brasero-solene
Chariot,3,1,1,serving-accessory,false,Fatboy,accessoire-jolly-trolley
Ciel de lit,3,1,1,home-textile,false,HKliving,hkliving-ciel-de-lit-set-0
Essuie de main,3,1,1,bath-textile,false,Marimekko,essuie-de-main-50x70cm
Paravent,3,1,1,other,true,Artek,artek-screen-100
Salon de jardin,3,2,1,lounge-seat,false,Fermob,ensemble-bellevie-3-places-canape-pouf-table-basse-bleu-acapulco
Tasse et soucoupe,3,1,1,other,true,HKliving,hkliving-tasse-et-soucoupe-rustic-blue-7-set-0
Verre à bière,3,1,1,drinkware,false,Iittala,verre-a-biere-essence
Assiette à pâtes,2,1,1,dishware,false,HKliving,hkliving-assiette-a-pates-rustic-blue-28-set-0
Bocal à biscuits,2,1,1,other,true,HKliving,hkliving-bocal-a-biscuits-disco-set-0
Boîte à bijoux,2,1,1,other,true,HKliving,hkliving-boite-a-bijoux-zwets-bloom-set-0
Bol à dessert,2,2,1,dishware,false,HKliving,hkliving-bol-a-dessert-reef-set-4
Bol à nouilles,2,2,1,dishware,false,HKliving,hkliving-bol-a-nouilles-groovy-set-4
Butoir de porte,2,1,1,entry-storage,false,Carl Hansen & Søn,butoir-de-porte
Chandelier,2,1,1,candle-holder,false,Stoff Nagel,plateau-nagel
Cuillère à mélange,2,1,1,bar-accessory,false,Ichendorf Milano,melangeurs-desert-plants-lot-de-2
Décoration de Pâques,2,1,1,other,true,Carl Hansen & Søn,decoration-de-paques-oeufs-lot-de-3
Mug à latte,2,2,1,other,true,HKliving,hkliving-tasse-a-latte-clash-set-2
Porte-parapluie,2,1,1,other,true,Artek,artek-115-umbrella-stand
Serviette de plage,2,1,1,table-linen,false,HKliving,hkliving-serviette-de-plage-set-0
Tasse à americano,2,2,1,other,true,HKliving,hkliving-tasse-a-americano-pegasus-set-4
Verre à vin doux,2,1,1,drinkware,false,Iittala,verre-a-vin-doux-essence-lot-de-2
Applique et plafonnier,1,1,1,lamp,false,&Tradition,applique-mist-ceiling-ap22-white-base
Bain d'oiseaux,1,1,1,other,true,Ferm Living,bain-d-oiseaux-fountain-sur-pied
Baume pour les mains,1,1,1,other,true,&Tradition,baume-mains-mnemonic-mnc6
Bol à curry,1,1,1,dishware,false,HKliving,hkliving-bol-a-curry-daybreak-set-2
Bol à pâtes,1,1,1,dishware,false,HKliving,hkliving-bol-a-pates-golden-hour-set-2
Bol à ramen,1,1,1,dishware,false,HKliving,hkliving-bol-a-ramen-ascend-set-2
Canapé-lit,1,1,1,lounge-seat,false,Pastoe,canape-lit-br02
Corniche,1,1,1,entry-storage,false,Vitra,sculpture-corniches-vitra
Coupe à cocktail,1,1,1,drinkware,false,Iittala,verre-a-cocktail-bas-essence-lot-de-2
Coupelle rectangulaire,1,1,1,other,true,HKliving,hkliving-coupelle-xs-bloom-7-set-0
Cube décoratif,1,1,1,decor-object,false,HKliving,hkliving-cube-pop-set-0
Dossier,1,1,1,other,true,Carl Hansen & Søn,dossier-bm0701
Fourchette à barbecue,1,1,1,other,true,HAY,accessoires-de-grill-exterieur-hay-outdoor-market-bbq-fork
Lampe à huile,1,1,1,lamp,false,Moustache,lampe-a-huile-chantico
Lampe de table et applique murale,1,1,1,lamp,false,&Tradition,lampe-de-chevet-journey-table-shy1
Lanterne,1,1,1,lamp,false,&Tradition,bougeoir-collect-hurricane-sc83-o30
Lit bébé,1,1,1,other,true,Ferm Living,lit-bebe-tilu
Lit de repos,1,1,1,other,true,Artek,artek-day-bed-710-frame
Lotion pour les mains,1,1,1,other,true,&Tradition,lotion-mains-mnemonic-mnc2
Mangeoire à oiseaux,1,1,1,garden-accessory,false,Fermob,mangeoire-a-oiseaux-metal-picoti-3089
Mug à café,1,1,1,other,true,HKliving,hkliving-mug-a-cafe-rustic-blue-12-set-0
Pelle à fromage,1,1,1,other,true,HKliving,hkliving-pelle-a-fromage-lemon-set-0
Pichet à eau,1,1,1,drink-serveware,false,Ferm Living,pichet-a-eau-verre-ripple-water-jug
Portemanteau mural,1,1,1,entry-storage,false,Pastoe,portemanteau-mural-dz05
Pot à lait et sucrier,1,1,1,other,true,HKliving,hkliving-pot-a-lait-et-sucrier-foreland-7-set-0
Salière-poivrière,1,1,1,other,true,HKliving,hkliving-saliere-poivriere-stargaze-set-0
Sellette,1,1,1,other,true,HKliving,hkliving-cube-teck-set-0
Service de carafe,1,1,1,drink-serveware,false,Serax,carafe-et-2-verres-fish-fish
Soupière,1,1,1,other,true,Iittala,soupiere-teema
Spray d'ambiance,1,1,1,other,true,&Tradition,spray-ambiance-mnemonic-mnc4
Tapis de souris,1,1,1,desk-space,false,Vitra,tapis-de-souris-elephant-pad
Tasse à lungo,1,1,1,other,true,HKliving,hkliving-tasse-a-lungo-merge-set-2
Tasse à ristretto,1,1,1,other,true,HKliving,hkliving-tasse-a-ristretto-solar-set-4
Tube lumineux,1,1,1,lamp,false,HAY,tube-lumineux-neon
Verseuse à café,1,1,1,other,true,HKliving,hkliving-verseuse-a-cafe-morning-set-0
Tasse et sous-tasse,38,0,0,,false,,
Boule de Noël,35,0,0,,false,,
Concentré de parfum,35,0,0,,false,,
Diffuseur de brume de parfum,30,0,0,,false,,
Recharge bougie parfumée,25,0,0,,false,,
Bouquet parfumé,24,0,0,,false,,
Sous-tasse,21,0,0,,false,,
Bouteille,20,0,0,,false,,
Couteau,20,0,0,,false,,
Couvercle,17,0,0,,false,,
Recharge bouquet parfumé,16,0,0,,false,,
Sous-tapis,16,0,0,,false,,
Bouilloire,15,0,0,,false,,
Jeu de société,15,1,0,,false,,
Fourchette,13,0,0,,false,,
Photophore,13,1,0,,false,,
Bibliothèque,12,0,0,,false,,
Pied de table,12,0,0,,false,,
Cintre,11,0,0,,false,,
Couverts à salade,11,0,0,,false,,
Pelle à tarte,11,0,0,,false,,
Porte-serviettes,11,0,0,,false,,
Cafetière espresso,10,0,0,,false,,
Chaise de bar avec accoudoirs,10,0,0,,false,,
Étagère de douche,10,0,0,,false,,
Verre à cocktail bas,10,0,0,,false,,
Casserole,9,0,0,,false,,
Drap de bain,9,0,0,,false,,
Égouttoir,9,0,0,,false,,
Fourchette à poisson,9,0,0,,false,,
Jeu d’imitation,9,0,0,,false,,
Porte-fruits,9,0,0,,false,,
Porte-papier toilette,9,0,0,,false,,
Encens,8,0,0,,false,,
Portemanteau,8,0,0,,false,,
Presse-agrumes,8,0,0,,false,,
Trousse de toilette,8,0,0,,false,,
Casse-noix,7,0,0,,false,,
Cuillère à moka,7,0,0,,false,,
Drap de plage,7,0,0,,false,,
Équerre,7,0,0,,false,,
Pichet sculpté,7,0,0,,false,,
Pochette parfumée,7,0,0,,false,,
Repose-couvert,7,0,0,,false,,
Seau à champagne,7,0,0,,false,,
Tire-bouchon,7,0,0,,false,,
Vaporisateur de parfum,7,0,0,,false,,
Banc-coffre enfant,6,0,0,,false,,
Batterie de cuisine,6,0,0,,false,,
Couteau à poisson,6,0,0,,false,,
Essuie de bain,6,1,0,,false,,
Louche,6,0,0,,false,,
Manique,6,1,0,,false,,
Marmite,6,0,0,,false,,
Marque-place,6,0,0,,false,,
Panneau au sol,6,6,0,,false,,
Shaker,6,0,0,,false,,
Verre à cocktail,6,0,0,,false,,
Boîte à mouchoirs,5,0,0,,false,,
Bouchon de bouteille,5,0,0,,false,,
Calendrier de l’Avent,5,0,0,,false,,
Cloche avec plateau,5,0,0,,false,,
Coupe à plantes,5,0,0,,false,,
Crèche,5,0,0,,false,,
Doseur,5,0,0,,false,,
Lit,5,0,0,,false,,
Mini essuie,5,0,0,,false,,
Paillasson,5,1,0,,false,,
Patin de meuble,5,0,0,,false,,
Poêle,5,0,0,,false,,
Porte brosses à dents,5,0,0,,false,,
Porte-rouleau,5,0,0,,false,,
Pouf enfant,5,0,0,,false,,
Râpe,5,0,0,,false,,
Seau à glace,5,0,0,,false,,
Serviette de table,5,0,0,,false,,
Sommier,5,0,0,,false,,
Tableau d’affichage,5,0,0,,false,,
Tapis mural,5,0,0,,false,,
Vaporisateur d’ambiance,5,0,0,,false,,
Accessoires de grill extérieur,4,0,0,,false,,
Ampoule,4,0,0,,false,,
Cabane de jeu,4,0,0,,false,,
Chaussette de Noël,4,0,0,,false,,
Cimier de sapin,4,0,0,,false,,
Cloche,4,0,0,,false,,
Crémier,4,0,0,,false,,
Cuillère à glace,4,0,0,,false,,
Dessous de verre,4,0,0,,false,,
Diffuseur de voiture parfumé,4,0,0,,false,,
Faitout,4,0,0,,false,,
Gamelle,4,0,0,,false,,
Grille-pain,4,0,0,,false,,
Jeu d'extérieur,4,0,0,,false,,
Jouet à empiler,4,0,0,,false,,
Laisse,4,0,0,,false,,
Moulin,4,0,0,,false,,
Papier peint,4,0,0,,false,,
Planche à découper,4,1,0,,false,,
Poubelle,4,0,0,,false,,
Presse-papier,4,0,0,,false,,
Rideau de douche,4,0,0,,false,,
Tapis de sapin,4,0,0,,false,,
Accessoire parfumé,3,0,0,,false,,
Bac à glaçons,3,0,0,,false,,
Base de vase,3,0,0,,false,,
Boîte à biscuits,3,0,0,,false,,
Bougeoir de sapin,3,0,0,,false,,
Bougie pilier,3,0,0,,false,,
Bouteille isotherme,3,0,0,,false,,
Cadre photo,3,0,0,,false,,
Carafe isotherme,3,0,0,,false,,
Casserole à lait,3,0,0,,false,,
Coffret d'ustensiles de cuisine,3,0,0,,false,,
Coussin de banquette extérieure,3,0,0,,false,,
Cuillères à café,3,0,0,,false,,
Décapsuleur,3,0,0,,false,,
Décoration de sapin,3,0,0,,false,,
Embout bouquet,3,0,0,,false,,
Embout soliflore,3,0,0,,false,,
Gant de cuisine,3,1,0,,false,,
Hochet,3,0,0,,false,,
Jeu d'adresse,3,0,0,,false,,
Jeu de construction,3,0,0,,false,,
Kit de montage de table,3,0,0,,false,,
Lavette,3,0,0,,false,,
Lit de jour,3,0,0,,false,,
Machine à café,3,0,0,,false,,
Méridienne,3,0,0,,false,,
Panier à linge,3,0,0,,false,,
Peluche,3,0,0,,false,,
Piètement,3,0,0,,false,,
Pince pour grille-pain,3,0,0,,false,,
Pique-fleurs,3,0,0,,false,,
Poêle haute,3,0,0,,false,,
Porte-bouteilles,3,0,0,,false,,
Porte-encens,3,0,0,,false,,
Puzzle,3,0,0,,false,,
Recharge de savon liquide pour les mains,3,0,0,,false,,
Sac de pique-nique,3,0,0,,false,,
Saucière,3,0,0,,false,,
Sérigraphie,3,0,0,,false,,
Serre-livres,3,0,0,,false,,
Service à condiments,3,0,0,,false,,
Service de verres,3,0,0,,false,,
Serviette de toilette,3,0,0,,false,,
Tapis de jeu,3,0,0,,false,,
Accroche-sac,2,0,0,,false,,
Baguettes,2,0,0,,false,,
Banc enfant,2,0,0,,false,,
Barre de cuisine,2,0,0,,false,,
Bloc couteaux,2,0,0,,false,,
Boîte à pain,2,0,0,,false,,
Boîte à repas,2,0,0,,false,,
Bougie cylindrique,2,0,0,,false,,
Bougie de Noël,2,0,0,,false,,
Brosse de toilette,2,0,0,,false,,
Brosse WC murale,2,0,0,,false,,
Brume de parfum textile,2,0,0,,false,,
Calendrier,2,0,0,,false,,
Cendrier,2,0,0,,false,,
Chaise de salle à manger,2,0,0,,false,,
Cocotte,2,0,0,,false,,
Coffret cadeau,2,0,0,,false,,
Coffret de concentrés de parfum,2,0,0,,false,,
Collier,2,0,0,,false,,
Corbeille à pain,2,1,0,,false,,
Cordon électrique,2,0,0,,false,,
Coupe à glace,2,0,0,,false,,
Couvert multi-usage,2,0,0,,false,,
Cuillère à sauce,2,0,0,,false,,
Cuillères à mélange,2,0,0,,false,,
Cuisine d'extérieur,2,0,0,,false,,
Decanter,2,0,0,,false,,
Dessous de plat,2,0,0,,false,,
Distributeur de savon mural,2,0,0,,false,,
Équerre d’étagère,2,0,0,,false,,
Essuie d'invité,2,0,0,,false,,
Éteignoir,2,0,0,,false,,
Fauteuil enfant,2,0,0,,false,,
Fleur décorative,2,0,0,,false,,
Foulard,2,0,0,,false,,
Gamelle pour chien,2,0,0,,false,,
Globe d’arrosage,2,0,0,,false,,
Gril,2,0,0,,false,,
Grille à poisson,2,0,0,,false,,
Grille chauffe-brioche,2,0,0,,false,,
Infuseur à thé,2,0,0,,false,,
Jouet d’éveil,2,0,0,,false,,
Lampe portable,2,1,0,,false,,
Maison de poupée,2,0,0,,false,,
Marchepied,2,0,0,,false,,
Meuble mural,2,0,0,,false,,
Miroir cosmétique,2,0,0,,false,,
Miroir cosmétique LED,2,0,0,,false,,
Mixeur,2,0,0,,false,,
Mixeur plongeant,2,0,0,,false,,
Mobilier de poupée,2,0,0,,false,,
Passoire à bar,2,0,0,,false,,
Patin de table,2,0,0,,false,,
Pied de sapin,2,0,0,,false,,
Piètement de table,2,0,0,,false,,
Pilulier,2,0,0,,false,,
Pince à glace,2,0,0,,false,,
Pince magnétique,2,0,0,,false,,
Poignée de meuble,2,0,0,,false,,
Porte-crayons,2,0,0,,false,,
Porte-cure-dents,2,0,0,,false,,
Porte-essuie-tout,2,0,0,,false,,
Porte-seau,2,0,0,,false,,
Raclette de douche,2,0,0,,false,,
Recharge diffuseur de voiture,2,0,0,,false,,
Recharge pour diffuseur de voiture et pochette parfumée,2,0,0,,false,,
Repose-cuillère,2,0,0,,false,,
Sac de week-end,2,0,0,,false,,
Structure,2,0,0,,false,,
Tablier,2,0,0,,false,,
Tabouret enfant,2,0,0,,false,,
Touilleur,2,0,0,,false,,
Vasque,2,0,0,,false,,
Verre long drink,2,0,0,,false,,
Vis de table,2,0,0,,false,,
Accessoire de bougie,1,0,0,,false,,
Allumettes,1,0,0,,false,,
Anneau anti-goutte,1,0,0,,false,,
Anneaux de rideau de douche,1,0,0,,false,,
Aspirateur de table,1,0,0,,false,,
Assiette à pain,1,0,0,,false,,
Bac pour évier,1,0,0,,false,,
Balance,1,0,0,,false,,
Bandes adhésives,1,0,0,,false,,
Barbecue,1,0,0,,false,,
Barre murale,1,0,0,,false,,
Bâton de bar,1,0,0,,false,,
Bec verseur à huile,1,0,0,,false,,
Bloque-porte,1,0,0,,false,,
Boîte à croquettes,1,0,0,,false,,
Boîte à goûter,1,0,0,,false,,
Boîte à thé,1,0,0,,false,,
Boîtier de diffuseur de voiture,1,0,0,,false,,
Bol à tapas sur pied petit,1,0,0,,false,,
Bouchon,1,0,0,,false,,
Bouchon à champagne,1,0,0,,false,,
Bouillotte,1,0,0,,false,,
Boule à thé,1,0,0,,false,,
Brochette,1,0,0,,false,,
Brosse à dents,1,0,0,,false,,
Bureau enfant,1,0,0,,false,,
Cabane enfant,1,0,0,,false,,
Cache-brosse WC,1,0,0,,false,,
Cache-éponge,1,0,0,,false,,
Cache-pied de sapin,1,0,0,,false,,
Cache-rouleaux de papier toilette,1,0,0,,false,,
Cafetière à piston,1,0,0,,false,,
Calendrier de l'Avent,1,0,0,,false,,
Caquelon à fondue,1,0,0,,false,,
Carafe à café froid,1,0,0,,false,,
Carnet,1,0,0,,false,,
Cartes souvenirs,1,0,0,,false,,
Chauffe-lait,1,0,0,,false,,
Chausse-pied,1,0,0,,false,,
Chemin de lit,1,0,0,,false,,
Chemin de table,1,0,0,,false,,
Cheval à bascule,1,0,0,,false,,
Coffret d'ustensiles de bar,1,0,0,,false,,
Combiné porte-papier brosse WC,1,0,0,,false,,
Concasse-piment,1,0,0,,false,,
Confiturier à trois compartiments,1,0,0,,false,,
Coquetier double,1,0,0,,false,,
Coupe-fromage,1,0,0,,false,,
Coupe-papier,1,0,0,,false,,
Couronne papier,1,0,0,,false,,
Coussin d’assise,1,0,0,,false,,
Couteau à fromage,1,0,0,,false,,
Couverts de salade,1,0,0,,false,,
Couverts de voyage,1,0,0,,false,,
Couvre-théière,1,0,0,,false,,
Cuillère à café au lait,1,0,0,,false,,
Cuillère à lait,1,0,0,,false,,
Cuillère à miel,1,0,0,,false,,
Cuillère à œuf,1,0,0,,false,,
Cuiseur,1,0,0,,false,,
Cuiseur à pâtes,1,0,0,,false,,
Dérouleur de papier toilette,1,0,0,,false,,
Dévidoir de ruban adhésif,1,0,0,,false,,
Distributeur de disques démaquillants,1,0,0,,false,,
Distributeur de sacs à déjections,1,0,0,,false,,
Double passoire de bar,1,0,0,,false,,
Échelle à serviettes,1,0,0,,false,,
Ensemble d'accessoires à thé,1,0,0,,false,,
Ensemble de bureau,1,0,0,,false,,
Entonnoir,1,0,0,,false,,
Épluche-légumes,1,0,0,,false,,
Épluche-oranges,1,0,0,,false,,
Équerre de bureau,1,0,0,,false,,
Essuie-mains,1,0,0,,false,,
Éteignoir à bougie,1,0,0,,false,,
Étoile papier,1,0,0,,false,,
Fauteuil suspendu,1,0,0,,false,,
Flasque,1,0,0,,false,,
Fouet à bar,1,0,0,,false,,
Fourchette à crustacés,1,0,0,,false,,
Fourchette à fondue,1,0,0,,false,,
Gant de four,1,0,0,,false,,
Gant de toilette,1,0,0,,false,,
Gel corps et cheveux,1,0,0,,false,,
Gel douche,1,0,0,,false,,
Gel mains,1,0,0,,false,,
Glacette à double paroi,1,0,0,,false,,
Glacière,1,0,0,,false,,
Gobelet,1,0,0,,false,,
Gobelet isotherme,1,0,0,,false,,
Harnais,1,0,0,,false,,
Heurtoir,1,0,0,,false,,
Housse d’ordinateur,1,0,0,,false,,
Housse de bouillotte,1,0,0,,false,,
Huile de douche,1,0,0,,false,,
Insert de bibliothèque,1,0,0,,false,,
Jeu de lancer,1,0,0,,false,,
Jeu de pêche,1,0,0,,false,,
Jouet pour chien,1,0,0,,false,,
Kit de frottage,1,0,0,,false,,
Kit de montage de banc,1,0,0,,false,,
Kit de montage de bureau,1,0,0,,false,,
Kit de nettoyage,1,0,0,,false,,
Lampe de chevet,1,0,0,,false,,
Lampe solaire,1,0,0,,false,,
Louche à spaghetti,1,0,0,,false,,
Mandoline à truffes,1,0,0,,false,,
Mange-debout,1,0,0,,false,,
Matelas gonflable,1,0,0,,false,,
Memory,1,0,0,,false,,
Meuble pour vinyles,1,0,0,,false,,
Minuteur,1,0,0,,false,,
Miroir cosmétique LED mural,1,0,0,,false,,
Mortier,1,0,0,,false,,
Moulin à café,1,0,0,,false,,
Mousseur à lait,1,0,0,,false,,
Mug isotherme,1,0,0,,false,,
Nettoyant multi-surfaces,1,0,0,,false,,
Organiseur de bureau,1,0,0,,false,,
Paille,1,0,0,,false,,
Panier à bûches,1,0,0,,false,,
Peigne,1,0,0,,false,,
Pelle à gâteau,1,0,0,,false,,
Pendentif,1,0,0,,false,,
Petit plateau,1,0,0,,false,,
Pied de parasol,1,0,0,,false,,
Pince à barbecue,1,0,0,,false,,
Pince à crustacés,1,0,0,,false,,
Pince à gâteaux,1,0,0,,false,,
Pince à linge,1,0,0,,false,,
Pince à spaghetti,1,0,0,,false,,
Pince de cuisine,1,0,0,,false,,
Pince de service,1,0,0,,false,,
Plan à langer,1,0,0,,false,,
Planche de service,1,0,0,,false,,
Plat à poisson,1,0,0,,false,,
Poinçon à fromage,1,0,0,,false,,
Pompe pour flacon,1,0,0,,false,,
Porte-bananes,1,0,0,,false,,
Porte-bouteille d'huile,1,0,0,,false,,
Porte-bûches,1,0,0,,false,,
Porte-capsules,1,0,0,,false,,
Porte-cotons-tiges,1,0,0,,false,,
Porte-couteaux,1,0,0,,false,,
Porte-couverts,1,0,0,,false,,
Porte-enveloppes,1,0,0,,false,,
Porte-essuie-mains,1,0,0,,false,,
Porte-gobelets,1,0,0,,false,,
Porte-gressins,1,0,0,,false,,
Porte-papier toilette avec tablette,1,0,0,,false,,
Porte-rasoir,1,0,0,,false,,
Porte-sachets de thé ou sucre,1,0,0,,false,,
Porte-serviettes double,1,0,0,,false,,
Porte-trombones,1,0,0,,false,,
Pot décoratif,1,0,0,,false,,
Poudre parfumée,1,0,0,,false,,
Poupées gigognes,1,0,0,,false,,
Présentoir à bouchon,1,0,0,,false,,
Présentoir mural,1,0,0,,false,,
Rafraîchisseur,1,0,0,,false,,
Rafraîchisseur à vin,1,0,0,,false,,
Ramasse-miettes,1,0,0,,false,,
Recharge de lotion pour les mains,1,0,0,,false,,
Réchaud,1,0,0,,false,,
Repose-spatule,1,0,0,,false,,
Roulette coupe-pizza,1,0,0,,false,,
Russe,1,0,0,,false,,
Sac cadeau,1,0,0,,false,,
Sac de jardinage,1,0,0,,false,,
Sac de rangement,1,0,0,,false,,
Salière,1,0,0,,false,,
Sapin de Noël,1,0,0,,false,,
Sauteuse,1,0,0,,false,,
Savon anti-odeurs,1,0,0,,false,,
Savon solide,1,0,0,,false,,
Seau à bûches,1,0,0,,false,,
Seau à cendres,1,0,0,,false,,
Sèche-serviettes,1,0,0,,false,,
Service à bourguignonne,1,0,0,,false,,
Service à fromage,1,0,0,,false,,
Service à sel et poivre,1,0,0,,false,,
Serviette à cocktail,1,0,0,,false,,
Serviette hammam,1,0,0,,false,,
Serviteur de cheminée,1,0,0,,false,,
Set de casseroles,1,0,0,,false,,
Sifflet,1,0,0,,false,,
Socle lumineux,1,0,0,,false,,
Spatule à glace,1,0,0,,false,,
Stylo,1,0,0,,false,,
Support pour tablette,1,0,0,,false,,
Table murale,1,0,0,,false,,
Table roulante,1,0,0,,false,,
Taille-crayon,1,0,0,,false,,
Tasse à cappuccino,1,0,0,,false,,
Taste-huile,1,0,0,,false,,
Testeur de cuisson,1,0,0,,false,,
Toise,1,0,0,,false,,
Toupie,1,0,0,,false,,
Ventilateur,1,0,0,,false,,
Verre à champagne,1,0,0,,false,,
Verre à eau avec porte-verre,1,0,0,,false,,
Verre mélangeur,1,0,0,,false,,
Vestiaire parfumé,1,0,0,,false,,
Vide-capsules,1,0,0,,false,,
Vinaigrier,1,0,0,,false,,
Voile d'ombrage,1,0,0,,false,,
Wok,1,0,0,,false,,
