valeur du métachamp custom.designer,produits,correction proposée
Ronan & Erwan Bouroullec,179,écrire le nom de la fiche : ronan-erwan-bouroullec
Edward Barber & Jay Osgerby,173,écrire le nom de la fiche : edward-barber-jay-osgerby
Serax,101,pas un créateur (marque) : laisser vide ou mettre le vrai créateur
Vitra,87,pas un créateur (marque) : laisser vide ou mettre le vrai créateur
HAY,76,"pas un créateur (nom de la marque, pas d'un créateur (conception interne) ; la page marque existe) : laisser vide ou mettre le vrai créateur"
Erwan Bouroullec,37,écrire le nom de la fiche : ronan-erwan-bouroullec
Vitra Design Museum,36,"pas un créateur (éditeur d'un livre, pas un créateur de mobilier ; produit absent du site) : laisser vide ou mettre le vrai créateur"
Big-Game,22,écrire le nom de la fiche : big-game
Ettore Sottsass & Alberto Gozzi,20,écrire le nom de la fiche : ettore-sottsass
Inga Sempé,18,écrire le nom de la fiche : inga-sempe
Tomorrowland,16,"pas un créateur (Tomorrowland : festival de musique électronique de Boom (Belgique), collaboratio) : laisser vide ou mettre le vrai créateur"
Charles Eames & Eero Saarinen,15,"plusieurs créateurs : charles-ray-eames, eero-saarinen"
"Luigi Caccia Dominioni, Livio Castiglioni, Pier Giacomo Castiglioni",14,"plusieurs créateurs : luigi-caccia-dominioni, pier-giacomo-castiglioni"
Doriana et Massimiliano Fuksas,13,écrire le nom de la fiche : doriana-e-massimiliano-fuksas
Ronan Bouroullec,12,écrire le nom de la fiche : ronan-erwan-bouroullec
Ichendorf,12,"pas un créateur (nom de la marque (Ichendorf Milano), pas d'un créateur) : laisser vide ou mettre le vrai créateur"
"Ettore Sottsass, Alberto Gozzi",11,écrire le nom de la fiche : ettore-sottsass
LPWK & Massimo Giacon,10,écrire le nom de la fiche : massimo-giacon
Big Game,9,écrire le nom de la fiche : big-game
nendo – Oki Sato,9,écrire le nom de la fiche : nendo
King-Kong,9,"plusieurs créateurs : stefano-giovannoni, guido-venturini"
Fabricius & Kastholm,8,écrire le nom de la fiche : fabricius-kastholm
LPWK & Emma Silvestris,8,écrire le nom de la fiche : emma-silvestris
Ufficio Tecnico Alessi,8,pas un créateur (bureau technique interne d'Alessi) : laisser vide ou mettre le vrai créateur
AA.VV.,8,pas un créateur (« auteurs divers ») : laisser vide ou mettre le vrai créateur
David Chipperfield & Pietro Leemann,7,écrire le nom de la fiche : david-chipperfield
Achille and Pier Giacomo Castiglioni,7,"plusieurs créateurs : achille-castiglioni, pier-giacomo-castiglioni"
"David Chipperfield, Pietro Leemann",6,écrire le nom de la fiche : david-chipperfield
Giulio Iacchetti & Oscar Quagliarini,6,écrire le nom de la fiche : giulio-iacchetti
Inga Sempe,5,écrire le nom de la fiche : inga-sempe
Plan C,5,écrire le nom de la fiche : plan-c
LPWK & Marta Sansoni,5,écrire le nom de la fiche : marta-sansoni
Viola Heyn-Johnsen et Jonas Trampedach,5,écrire le nom de la fiche : jonas-trampedach
Alessandro Mendini & Annalisa Margarini,4,écrire le nom de la fiche : alessandro-mendini
Edward Barber and Jay Osgerby,4,écrire le nom de la fiche : edward-barber-jay-osgerby
Aleksej Iskos,4,écrire le nom de la fiche : iskos-berlin
Luigi Caccia Dominioni & Livio et Pier Giacomo Castiglioni,4,"plusieurs créateurs : luigi-caccia-dominioni, pier-giacomo-castiglioni"
Massimo Giacon & Marcello Jori,4,"plusieurs créateurs : massimo-giacon, marcello-jori"
Ferm Living,4,"pas un créateur (nom de la marque, pas d'un créateur) : laisser vide ou mettre le vrai créateur"
Pantone Horeca,4,pas un créateur (gamme sous licence) : laisser vide ou mettre le vrai créateur
Vlaemynck,4,"pas un créateur (Vlaemynck : marque française de mobilier et textile d'extérieur, qui appartient ) : laisser vide ou mettre le vrai créateur"
Merci,4,"pas un créateur (Merci : concept store du Haut-Marais à Paris, collaboration de marque avec Serax) : laisser vide ou mettre le vrai créateur"
Doriana et Massimiliano Fuksas & Alberto Gozzi,3,écrire le nom de la fiche : doriana-e-massimiliano-fuksas
LPWK – Massimo Giacon,3,écrire le nom de la fiche : massimo-giacon
LPWK & Paolo Gerosa,3,écrire le nom de la fiche : paolo-gerosa
Luigi Massoni & Carlo Mazzeri,3,écrire le nom de la fiche : carlo-mazzeri
"Richard Sapper, Alberto Gozzi & Gualtiero Marchesi",3,écrire le nom de la fiche : richard-sapper
D'Urbino-Lomazzi,3,écrire le nom de la fiche : durbino-lomazzi
Johan van Hengel,3,écrire le nom de la fiche : johan-van-hengel
Anonyme,3,pas un créateur (auteur inconnu) : laisser vide ou mettre le vrai créateur
Kastholm & Fabricius,2,écrire le nom de la fiche : fabricius-kastholm
Klaus Haapaniemi et Heikki Orvola,2,écrire le nom de la fiche : klaus-haapaniemi-heikki-orvola
Næssi Studio,2,écrire le nom de la fiche : studio-naessi
LPWK & Gabriele Chiave,2,écrire le nom de la fiche : gabriele-chiave
LPWK & Jim Hannon-Tan,2,écrire le nom de la fiche : jim-hannon-tan
"Giulio Iacchetti, Oscar Quagliarini",2,écrire le nom de la fiche : giulio-iacchetti
Alessandro Mendini et Annalisa Margarini,2,écrire le nom de la fiche : alessandro-mendini
"Carlo Mazzeri, Luigi Massoni",2,écrire le nom de la fiche : carlo-mazzeri
Michel Boucquillon et Donia Maaoui,2,écrire le nom de la fiche : boucquillon-maaoui
Michel Boucquillon,2,écrire le nom de la fiche : boucquillon-maaoui
Scholten & Baijings,2,écrire le nom de la fiche : carole-baijings
René Barba,2,écrire le nom de la fiche : rene-barba
King-Kong (Stefano Giovannoni et Guido Venturini),2,"plusieurs créateurs : stefano-giovannoni, guido-venturini"
"Massimo Giacon, Marcello Jori",2,"plusieurs créateurs : massimo-giacon, marcello-jori"
"Achille Castiglioni, Pier Giacomo Castiglioni",2,"plusieurs créateurs : achille-castiglioni, pier-giacomo-castiglioni"
Clodette,2,"pas un créateur (Clodette (Clodette Antwerp) : label de papeterie, linge et objets pour la maison) : laisser vide ou mettre le vrai créateur"
Klaus Haapaniemi & Heikki Orvola,1,écrire le nom de la fiche : klaus-haapaniemi-heikki-orvola
Barber & Osgerby,1,écrire le nom de la fiche : edward-barber-jay-osgerby
Sondra Pantani & Pietro Marsili / MODO Architettura,1,écrire le nom de la fiche : modo-architettura
Emma Silvestris et LPWK,1,écrire le nom de la fiche : emma-silvestris
Emma Silvestris avec LPWK,1,écrire le nom de la fiche : emma-silvestris
LPWK & Antonio Aricò,1,écrire le nom de la fiche : antonio-arico
LPWK & Marcello Jori,1,écrire le nom de la fiche : marcello-jori
Giulio Iacchetti & Matteo Ragni,1,écrire le nom de la fiche : giulio-iacchetti
"Giulio Iacchetti, Matteo Ragni",1,écrire le nom de la fiche : giulio-iacchetti
"Carlo Mazzeri, Anselmo Vitale",1,écrire le nom de la fiche : anselmo-vitale-carlo-mazzeri
Richard Sapper & Alberto Gozzi,1,écrire le nom de la fiche : richard-sapper
"Richard Sapper, Alberto Gozzi, Raymond Thuilier & Jean-André Charial",1,écrire le nom de la fiche : richard-sapper
"Richard Sapper, Alberto Gozzi, Pierre Troisgros & Pierre et Michel Troisgros",1,écrire le nom de la fiche : richard-sapper
"Richard Sapper, Alberto Gozzi & Angelo Paracucchi",1,écrire le nom de la fiche : richard-sapper
"Richard Sapper, Alberto Gozzi & Alain Chapel",1,écrire le nom de la fiche : richard-sapper
Jasper Morrison & Alberto Gozzi,1,écrire le nom de la fiche : jasper-morrison
"Kuno Prey, Alberto Gozzi",1,écrire le nom de la fiche : kuno-prey
Ron Arad et Alberto Gozzi,1,écrire le nom de la fiche : ron-arad
AA.VV. & Marcel Wanders,1,écrire le nom de la fiche : marcel-wanders
William Alsop & Federico Grazzini,1,écrire le nom de la fiche : william-alsop
CSA & Theo Williams,1,écrire le nom de la fiche : theo-williams
Susan Cohn (Centro Studi Alessi),1,écrire le nom de la fiche : susan-cohn
Marta Sansoni (Centro Studi Alessi),1,écrire le nom de la fiche : marta-sansoni
Ronan et Erwan Bouroullec,1,écrire le nom de la fiche : ronan-erwan-bouroullec
Franco Sargiani et Eija Helander,1,écrire le nom de la fiche : franco-sargiani-eija-helander
Frédéric Gooris & Fabrice Leclerc,1,écrire le nom de la fiche : frederic-gooris
Frédéric Gooris & Sebastiano Tosi,1,écrire le nom de la fiche : frederic-gooris
Anna et Gian Franco Gasparini,1,écrire le nom de la fiche : anna-e-gian-franco-gasparini
Lorenzo Piccione di Pianogrillo & Köbi Wiesendanger,1,écrire le nom de la fiche : kobi-wiesendanger
Gabriele Chiave (concept Anna Borla),1,écrire le nom de la fiche : gabriele-chiave
Harry & Camila,1,écrire le nom de la fiche : harry-paul-van-iersel
Antonio Citterio/assistant Toan Nguyen,1,écrire le nom de la fiche : antonio-citterio
Friso Kramer & Wim Rietveld,1,écrire le nom de la fiche : friso-kramer
Studio Design Fermob,1,écrire le nom de la fiche : studio-fermob
"Studio Habits,Min Dong",1,écrire le nom de la fiche : studio-habits
LPWK & Francesca Amfitheatrof,1,écrire le nom de la fiche : francesca-amfitheatrof
"Hans J. Wegner, Ilse Crawford",1,"plusieurs créateurs : hans-j-wegner, ilse-crawford"
King-Kong (Stefano Giovannoni & Guido Venturini),1,"plusieurs créateurs : stefano-giovannoni, guido-venturini"
Achille & Pier Giacomo Castiglioni,1,"plusieurs créateurs : achille-castiglioni, pier-giacomo-castiglioni"
Michael Graves & Virgil Abloh,1,"plusieurs créateurs : michael-graves, virgil-abloh"
Stefano Giovannoni & Elisa Gargan,1,"plusieurs créateurs : stefano-giovannoni, elisa-gargan"
Stefano Giovannoni & Miriam Mirri,1,"plusieurs créateurs : stefano-giovannoni, miriam-mirri"
"Stefano Giovannoni, Harry-Paul van Iersel",1,"plusieurs créateurs : stefano-giovannoni, harry-paul-van-iersel"
Carl Hansen & Søn - Kitchen,1,pas un créateur (nom d'une gamme de la marque saisi comme créateur (erreur de métachamp)) : laisser vide ou mettre le vrai créateur
studio blomus,1,pas un créateur (studio interne de la marque Blomus ; aucun produit sur le site) : laisser vide ou mettre le vrai créateur
Thonet,1,pas un créateur (fabricant) : laisser vide ou mettre le vrai créateur
Pantone Universe,1,pas un créateur (gamme sous licence) : laisser vide ou mettre le vrai créateur
"Alberto Gozzi, Pierre Troisgros & Pierre et Michel Troisgros",1,"pas un créateur (chefs cuisiniers, aucun designer) : laisser vide ou mettre le vrai créateur"
Aiayu,1,pas un créateur (Aiayu : marque danoise de textile et de mode fondée en 2005 à Copenhague (fondat) : laisser vide ou mettre le vrai créateur
