slug,nom,marques,à reprendre,détail
otxo-amade,Otxo Amade,Volta Mobiles,portrait manquant,"Aucun portrait trouvé : la page À propos de voltamobiles.com (FR, EN, ES) ne montre que des mobiles en situation et la façade de l'ancien showroom parisien ; aucune autre source autorisée ne présente Otxo Amade."
otxo-amade,Otxo Amade,Volta Mobiles,bio courte (sources minces),"Le site Volta ne présente Otxo Amade que comme fondateur de la marque, sans biographie : nationalité, formation et rôle exact dans le dessin de chaque mobile non publiés. La bio parle donc surtout de la marque."
francesca-amfitheatrof,Francesca Amfitheatrof,Alessi,portrait manquant,"Seul portrait officiel trouvé : la page designer Alessi (Amfitheatrof-Francesca.jpg), une photo de type Polaroïd de 448 × 336 px, trop petite et non cadrable en 4:5. Aucun site officiel personnel trouvé ; pages Louis Vuitton (livre) et Wikipédia écartées."
francesca-amfitheatrof,Francesca Amfitheatrof,Alessi,bio courte (sources minces),metafieldValues = « LPWK & Francesca Amfitheatrof » : Alessi crédite bien Bon Bon à Francesca Amfitheatrof et LPWK. Bio limitée aux faits publiés par Alessi.
claire-bataille,Claire Bataille,Serax,portrait manquant,"Pas de site officiel de la créatrice ni de page Serax (actuelle ou archivée) ; le VAI ne publie que des photos de projets, et un portrait d'institution ne serait de toute façon pas une source autorisée."
claire-bataille,Claire Bataille,Serax,bio courte (sources minces),"Le lien avec Serax (plateau à anse) n'apparaît dans aucune source consultée : attribution à vérifier, d'où la confiance faible et l'absence de mention de la pièce dans la bio. Nationalité belge déduite (agence anversoise, archives au VAI). Page VAI lue via r.jina.ai (erreur 429 en direct)."
viggo-boesen,Viggo Boesen,&Tradition,portrait manquant,"Le portrait de la page designer &Tradition (https://wp.andtradition.com/wp-content/uploads/2019/06/Copyright_Viggo_Boesen_Foundation.jpg, crédit Viggo Boesen Foundation) est net et convenable (noir et blanc, souriant, assis dans une barque) mais ne mesure que 472 × 708 px, sous le minimum de 600 px "
boxy-s,Boxy's,Serax,bio courte (sources minces),"Duo de chefs (jumeaux Kristof et Stefan Boxy), donc bien un créateur. Le site actuel de Serax n'a plus de page pour eux : la description vient de l'ancienne page créateur de Serax, lue dans les archives web. Le site du traiteur ne mentionne ni Serax ni Take Time. Portrait en paysage, à valider (voir"
branch,Branch,HAY,portrait manquant,"La seule image publiée par HAY (branch_team_1220x1220.jpg) montre le bâtiment de l'université avec les membres minuscules sur les balcons, visages illisibles : pas un portrait. Le collectif, à composition variable selon les projets, n'a pas de portrait officiel identifié."
branch,Branch,HAY,bio courte (sources minces),"HAY écrit « BRANCH » en capitales ; « Branch » conservé. Collectif universitaire à composition variable, pas une personne : à traiter comme un studio. Bio volontairement courte (source unique)."
marcel-breuer,Marcel Breuer,Vitra,portrait manquant,"portrait officiel trop petit (646 × 561 ; 448 px de large en 4:5, agrandissement au-delà de 1,18×) : https://www.thonet.de/fileadmin/media/07-magazine/designer/thonet-designer-marcel-breuer.jpg"
marta-lavinia-carboni,Marta Lavinia Carboni,Ichendorf Milano,bio courte (sources minces),"Bio courte : une seule source (Ichendorf Milano), sans nationalité ni dates ; nationalité italienne non affirmée. « Vase hydroponique +1 » correspond à l'« Idrophonic vase » de la collection +1."
pierre-charrie,Pierre Charrié,Moustache,portrait manquant,"Aucun portrait trouvé : la page designer Moustache ne montre qu'un nom en typographie ; la page About du site officiel pierrecharrie.com n'affiche que des couvertures de presse, et la médiathèque WordPress du site (recherches « portrait », « charrie-pierre ») ne contient que des photos de pièces et "
antonio-citterio-glen-oliver-low,Antonio Citterio & Glen Oliver Löw,Iittala,portrait manquant,"Iittala publie un portrait d'Antonio Citterio seul (1080x680_wide_image_antoniocitterio_2007.jpg, servi en 680x428 seulement) et le site de Glen Oliver Löw un portrait de Löw seul (portrait_loew-edited.jpg). Aucun portrait commun du duo trouvé chez l'éditeur ni sur les sites officiels : photo null s"
claesson-koivisto-rune,Claesson Koivisto Rune,Muuto,bio courte (sources minces),"Le site du studio (claessonkoivistorune.se) n'a pas pu être lu (page « about » absente) : noms des membres et année de fondation non vérifiés sur une source autorisée, donc omis. Crédit photo lu dans l'EXIF (© Knut Koivisto 2010)."
ellen-cole,Ellen Cole,Serax,portrait manquant,"Aucun site officiel trouvé (ellencole.com est un domaine parqué). L'ancienne page Serax (archives 2019 et 2023) n'illustre la designer que par une vignette de 440 × 520 px puis par une photo des cuillères spOOn, sans portrait."
ellen-cole,Ellen Cole,Serax,bio courte (sources minces),"Source unique : anciennes pages Serax archivées. Le texte Serax écrit « The long, imperfect steel », sans doute pour « stem » (tige) ; traduit par « manche ». Formes ovale, ronde et angulaire reprises des intitulés produits Mikado."
giulio-confalonieri,Giulio Confalonieri,Alessi,portrait manquant,"Aucun portrait dans les sources autorisées : les pages créateur Alessi (alessi.com/collections/giulio-confalonieri et giulio-confalonieri-1) n'ont ni texte ni image, les fiches Maya n'ont pas de bloc créateur illustré ; pas de site officiel (créateur décédé en 2008) ; la fiche de la collection Confa"
fabrizio-crisa,Fabrizio Crisà,Alessi,bio courte (sources minces),"Aucune page Crisà ni fiche « Big Vasque » sur alessi.com : l'attribution de la vasque Big repose sur le catalogue Mikado (et des revendeurs, non cités). Bio construite sur le site d'Elica, son employeur et éditeur ; année de naissance (1973) et formation (Sapienza) trouvées seulement sur des sites n"
niels-datema,Niels Datema,Serax,bio courte (sources minces),Nationalité et formation non publiées par Serax. Le bocal à épices et le plateau Vinyl Ovale vendus par Mikado ne sont pas attribués à Niels Datema sur le site Serax actuel : non vérifiés.
antonio-de-marco,Antonio De Marco,Martinelli Luce,bio courte (sources minces),"Source unique (page éditeur), sans dates ni nationalité : confiance faible. L'éditeur écrit aussi « Antonio de Marco » dans le texte ; casse du titre conservée."
carolina-doni,Carolina Doni,Ichendorf Milano,portrait manquant,Pas de page designer chez Ichendorf Milano (absente de la liste des designers) et aucun site officiel trouvé ; seul le catalogue PDF de l'éditeur la crédite.
carolina-doni,Carolina Doni,Ichendorf Milano,bio courte (sources minces),Seule source : le catalogue Ichendorf (« TORRE — Carolina Doni »). La fiche produit en ligne n'indique aucun designer. Nationalité et parcours inconnus.
lauren-van-driessche,Lauren Van Driessche,Serax,bio courte (sources minces),Source mince (nationalité et dates non publiées) : bio courte.
en-bande-organisee,En Bande Organisée,Moustache,portrait manquant,
axel-enthoven,Axel Enthoven,Serax,portrait manquant,"Aucun portrait publié par Serax/Memory Stone ou par le designer : memorystone.be ne répond plus, Yellow Window (ex-Enthoven Associates) ne présente pas de portrait. La seule photo trouvée est sur le site des Henry van de Velde Awards (Flanders DC, « Axel Enthoven at the ceremony of edition 16 © Mich"
foster-partners-industrial-design,Foster + Partners Industrial Design,Ichendorf Milano,portrait manquant,"Aucun portrait d'équipe identifié. La page Ichendorf Milano du studio ne montre que les vases FIO ; le site du studio (fosterandpartnersindustrialdesign.com/studio) n'a que des photos d'atelier sans légende (vitrine, deux hommes de dos penchés sur une table, maquettes) ; fosterandpartners.com bloque"
benny-frandsen,Benny Frandsen,Frandsen,portrait manquant,"Frandsen publie un beau portrait noir et blanc (chapeau, main contre la joue) sur https://www.frandsen.com/benny-frandsen, mais l'original ne fait que 464x576 (https://images.squarespace-cdn.com/content/v1/66c6113f16e3800238eefc85/999a2b3a-b850-44df-aa17-cea849cca54c/Benny+Frandsen+05.png) ; variant"
benny-frandsen,Benny Frandsen,Frandsen,bio courte (sources minces),Portrait candidat en 464x576 si la limite de taille est assouplie. Bio courte faute de source plus détaillée chez l'éditeur (pas de date de naissance publiée).
nadia-gallardo,Nadia Gallardo,Serax,bio courte (sources minces),Source mince (nationalité et dates non publiées) : bio courte.
david-geckeler,David Geckeler,Muuto,bio courte (sources minces),"Muuto nomme le prix « Becker's International Design Award » ; intitulé non vérifié, donc non repris. Aucun site officiel joignable (geckeler.com ne contient qu'une page minimale)."
milton-glaser,Milton Glaser,Alessi,portrait manquant,"Pas de page designer sur alessi.com (collection milton-glaser en 404, aucun produit Glaser au catalogue actuel). Le site officiel miltonglaser.com ne publie qu'une photo de 560 × 308 px (MiltonR-5747.png), trop petite et en paysage."
greige,Greige,Artek,portrait manquant,"Studio sans portrait publié : ni Artek (pages produits artek.fi et shop.artek.fi) ni le site greige.de (aujourd'hui une page d'attente « An Archival », version archivée de 2015 sans photo d'équipe) ne proposent de photo des membres."
greige,Greige,Artek,bio courte (sources minces),Greige est bien un créateur identifiable : Artek (artek.fi et shop.artek.fi) crédite les affiches au « Berlin-based graphic design studio Greige ». Ce n'est pas une personne mais un studio. Les noms Mark Kiessling et Birthe Haas et la liste des projets viennent de la version archivée (Wayback Machin
klaus-haapaniemi-heikki-orvola,Klaus Haapaniemi & Heikki Orvola,Iittala,portrait manquant,"Iittala ne publie que des portraits séparés (Klaus Haapaniemi sur les pages Taika et Taika Sato, Heikki Orvola seul sur sa page Arabia /fi-fi/arabia/muotoilijat/heikki-orvola). Aucun portrait commun trouvé sur iittala.com ; conformément à la consigne, pas de photo pour le duo."
mia-hamborg,Mia Hamborg,&Tradition,portrait manquant,"Seule image publiée par &Tradition : https://wp.andtradition.com/wp-content/uploads/2019/09/MiaHamborg.jpg, 470 × 650 px (sous le minimum de 600 px), en noir et blanc, la designer accroupie au sol et visage en partie caché par les cheveux, avec des pièces tournées ; ce n'est pas un vrai portrait. Au"
hortense-and-valeriane,Hortense and Valériane,Fatboy,bio courte (sources minces),"Noms complets confirmés par Fatboy (champ Designer : « Valériane Voirin & Hortense Pontabry »). La date de création de Miasun (2017), la ville (Annecy) et les métiers des fondatrices (architecte d'intérieur, marketing) ne figurent que dans la presse (ChEEk Magazine, Les Fondus) : omis. Miasun.com re"
esther-horchner,Esther Hörchner,Pols Potten,portrait manquant,"Le seul portrait officiel (studiohetparadijs.nl/info, portret-Esther.jpg) mesure 236 × 236 px et est détouré en cercle : trop petit. La photo de groupe du studio (wij-drie-nieuw, 1920 × 489 px au plus) montre trois personnes en bandeau, non cadrable en 4:5. Pols Potten ne publie pas de portrait."
anna-maija-jaatinen,Anna-Maija Jaatinen,Artek,bio courte (sources minces),Le nom de fichier et les métadonnées Artek écrivent « Jattinen » ; le texte Artek écrit « Jaatinen » (orthographe retenue). Sources limitées à Artek : bio courte.
grete-jalk,Grete Jalk,Vitra,portrait manquant,"Aucune source autorisée trouvée : Vitra n'a pas de page designer Grete Jalk (la fiche Miniature Laminated Chair ne montre que l'objet) ; le site de Lange Production, éditeur actuel de la chaise GJ, n'a pas répondu (connexion impossible). Les autres résultats sont des revendeurs, Wikipédia ou des blo"
grete-jalk,Grete Jalk,Vitra,bio courte (sources minces),"La « Miniature Jalk GJ Plywood Chair » de Mikado correspond à la miniature « Laminated Chair » (1963) de Vitra. Bio courte, fondée sur la seule fiche Vitra ; formation et enseignement (souvent cités ailleurs) omis faute de source autorisée."
martine-keirsebilck,Martine Keirsebilck,Serax,portrait manquant,"Pas de site officiel actif (l'ancienne galerie martinekeirsebilck.smugmug.com renvoie une page introuvable). Serax ne la présente plus sur son site actuel ; l'ancienne page (archive 2023) montre un portrait en bandeau 1297 × 700 px, recadrable en 4:5 seulement à ≈ 560 × 700 px, sous le minimum de 60"
martine-keirsebilck,Martine Keirsebilck,Serax,bio courte (sources minces),"Source éditeur seulement archivée. Le label Handmade in Belgium est une initiative de l'organisation Unizo (source institutionnelle de complément). Portrait Serax archivé de qualité limite, à valider."
aleksi-kuokka,Aleksi Kuokka,Iittala,bio courte (sources minces),"Iittala ne publie pas de biographie de Kuokka, seulement l'attribution du mug Play. Date de naissance (1978) visible chez un revendeur seulement : omise."
les-graphiquants,Les Graphiquants,Moustache,portrait manquant,"Aucun portrait trouvé : Moustache n'affiche qu'un nom en typographie ; le site les-graphiquants.fr (pages studio, contact, presse, photographies, version mobile) ne publie ni photo d'équipe ni nom des fondateurs."
liz-objets,LIZ.objets,Serax,bio courte (sources minces),"Studio (nom commercial d'Elise Maes) : sortKey = nom complet du studio. Source unique et courte, d'où la confiance faible."
tina-lofstad,Tina Lofstad,Carl Hansen & Søn,portrait manquant,"Aucun portrait publié par Carl Hansen & Søn (la page designer tina-lofstad existe mais son contenu est vide ; aucune image dans la liste des designers ni sur la fiche des lutins) ni sur le site officiel glaspusteriet-lofstad.dk (pages Forside, Om, Om Tina Lofstad : seulement logo, entrée et montage "
pio-manzu,Pio Manzù,Alessi,portrait manquant,"portrait officiel trop petit (690 × 490 ; 392 px de large en 4:5, agrandissement au-delà de 1,18×) : https://cdn.shopify.com/s/files/1/0337/3603/2392/collections/manzupio-web-prodotto-store.jpg?v=1779782072"
massimo-mariani,Massimo Mariani,Alessi,portrait manquant,"Aucun portrait sur le site officiel (pages profil, design, architecture) ni sur alessi.com, qui n'a pas de page Massimo Mariani. Rien de convenable dans les sources autorisées."
morris-marigo,Morris Marigo,Serax,bio courte (sources minces),"La page Serax écrit « Marrigo » dans le texte et « Marigo » dans le titre et les URL ; « Marigo » conservé. Les pièces Magnetic (vase Bubblebubble, lampe Spot) vendues par Mikado ne sont pas citées par Serax sous son nom : non vérifiées. Sources minces, pas de dates."
marni,Marni,Serax,portrait manquant,"Marni est une maison de mode, pas une personne. La page https://serax.com/pages/marni ne publie que le logo Marni (MARNI_Logo-Ecommerce_3200x4000px.jpg) et des vignettes vidéo de vaisselle Midnight Flowers : pas de portrait possible. Un visuel de marque ou de produit serait à décider par Mikado."
dylan-martorell,Dylan Martorell,Moustache,portrait manquant,"Aucun portrait exploitable : Moustache n'affiche qu'un nom en typographie ; sur la page Bio du site officiel dylanmartorell.com, la seule photo montre une performance de groupe en plein air, où l'artiste apparaît petit et de dos ou de profil, parmi de nombreuses personnes."
mies-van-der-rohe,Mies van der Rohe,Vitra,portrait manquant,"portrait officiel trop petit (646 × 561 ; 448 px de large en 4:5, agrandissement au-delà de 1,18×) : https://www.thonet.de/fileadmin/media/07-magazine/designer/thonet-ludwig-mies-van-der-rohe.jpg"
modo-architettura,MODO Architettura,Pols Potten,portrait manquant,
nason-moretti,Nason Moretti,Carl Hansen & Søn,portrait manquant,"Il s'agit d'une manufacture, pas d'une personne. Carl Hansen & Søn n'a pas de page designer « Nason Moretti » (l'URL /designers/nason-moretti renvoie une page vide) ni de portrait. Sur nasonmoretti.com (page History), les seules images de personnes sont de petites photos d'archives (≤ 520 px de larg"
kim-naver,Kim Naver,Linie Design,portrait manquant,"Linie Design ne publie qu'un montage de deux photos (Kim_Naver_Inspiration.png et 1.png, 850x600) : sur le premier, son portrait assis occupe la moitié droite, soit environ 420x540 px, sous le minimum de 600 px. Aucun site officiel de la créatrice ; la media bank Linie (liniedesign.presscloud.com, a"
pancho-nikander,Pancho Nikander,Artek,bio courte (sources minces),Sources minces (une seule page Artek) : bio courte (environ 340 caractères).
ontwerpduo,Ontwerpduo,Serax,portrait manquant,seul portrait officiel : bandeau 2250 × 877 ; ni un recadrage 4:5 ni deux bandes côte à côte ne gardent les deux visages sans agrandissement excessif (https://www.ontwerpduo.nl/wp-content/uploads/2015/04/Fotografie-2017_02_140301_LR_combi_v3.jpg)
marijn-oomen,Marijn Oomen,Fatboy,bio courte (sources minces),"Mode « bio ». Fatboy ne donne ni nationalité, ni date, ni parcours ; l'histoire de la création du Lamzac (émission de télévision en 2010, rachat par Fatboy) n'apparaît que dans la presse et sur un blog juridique, donc omise."
paolo-pagani,Paolo Pagani,Alessi,portrait manquant,Page designer Alessi sans texte ni portrait ; aucun site officiel identifié avec certitude (plusieurs architectes homonymes). Seules les pages de revendeurs le présentent.
paolo-pagani,Paolo Pagani,Alessi,bio courte (sources minces),"Les revendeurs le décrivent comme architecte, designer industriel et coloriste et datent le moulin de 1991 : non repris faute de source autorisée."
peluffo-partners,Peluffo & Partners,Martinelli Luce,portrait manquant,"Seule image disponible (page Martinelli Luce et page Gianluca Peluffo du site officiel, 750 × 944 px) : Gianluca Peluffo en pied, petit, dans l'encadrement d'une porte au milieu d'une façade ; un recadrage 4:5 sur la personne ne ferait qu'environ 300 px de large. Aucune autre photo de lui sur peluff"
pj-mares,PJ Mares,Serax,portrait manquant,"Aucun portrait exploitable sur pjmares.be (pages who-we-are, press, downloads : seulement produits et cuisines). Serax a publié un portrait du duo, mais seulement dans d'anciennes versions de son site archivées : 1297 × 700 px, deux personnes regardant vers le haut, impossible à recadrer en 4:5 sans"
playlab,PlayLab,Alessi,portrait manquant,"L'image de la page Alessi (PlayLab_Inc.jpg) montre des figurines sculptées, pas une photographie des membres ; le site officiel playlab.org ne publie pas de portrait d'équipe. Rien de convenable dans les sources autorisées."
moritz-putzier,Moritz Putzier,Martinelli Luce,bio courte (sources minces),"Source unique (page éditeur), sans formation ni dates : confiance faible. L'éditeur présente « Studio Moritz Putzier » (slug de page « studio-moritz-putzer », faute de frappe) ; nom de la personne conservé."
folke-palsson,Folke Pålsson,HAY,portrait manquant,"Le seul portrait trouvé est celui de la page designer HAY (https://www.hay.com/globalassets/blocks/shared/designers/folke-paalsson_1220x1220_must-not-be-on-imagebank-or-shared.jpg, 1220 px, noir et blanc) : son nom de fichier indique « must-not-be-on-imagebank-or-shared », donc des droits restreints"
jacob-robertsson,Jacob Robertsson,Moustache,portrait manquant,"Aucun portrait trouvé : Moustache n'affiche qu'un nom en typographie ; le site personnel jakobrobertsson.se est bloqué par l'hébergeur (page d'erreur Loopia, code 403) et Rörstrand n'a pas de page designer à son nom."
jacob-robertsson,Jacob Robertsson,Moustache,bio courte (sources minces),"Orthographe à corriger : Moustache écrit « Jakob » Robertsson (page designer et fiche produit), pas « Jacob ». La bio utilise « Jakob » ; le nom et le slug fournis sont conservés. Seule source disponible : Moustache (texte court), d'où la confiance faible. Moustache écrit « prieur chevelu », rendu i"
felix-roobrouck,Felix Roobrouck,Serax,portrait manquant,"Aucun site officiel trouvé. Serax ne le présente plus sur son site actuel ; l'ancienne page (archive 2023) montre un portrait très serré en bandeau 1297 × 700 px, front coupé, recadrable en 4:5 seulement à ≈ 560 × 700 px, sous le minimum de 600 px (https://web.archive.org/web/2023im_/https://www.ser"
felix-roobrouck,Felix Roobrouck,Serax,bio courte (sources minces),Source unique : anciennes pages Serax archivées (2019 et 2023). Nationalité et formation non publiées ; l'origine du nom Collar (collerette de chien) n'a été lue que dans un résumé de recherche et a été omise.
mattia-di-rosa,Mattia Di Rosa,Alessi,bio courte (sources minces),"Sources minces (notice Alessi de trois phrases), d'où une bio courte."
marie-louise-rosholm,Marie-Louise Rosholm,Linie Design,portrait manquant,"Le seul vrai portrait trouvé est sur le site officiel Studio MLR (https://studio-mlr.com/wp-content/uploads/2023/08/portraet-Linie-ML.jpg, page d'accueil et contact) : 598x797, sous le minimum de 600 px, avec son nom incrusté en bas de l'image. Autre photo sur le même site (MLR_web-1.jpg) en 500x750"
kustaa-saksi,Kustaa Saksi,Artek,portrait manquant,"Aucun portrait sur le site officiel (pages about, press, contact : seulement des vues d'œuvres et d'exposition) ni chez Artek (pages produit affiche et carte postale 75 ans, sans page designer)."
timo-sarpaneva,Timo Sarpaneva,Iittala,portrait manquant,"Le seul portrait publié par Iittala (pages Festivo, Sarpaneva, Claritas, Orkidea, Tsaikka) est https://www.iittala.com/-/media/iittala/designers/wide-image/1080x680_wide_image_sarpaneva_timo_1.jpg, dont l'original ne fait que 680x428 px (au-delà, le CDN l'agrandit seulement). Photo d'archive noir et"
karl-friedrich-schinkel,Karl Friedrich Schinkel,Vitra,portrait manquant,"Aucune photographie possible : Schinkel est mort en 1841, aux débuts de la photographie ; les portraits connus sont des peintures ou des gravures, exclues par le brief. Vitra n'a pas de page designer pour lui (la fiche Miniature Gartenstuhl ne montre que l'objet)."
karl-friedrich-schinkel,Karl Friedrich Schinkel,Vitra,bio courte (sources minces),"Bio courte : dates de naissance et de mort et liste des activités prises sur un texte du site officiel de la ville de Berlin (berlin.de, compte rendu de promenade de l'arrondissement de Charlottenburg-Wilmersdorf), source institutionnelle mais peu détaillée ; le reste vient de la fiche Miniature Vit"
jukka-setala,Jukka Setälä,Fatboy,portrait manquant,"Aucun portrait publié par Fatboy : pages « About Fatboy », « Original » (fatboy.com) et page designer de Fatboy Canada consultées, sans photo de la personne (uniquement des produits). Pas de site officiel du créateur trouvé (jukkasetala.com/.fi ne répondent pas). Les portraits trouvés sont sur des r"
jukka-setala,Jukka Setälä,Fatboy,bio courte (sources minces),"Date de naissance (1967), formation (Université d'art et de design d'Helsinki, 1996) et enseignement ne figurent que sur Wikipédia et des revendeurs : omis. Fatboy Canada dit « conceptualized in 1998 ». La phrase sur les déclinaisons (Slim, Outdoor, housses) s'appuie sur les produits du lot attribué"
nienke-sikkema,Nienke Sikkema,HKliving,portrait manquant,"HKliving (page collection, page collaboration, fiches produit) ne publie que des photos d'objets. Le site personnel nienkesikkema.nl est privé (« This site is private ») ; nienkesikkema.com appartient à une homonyme (conseil en management). Aucun portrait dans une source autorisée."
nienke-sikkema,Nienke Sikkema,HKliving,bio courte (sources minces),"La suspension Gemstone vendue par Mikado n'apparaît pas dans la collection Nienke Sikkema sur hkliving.com (vases, bougeoirs, présentoir, verres seulement) ; un revendeur (Fleux) vend une « Lampe Gemstone - Nienke Sikkema ». Attribution à confirmer auprès de HKliving. Nationalité et parcours non pub"
alessandro-stabile,Alessandro Stabile,Alessi,portrait manquant,"portrait officiel trop petit (800 × 639 ; 511 px de large en 4:5, agrandissement au-delà de 1,18×) : https://cdn.shopify.com/s/files/1/0337/3603/2392/collections/Stabile-Alessandro-StefaniaZanetti-bw_2b3d1034-c0e1-4cbb-800f-41a257b41da5.jpg?v=1779782084"
mart-stam,Mart Stam,Vitra,portrait manquant,"portrait officiel trop petit (646 × 561 ; 448 px de large en 4:5, agrandissement au-delà de 1,18×) : https://www.thonet.de/fileadmin/media/07-magazine/designer/thonet-mart-stam.jpg"
werner-stoff-hans-nagel,Werner Stoff & Hans Nagel,Stoff Nagel,portrait manquant,"Aucun portrait trouvé : les pages About et The Story de stoffnagel.com ne montrent que des produits et des croquis ; l'espace presse (presscloud) se charge en JavaScript et n'a pas pu être exploré. Il s'agit de créateurs des années 1960, pour qui aucun portrait officiel n'est publié."
studio-65,Studio 65,Vitra,portrait manquant,"Seule image de personnes trouvée : la photo de groupe de la page auteur Gufram (https://gufram.it/wp-content/uploads/2024/02/studio-65.jpg, 1536x875), qui montre une dizaine de personnes alignées en contre-plongée, visages petits ; impossible à recadrer en 4:5 sans couper le groupe. Vitra n'a pas de"
studio-65,Studio 65,Vitra,bio courte (sources minces),"Les membres ne sont pas nommés sur les pages Gufram consultées (Franco Audrito, souvent cité comme fondateur, n'a pas été vérifié sur une source autorisée) : bio volontairement générale. Gufram situe la fondation du groupe en 1965 sans préciser la ville."
studio-fermob,Studio Fermob,Fermob,portrait manquant,
studio-habits,Studio Habits,Martinelli Luce,portrait manquant,"Martinelli Luce illustre la fiche par une vue des bureaux du studio où les personnes sont minuscules (pas un portrait). Le site officiel habits.it ne publie que deux petites vignettes des fondateurs (245 × 363 px, sous le seuil de 600 px) et aucune photo de groupe."
tsto,TSTO,Artek,portrait manquant,Aucun portrait d'équipe : tsto.org/about ne montre qu'une animation vidéo et Artek n'a pas de page designer pour TSTO. Pages projets et produits Artek consultées sans photo des membres.
utilise-objects,Utilise.Objects,Serax,bio courte (sources minces),"Source mince (ville, année de fondation non publiées) : bio courte ; pas de site officiel du collectif trouvé dans le temps imparti."
jorn-utzon,Jørn Utzon,&Tradition,portrait manquant,"Le portrait de la page designer &Tradition (https://wp.andtradition.com/wp-content/uploads/2019/06/Copyright_Utzon_Foundation.jpg, crédit Utzon Foundation) est un beau portrait de profil en noir et blanc, mais il ne mesure que 472 × 708 px, sous le minimum de 600 px ; aucune version plus grande dans"
bas-van-beek,Bas van Beek,Pols Potten,portrait manquant,"Aucun portrait exploitable : le site officiel (basvanbeek.com) ne montre que des œuvres, des ateliers et une photo de dos ; la page Pols Potten « design-collabs/bas-van-beek » est vide et la fiche produit ne montre que l'objet."
carlo-van-poucke,Carlo Van Poucke,Serax,bio courte (sources minces),Sources éditeur uniquement archivées (serax.com 2019 et 2023 via web.archive.org) : à valider. L'enseignement à la WAK est déduit d'un support de cours publié par l'académie à son nom ; la formation à Gand (Sint-Lucas) n'apparaît que chez des revendeurs et a été omise.
marnix-van-roy,Marnix Van Roy,Serax,portrait manquant,"Aucune source autorisée : pas de page Serax (actuelle ou archivée), pas de site officiel trouvé."
marnix-van-roy,Marnix Van Roy,Serax,bio manquante,"Aucune source autorisée trouvée (ni page Serax, ni site officiel ; la recherche sur serax.com ne renvoie ni « Nostos » ni le nom). Seul indice : un registre d'entreprises belge mentionne une société Marnix Van Roy (Schoten, design industriel, créée en 2025), source non autorisée. Bio non rédigée plu"
minke-van-voorthuizen,Minke van Voorthuizen,Pols Potten,portrait manquant,"Site officiel en reconstruction (minkeproducts.com, « under construction ») ; la page profil archivée ne charge que des cadres vides. Pols Potten n'a pas de page designer pour elle et la fiche produit ne montre que la lampe."
minke-van-voorthuizen,Minke van Voorthuizen,Pols Potten,bio courte (sources minces),"Bio volontairement courte : formation (Minerva à Groningue, ArtEZ à Arnhem) et collaborations (Cascando…) ne figurent que chez des revendeurs ou portails. Arnhem vient de la description du site officiel archivé."
moniek-vanden-berghe,Moniek Vanden Berghe,Serax,portrait manquant,"Le site officiel cleome.be ne publie qu'une vignette de 166 × 250 px. Serax ne la présente plus sur son site actuel ; l'ancienne page (archive 2023) montre un portrait en bandeau 1297 × 700 px, recadrable en 4:5 seulement à ≈ 560 × 700 px, sous le minimum de 600 px de large (https://web.archive.org/"
marc-venot,Marc Venot,Moustache,portrait manquant,
poul-m-volther,Poul M. Volther,HAY,portrait manquant,"Le seul portrait trouvé est celui de la page designer HAY (https://www.hay.com/globalassets/blocks/shared/designers/poul-volther_1220x1220_must-not-be-on-imagebank-or-shared.jpg, 1220 px, noir et blanc) : son nom de fichier indique « must-not-be-on-imagebank-or-shared », donc des droits restreints ;"
whatswhat,Whatswhat,Muuto,bio courte (sources minces),Muuto écrit « WHATSWHAT ». Le domaine whatswhat.se héberge aujourd'hui un contenu sans rapport (non utilisé). John Astbury a déjà sa propre fiche (photos/john-astbury.jpg).
jorgen-wolff,Jørgen Wolff,&Tradition,portrait manquant,"&Tradition n'a pas de page designer pour Jørgen Wolff (recherche dans l'API WordPress d'&Tradition : seuls l'article « Wulff and the Danish Modern » et la fiche Wulff ATD2 existent, sans portrait). Aucun site officiel ni institution trouvés."
jorgen-wolff,Jørgen Wolff,&Tradition,bio courte (sources minces),"Nom corrigé : « Jorgen Wolff » → « Jørgen Wolff », graphie utilisée par &Tradition (le fauteuil s'appelle bien « Wulff », avec un u). Aucune date de vie publiée par l'éditeur."
jan-wolleswinkel,Jan Wolleswinkel,Pols Potten,portrait manquant,Aucun portrait sur polspotten.com : pas de page designer (l'URL design-collabs/jan-wolleswinkel renvoie une page vide) et il ne figure pas sur la page « Meet the team ». Pas de site personnel trouvé. Les seules images trouvées sont sur LinkedIn/Facebook ou dans un entretien publié par un revendeur (
jan-wolleswinkel,Jan Wolleswinkel,Pols Potten,bio courte (sources minces),"Selon un entretien publié par le revendeur Amara (source non autorisée), il aurait succédé à Erik Pol comme codirecteur de Pols Potten en 1997 et en aurait été directeur de la création, avec une formation de designer industriel : omis. Pols Potten n'explique pas son rôle dans l'entreprise."
peter-sipos,Peter Šipoš,Ichendorf Milano,portrait manquant,Pas de page designer chez Ichendorf Milano et aucun site officiel trouvé ; l'article du Centre slovaque du design ne publie pas son portrait.
peter-sipos,Peter Šipoš,Ichendorf Milano,bio courte (sources minces),"ATTRIBUTION À VÉRIFIER : le site d'Ichendorf Milano crédite tous les verres Manhattan, dont le verre à vin à pied (09313203), à Patrik Illo. Le catalogue PDF met « MANHATTAN — Peter Šipoš » en tête de page, mais aussi « Design Patrik Illo » sur la même double page. Les verres Manhattan vendus par Mi"
