nom_normalise,slug,valeurs_du_metachamp,marques,produits_actifs,produits_en_ligne,produits_en_ligne_sur_sa_page_avant,produits_en_ligne_sur_sa_page_apres,tags_trouves,fiche_avant,fiche_apres,photo_avant,photo_apres,source_photo,remarque
Hans J. Wegner,hans-j-wegner,"Hans J. Wegner (98) | Hans J. Wegner, Ilse Crawford (1)",Carl Hansen & Søn,99,99,0,99,hans-j-wegner(99),non,oui,non,oui,https://www.carlhansen.com/en/designers/hans-j-wegner,
Ronan & Erwan Bouroullec,ronan-erwan-bouroullec,Ronan Bouroullec (9) | Ronan & Erwan Bouroullec (71) | Erwan Bouroullec (5),"Artek, HAY, Vitra",85,84,84,84,ronan-bouroullec(9) ronan-erwan-bouroullec(71) erwan-bouroullec(5) bouroullec(3) ronan-and-erwan-bouroullec(2),oui,oui,oui,oui,,
Alvar Aalto,alvar-aalto,Alvar Aalto (82),"Artek, Iittala",82,82,82,82,alvar-aalto(82),oui,oui,oui,oui,,
Space Copenhagen,space-copenhagen,Space Copenhagen (69),&Tradition,69,69,0,69,space-copenhagen(69),non,oui,non,oui,https://www.andtradition.com/designers/space-copenhagen,
Otxo Amade,otxo-amade,Otxo Amade (42),Volta Mobiles,42,42,0,42,otxo-amade(42),non,oui,non,non,,"sans photo : Aucun portrait trouvé : la page À propos de voltamobiles.com (FR, EN, ES) ne montre que des mobiles en situation et la façade de l'ancien showroom parisien ; aucune autre source autorisée ne présente Otxo Amade. ; bio courte, sources minces"
Alessandra Baldereschi,alessandra-baldereschi,Alessandra Baldereschi (41),Ichendorf Milano,41,40,40,40,alessandra-baldereschi(41),oui,oui,oui,oui,,
Verner Panton,verner-panton,Verner Panton (41),"&Tradition, Vitra",41,40,40,40,verner-panton(41),oui,oui,oui,oui,,
Frédéric Sofia,frederic-sofia,Frédéric Sofia (37),Fermob,37,37,37,37,frederic-sofia(37),oui,oui,oui,oui,,
Jean-Baptiste Fastrez,jean-baptiste-fastrez,Jean-Baptiste Fastrez (32),Moustache,32,32,0,32,jean-baptiste-fastrez(32),non,oui,non,oui,https://jeanbaptistefastrez.com/about/,
Børge Mogensen,borge-mogensen,Børge Mogensen (31),Carl Hansen & Søn,31,31,0,31,borge-mogensen(31),non,oui,non,oui,https://www.carlhansen.com/en/designers/borge-mogensen,
Anderssen & Voll,anderssen-voll,Anderssen & Voll (30),&Tradition,30,30,30,30,anderssen-voll(30),oui,oui,oui,oui,,
Kaare Klint,kaare-klint,Kaare Klint (25),Carl Hansen & Søn,25,25,0,25,kaare-klint(25),non,oui,non,oui,https://www.carlhansen.com/en/designers/kaare-klint,
Isamu Noguchi,isamu-noguchi,Isamu Noguchi (24),Vitra,24,24,24,24,isamu-noguchi(24),oui,oui,oui,oui,,
Alfred Homann,alfred-homann,Alfred Homann (23),Carl Hansen & Søn,23,23,0,23,alfred-homann(23),non,oui,non,oui,https://www.carlhansen.com/en/designers/alfred-homann,
EOOS,eoos,EOOS (21),Carl Hansen & Søn,21,21,0,21,eoos(21),non,oui,non,oui,https://www.carlhansen.com/en/designers/eoos,
Hee Welling,hee-welling,Hee Welling (20),"&Tradition, HAY",20,20,20,20,hee-welling(20),oui,oui,non,oui,https://www.andtradition.com/designers/hee-welling,
Charles & Ray Eames,charles-ray-eames,Charles & Ray Eames (25),Vitra,25,19,19,19,charles-ray-eames(25),oui,oui,oui,oui,,
Ilmari Tapiovaara,ilmari-tapiovaara,Ilmari Tapiovaara (19),Artek,19,19,19,19,ilmari-tapiovaara(19),oui,oui,non,oui,https://www.artek.fi/en/company/designers/ilmari-tapiovaara,
Studio Fermob,studio-fermob,Studio Fermob (19),Fermob,19,19,0,19,studio-fermob(19),non,oui,non,non,,sans photo : photo publiée par Fermob sous la légende « L'équipe Fermob » : rien n'indique qu'il s'agit du studio de création
Tristan Lohner,tristan-lohner,Tristan Lohner (19),Fermob,19,19,19,19,tristan-lohner(19),oui,oui,oui,oui,,
Alfredo Häberli,alfredo-haberli,Alfredo Häberli (17),Iittala,17,17,0,17,alfredo-haberli(17),non,oui,non,oui,https://www.iittala.com/en-gb/collections/all-collections/origo,
All the Way to Paris,all-the-way-to-paris,All the Way to Paris (17),&Tradition,17,17,0,17,all-the-way-to-paris(17),non,oui,non,oui,https://www.andtradition.com/designers/all-the-way-to-paris,
Oiva Toikka,oiva-toikka,Oiva Toikka (17),Iittala,17,17,0,17,oiva-toikka(17),non,oui,non,oui,https://www.iittala.com/en-gb/universe/inspiration/the-story-of-birds,
Thau & Kallio,thau-kallio,Thau & Kallio (15),&Tradition,15,15,0,15,thau-kallio(15),non,oui,non,oui,https://www.andtradition.com/designers/thau-kallio,
Jaime Hayon,jaime-hayon,Jaime Hayon (14),&Tradition,14,14,0,14,jaime-hayon(14),non,oui,non,oui,https://www.andtradition.com/designers/jaime-hayon,
Julien De Smedt,julien-de-smedt,Julien De Smedt (14),Muuto,14,14,14,14,julien-de-smedt(14),oui,oui,oui,oui,,
Martin Visser,martin-visser,Martin Visser (13),Pastoe,13,13,0,13,martin-visser(13),non,oui,non,oui,https://www.pastoe.com/en/designer/Martin-Visser,
Ole Wanscher,ole-wanscher,Ole Wanscher (13),Carl Hansen & Søn,13,13,0,13,ole-wanscher(13),non,oui,non,oui,https://www.carlhansen.com/en/designers/ole-wanscher,
Gerrit Rietveld,gerrit-rietveld,Gerrit Rietveld (12),"HAY, Pastoe",12,12,12,12,gerrit-rietveld(12),oui,oui,non,oui,https://www.pastoe.com/en/designer/Gerrit-Rietveld,
Hvidt & Mølgaard,hvidt-molgaard,Hvidt & Mølgaard (11),&Tradition,11,11,11,11,hvidt-molgaard(11),oui,oui,non,oui,https://www.andtradition.com/designers/hvidt-molgaard,
Jasper Morrison,jasper-morrison,Jasper Morrison (13),"HAY, Iittala, Vitra",13,11,11,11,jasper-morrison(13),oui,oui,oui,oui,,
Jukka Setälä,jukka-setala,Jukka Setälä (11),Fatboy,11,11,0,11,jukka-setala(11),non,oui,non,non,,"sans photo : Aucun portrait publié par Fatboy : pages « About Fatboy », « Original » (fatboy.com) et page designer de Fatboy Canada consultées, sans photo de la personne (uniquement des produits). Pas de site officiel du créateur tro ; bio courte, sources minces"
Sami Kallio,sami-kallio,Sami Kallio (11),&Tradition,11,11,0,11,sami-kallio(11),non,oui,non,oui,https://www.andtradition.com/designers/sami-kallio,
Bodil Kjær,bodil-kjaer,Bodil Kjær (10),Carl Hansen & Søn,10,10,0,10,bodil-kjaer(10),non,oui,non,oui,https://www.carlhansen.com/en/designers/bodil-kjaer,
Fabricius & Kastholm,fabricius-kastholm,Kastholm & Fabricius (2) | Fabricius & Kastholm (8),"&Tradition, Carl Hansen & Søn",10,10,0,10,kastholm-fabricius(2) fabricius-kastholm(8),non,oui,non,oui,https://www.andtradition.com/designers/kastholm-fabricius,
Pascal Mourgue,pascal-mourgue,Pascal Mourgue (10),Fermob,10,10,10,10,pascal-mourgue(10),oui,oui,non,oui,https://www.fermob.com/fr/les-designers,
Urd Moll Gundermann,urd-moll-gundermann,Urd Moll Gundermann (10),Carl Hansen & Søn,10,10,0,10,urd-moll-gundermann(10),non,oui,non,oui,https://www.carlhansen.com/en/designers/frits-henningsen,
BIG-GAME,big-game,Big Game (9) | Big-Game (1),"Moustache, Muuto",10,9,9,9,big-game(10),oui,oui,oui,oui,,
Erik Stehmann,erik-stehmann,Erik Stehmann (9),"Fatboy, Pols Potten",9,9,9,9,erik-stehmann(9),oui,oui,oui,oui,,
HAY,,HAY (10),HAY,10,9,,,,non,non,non,non,,"non traité : nom de la marque, pas d'un créateur (conception interne) ; la page marque existe déjà"
TAF Studio,taf-studio,TAF Studio (9),"Artek, Muuto",9,9,9,9,taf-studio(9),oui,oui,non,oui,https://www.artek.fi/en/company/designers/taf-studio,
Teun Zwets,teun-zwets,Teun Zwets (9),"HKliving, Pols Potten",9,9,9,9,teun-zwets(9),oui,oui,oui,oui,,
Aino Aalto,aino-aalto,Aino Aalto (8),"Artek, Iittala",8,8,8,8,aino-aalto(8),oui,oui,non,oui,https://www.artek.fi/en/company/designers/aino-aalto,
Harald Guggenbichler,harald-guggenbichler,Harald Guggenbichler (8),Fermob,8,8,8,8,harald-guggenbichler(8),oui,oui,non,oui,https://www.fermob.com/fr/les-designers,
Luca Nichetto,luca-nichetto,Luca Nichetto (8),&Tradition,8,8,8,8,luca-nichetto(8),oui,oui,non,oui,https://www.nichetto.com/info,
OEO Studio,oeo-studio,OEO Studio (8),&Tradition,8,8,8,8,oeo-studio(8),oui,oui,non,oui,https://www.andtradition.com/designers/oeo-studio,
Vilhelm Lauritzen,vilhelm-lauritzen,Vilhelm Lauritzen (8),Carl Hansen & Søn,8,8,0,8,vilhelm-lauritzen(8),non,oui,non,oui,https://www.carlhansen.com/en/designers/vilhelm-lauritzen,
De Makers Van,de-makers-van,De Makers Van (7),Fatboy,7,7,7,7,de-makers-van(7),oui,oui,oui,oui,,
Ionna Vautrin,ionna-vautrin,Ionna Vautrin (7),Moustache,7,7,0,7,ionna-vautrin(7),non,oui,non,oui,https://www.ionnavautrin.com/contact,
Lars Tornøe,lars-tornoe,Lars Tornøe (7),Muuto,7,7,0,7,lars-tornoe(7),non,oui,non,oui,https://www.muuto.com/designers2/lars-tornoe2/,
Werner Stoff & Hans Nagel,werner-stoff-hans-nagel,Werner Stoff & Hans Nagel (7),Stoff Nagel,7,7,0,5,werner-stoff-hans-nagel(5),non,oui,non,non,,sans photo : Aucun portrait trouvé : les pages About et The Story de stoffnagel.com ne montrent que des produits et des croquis ; l'espace presse (presscloud) se charge en JavaScript et n'a pas pu être exploré. Il s'agit de créateurs
Antoine Lesur,antoine-lesur,Antoine Lesur (6),Fermob,6,6,6,6,antoine-lesur(6),oui,oui,non,oui,https://www.fermob.com/fr/les-designers,
Benjamin Graindorge,benjamin-graindorge,Benjamin Graindorge (6),Moustache,6,6,0,6,benjamin-graindorge(6),non,oui,non,oui,https://www.benjamingraindorge.fr/fr/telechargement.html,
Carolina Wilcke,carolina-wilcke,Carolina Wilcke (6),Pastoe,6,6,0,6,carolina-wilcke(6),non,oui,non,oui,https://www.pastoe.com/en/designer/Carolina-Wilcke,
Frits Henningsen,frits-henningsen,Frits Henningsen (6),Carl Hansen & Søn,6,6,0,6,frits-henningsen(6),non,oui,non,oui,https://www.carlhansen.com/en/designers/frits-henningsen,
John Tree,john-tree,John Tree (6),HAY,6,6,6,6,john-tree(6),oui,oui,oui,oui,,
Joost van der Vecht,joost-van-der-vecht,Joost van der Vecht (6),Pastoe,6,6,0,6,joost-van-der-vecht(6),non,oui,non,oui,https://www.pastoe.com/en/designer/Joost-van-der-Vecht,
Julien Renault,julien-renault,Julien Renault (6),HAY,6,6,6,6,julien-renault(6),oui,oui,oui,oui,,
Pagnon et Pelhaître,pagnon-et-pelhaitre,Pagnon et Pelhaître (6),Fermob,6,6,6,6,pagnon-et-pelhaitre(6),oui,oui,non,oui,https://www.fermob.com/fr/les-designers,
Rikke Frost,rikke-frost,Rikke Frost (6),Carl Hansen & Søn,6,6,0,6,rikke-frost(6),non,oui,non,oui,https://www.carlhansen.com/en/designers/rikke-frost,
Robin Day,robin-day,Robin Day (6),&Tradition,6,6,0,6,robin-day(6),non,oui,non,oui,https://www.andtradition.com/designers/robin-day,
Tapio Wirkkala,tapio-wirkkala,Tapio Wirkkala (6),Iittala,6,6,0,6,tapio-wirkkala(6),non,oui,non,oui,https://www.iittala.com/en-gb/collections/all-collections/tapio,
Tina Lofstad,tina-lofstad,Tina Lofstad (6),Carl Hansen & Søn,6,6,0,6,tina-lofstad(6),non,oui,non,non,,sans photo : Aucun portrait publié par Carl Hansen & Søn (la page designer tina-lofstad existe mais son contenu est vide ; aucune image dans la liste des designers ni sur la fiche des lutins) ni sur le site officiel glaspusteriet-lof
Aldo van den Nieuwelaar,aldo-van-den-nieuwelaar,Aldo van den Nieuwelaar (5),Pastoe,5,5,0,5,aldo-van-den-nieuwelaar(5),non,oui,non,oui,https://www.pastoe.com/en/designer/aldo-van-den-nieuwelaar,
Arne Jacobsen,arne-jacobsen,Arne Jacobsen (5),"&Tradition, Carl Hansen & Søn",5,5,5,5,arne-jacobsen(5),oui,oui,oui,oui,,
Denis Guidone,denis-guidone,Denis Guidone (5),Ichendorf Milano,5,5,5,5,denis-guidone(5),oui,oui,oui,oui,,
Inga Sempé,inga-sempe,Inga Sempe (5) | Inga Sempé (1),"HAY, Moustache",6,5,5,5,inga-sempe(6),oui,oui,oui,oui,,
Lina Obregón,lina-obregon,Lina Obregón (5),Ichendorf Milano,5,5,5,5,lina-obregon(5),oui,oui,oui,oui,,
Marie Michielssen,marie-michielssen,Marie Michielssen (8),Serax,8,5,5,5,marie-michielssen(8),oui,oui,oui,oui,,
Nanna & Jørgen Ditzel,nanna-ditzel-jorgen-ditzel,Nanna Ditzel & Jørgen Ditzel (5),Carl Hansen & Søn,5,5,0,5,nanna-ditzel-jorgen-ditzel(5),non,oui,non,oui,https://www.carlhansen.com/en/designers/nanna-ditzel,
Sebastian Herkner,sebastian-herkner,Sebastian Herkner (5),&Tradition,5,5,5,5,sebastian-herkner(5),oui,oui,non,oui,https://www.andtradition.com/designers/sebastian-herkner,
Alexander Girard,alexander-girard,Alexander Girard (6),Vitra,6,4,4,4,alexander-girard(6),oui,oui,oui,oui,,
Bonderup & Thorup,bonderup-thorup,Bonderup & Thorup (4),Carl Hansen & Søn,4,4,0,4,bonderup-thorup(4),non,oui,non,oui,https://www.carlhansen.com/en/designers/bonderup-thorup,
Cees Braakman,cees-braakman,Cees Braakman (4),Pastoe,4,4,0,4,cees-braakman(4),non,oui,non,oui,https://www.pastoe.com/en/designer/cees-braakman,
En Bande Organisée,en-bande-organisee,En Bande Organisée (4),Moustache,4,4,0,4,en-bande-organisee(4),non,oui,non,non,,sans photo : la seule photo officielle ne montre qu'une des trois fondatrices (Gwenaëlle Girard)
Mads Odgård,mads-odgard,Mads Odgård (4),Carl Hansen & Søn,4,4,0,4,mads-odgard(4),non,oui,non,oui,https://www.carlhansen.com/en/designers/mads-odgard,
Nathalie Schellekens,nathalie-schellekens,Nathalie Schellekens (4),Fatboy,4,4,4,4,nathalie-schellekens(4),oui,oui,oui,oui,,
Poul Kjærholm,poul-kjaerholm,Poul Kjærholm (4),Carl Hansen & Søn,4,4,0,4,poul-kjaerholm(4),non,oui,non,oui,https://www.carlhansen.com/en/designers/poul-kjaerholm,
Signe Hytte,signe-hytte,Signe Hytte (4),&Tradition,4,4,0,4,signe-hytte(4),non,oui,non,oui,https://www.andtradition.com/designers/signe-hytte,
Wouters & Hendrix,wouters-hendrix,Wouters & Hendrix (9),Serax,9,4,4,4,wouters-hendrix(9),oui,oui,oui,oui,,
Anker Bak,anker-bak,Anker Bak (3),Carl Hansen & Søn,3,3,0,3,anker-bak(3),non,oui,non,oui,https://www.carlhansen.com/en/en/designers/anker-bak,
Annebet Philips,annebet-philips,Annebet Philips (4),Serax,4,3,3,3,annebet-philips(4),oui,oui,oui,oui,,
Antonio Citterio,antonio-citterio,Antonio Citterio (4),Vitra,4,3,3,3,antonio-citterio(4),oui,oui,oui,oui,,
Archirivolto,archirivolto,Archirivolto (3),Fermob,3,3,3,3,archirivolto(3),oui,oui,non,oui,https://www.fermob.com/fr/les-designers,
Atelier Baptiste et Jaïna,atelier-baptiste-et-jaina,Atelier Baptiste et Jaïna (3),Moustache,3,3,0,3,atelier-baptiste-et-jaina(3),non,oui,non,oui,https://www.baptistesevin.com/a-propos,
Bertjan Pot,bertjan-pot,Bertjan Pot (3),Moustache,3,3,0,3,bertjan-pot(3),non,oui,non,oui,https://www.arco.nl/en/about-arco/our-designers/bertjan-pot/,
Constance Guisset,constance-guisset,Constance Guisset (3),Moustache,3,3,0,3,constance-guisset(3),non,oui,non,oui,https://constanceguisset.com/fr/studio,
Constant Nieuwenhuys,constant-nieuwenhuys,Constant Nieuwenhuys (3),Pastoe,3,3,0,3,constant-nieuwenhuys(3),non,oui,non,oui,https://www.pastoe.com/en/designer/Constant-Nieuwenhuys,
Dimitri Bähler,dimitri-bahler,Dimitri Bähler (3),Moustache,3,3,0,3,dimitri-bahler(3),non,oui,non,oui,https://dimitribaehler.ch/about/,
Greige,greige,Greige (3),Artek,3,3,0,3,greige(3),non,oui,non,non,,"sans photo : Studio sans portrait publié : ni Artek (pages produits artek.fi et shop.artek.fi) ni le site greige.de (aujourd'hui une page d'attente « An Archival », version archivée de 2015 sans photo d'équipe) ne proposent de photo  ; bio courte, sources minces"
Hella Jongerius,hella-jongerius,Hella Jongerius (3),Vitra,3,3,3,3,hella-jongerius(3),oui,oui,non,oui,https://www.vitra.com/en-us/product/designer/hella-jongerius,
Jean Prouvé,jean-prouve,Jean Prouvé (3),Vitra,3,3,3,3,jean-prouve(3),oui,oui,oui,oui,,
Klaus Haapaniemi,klaus-haapaniemi,Klaus Haapaniemi (3),Iittala,3,3,0,3,klaus-haapaniemi(3),non,oui,non,oui,https://www.iittala.com/en-gb/collections/all-collections/taika-sato,
Klaus Haapaniemi & Heikki Orvola,klaus-haapaniemi-heikki-orvola,Klaus Haapaniemi & Heikki Orvola (1) | Klaus Haapaniemi et Heikki Orvola (2),Iittala,3,3,0,3,klaus-haapaniemi-heikki-orvola(3),non,oui,non,non,,"sans photo : Iittala ne publie que des portraits séparés (Klaus Haapaniemi sur les pages Taika et Taika Sato, Heikki Orvola seul sur sa page Arabia /fi-fi/arabia/muotoilijat/heikki-orvola). Aucun portrait commun trouvé sur iittala.co"
Kranen/Gille,kranen-gille,Kranen/Gille (3),Fatboy,3,3,3,3,kranen-gille(3),oui,oui,oui,oui,,
Larsen & Bender Madsen,larsen-bender-madsen,Larsen & Bender Madsen (3),Carl Hansen & Søn,3,3,0,3,larsen-bender-madsen(3),non,oui,non,oui,https://www.carlhansen.com/en/en/designers/larsen-bender-madsen,
Marni,marni,Marni (3),Serax,3,3,3,3,marni(3),oui,oui,non,non,,"sans photo : Marni est une maison de mode, pas une personne. La page https://serax.com/pages/marni ne publie que le logo Marni (MARNI_Logo-Ecommerce_3200x4000px.jpg) et des vignettes vidéo de vaisselle Midnight Flowers : pas de portr"
Mika Tolvanen,mika-tolvanen,Mika Tolvanen (4),Muuto,4,3,0,3,mika-tolvanen(4),non,oui,non,oui,https://www.muuto.com/designers2/mika-tolvanen/,
Morten Gøttler,morten-gottler,Morten Gøttler (3),Carl Hansen & Søn,3,3,0,3,morten-gottler(3),non,oui,non,oui,https://www.carlhansen.com/en/en/designers/morten-gottler,
Note Design Studio,note-design-studio,Note Design Studio (3),&Tradition,3,3,0,3,note-design-studio(3),non,oui,non,oui,https://www.andtradition.com/designers/note-design-studio,
Nynke Tynagel,nynke-tynagel,Nynke Tynagel (3),Fatboy,3,3,3,3,nynke-tynagel(3),oui,oui,oui,oui,,
Ottolenghi,ottolenghi,Ottolenghi (3),Serax,3,3,3,3,ottolenghi(3),oui,oui,oui,oui,,
Patrick Jouin,patrick-jouin,Patrick Jouin (3),Fermob,3,3,3,3,patrick-jouin(3),oui,oui,oui,oui,,
Pierre Charrié,pierre-charrie,Pierre Charrié (3),Moustache,3,3,0,3,pierre-charrie(3),non,oui,non,non,,"sans photo : Aucun portrait trouvé : la page designer Moustache ne montre qu'un nom en typographie ; la page About du site officiel pierrecharrie.com n'affiche que des couvertures de presse, et la médiathèque WordPress du site (reche"
Studio Parade,studio-parade,Studio Parade (3),Pastoe,3,3,0,3,studio-parade(3),non,oui,non,oui,https://www.pastoe.com/en/designer/Studio-Parade,
Antonio Citterio & Glen Oliver Löw,antonio-citterio-glen-oliver-low,Antonio Citterio & Glen Oliver Löw (2),Iittala,2,2,0,2,antonio-citterio-glen-oliver-low(2),non,oui,non,non,,"sans photo : Iittala publie un portrait d'Antonio Citterio seul (1080x680_wide_image_antoniocitterio_2007.jpg, servi en 680x428 seulement) et le site de Glen Oliver Löw un portrait de Löw seul (portrait_loew-edited.jpg). Aucun portra"
Astrid Luglio,astrid-luglio,Astrid Luglio (2),Ichendorf Milano,2,2,2,2,astrid-luglio(2),oui,oui,oui,oui,,
Catherine Sofia,catherine-sofia,Catherine Sofia (2),Fermob,2,2,2,2,catherine-sofia(2),oui,oui,non,oui,https://www.fermob.com/fr/les-designers,
Daphna Laurens,daphna-laurens,Daphna Laurens (2),Pols Potten,2,2,0,2,daphna-laurens(2),non,oui,non,oui,https://www.daphnalaurens.nl/profile/,
Dylan Martorell,dylan-martorell,Dylan Martorell (2),Moustache,2,2,0,2,dylan-martorell(2),non,oui,non,non,,"sans photo : Aucun portrait exploitable : Moustache n'affiche qu'un nom en typographie ; sur la page Bio du site officiel dylanmartorell.com, la seule photo montre une performance de groupe en plein air, où l'artiste apparaît petit e"
Esben Klint,esben-klint,Esben Klint (2),Carl Hansen & Søn,2,2,0,2,esben-klint(2),non,oui,non,oui,https://www.carlhansen.com/en/en/designers/esben-klint,
Esther Hörchner,esther-horchner,Esther Hörchner (2),Pols Potten,2,2,0,2,esther-horchner(2),non,oui,non,non,,"sans photo : Le seul portrait officiel (studiohetparadijs.nl/info, portret-Esther.jpg) mesure 236 × 236 px et est détouré en cercle : trop petit. La photo de groupe du studio (wij-drie-nieuw, 1920 × 489 px au plus) montre trois perso"
Goula & Figuera,goula-figuera,Goula & Figuera (2),Fermob,2,2,2,2,goula-figuera(2),oui,oui,non,oui,https://www.fermob.com/fr/les-designers,
Gudmundur Ludvik,gudmundur-ludvik,Gudmundur Ludvik (2),Carl Hansen & Søn,2,2,0,2,gudmundur-ludvik(2),non,oui,non,oui,https://www.carlhansen.com/en/en/designers/gudmundur-ludvik,
Henning Koppel,henning-koppel,Henning Koppel (2),Carl Hansen & Søn,2,2,0,2,henning-koppel(2),non,oui,non,oui,https://www.carlhansen.com/en/en/designers/henning-koppel,
Kho Liang Ie,kho-liang-ie,Kho Liang Ie (2),Pastoe,2,2,0,2,kho-liang-ie(2),non,oui,non,oui,https://www.pastoe.com/en/designer/Kho-Liang-Ie,
Koens & Middelkoop,koens-middelkoop,Koens & Middelkoop (2),Pols Potten,2,2,0,2,koens-middelkoop(2),non,oui,non,oui,https://www.koens-middelkoop.nl/about/,
Les Graphiquants,les-graphiquants,Les Graphiquants (2),Moustache,2,2,0,2,les-graphiquants(2),non,oui,non,non,,"sans photo : Aucun portrait trouvé : Moustache n'affiche qu'un nom en typographie ; le site les-graphiquants.fr (pages studio, contact, presse, photographies, version mobile) ne publie ni photo d'équipe ni nom des fondateurs."
Louise Liljencrantz,louise-liljencrantz,Louise Liljencrantz (2),&Tradition,2,2,0,2,louise-liljencrantz(2),non,oui,non,oui,https://www.andtradition.com/designers/louise-liljencrantz,
Marco Sironi,marco-sironi,Marco Sironi (2),Ichendorf Milano,2,2,2,2,marco-sironi(2),oui,oui,oui,oui,,
Margherita Rui,margherita-rui,Margherita Rui (2),Ichendorf Milano,2,2,2,2,margherita-rui(2),oui,oui,oui,oui,,
Mogens Lassen,mogens-lassen,Mogens Lassen (2),Carl Hansen & Søn,2,2,0,2,mogens-lassen(2),non,oui,non,oui,https://www.carlhansen.com/en/en/designers/mogens-lassen,
Nason Moretti,nason-moretti,Nason Moretti (2),Carl Hansen & Søn,2,2,0,2,nason-moretti(2),non,oui,non,non,,"sans photo : Il s'agit d'une manufacture, pas d'une personne. Carl Hansen & Søn n'a pas de page designer « Nason Moretti » (l'URL /designers/nason-moretti renvoie une page vide) ni de portrait. Sur nasonmoretti.com (page History), le"
Norman Trapman,norman-trapman,Norman Trapman (2),Pols Potten,2,2,0,2,norman-trapman(2),oui,oui,oui,oui,,
Paola Navone,paola-navone,Paola Navone (2),Serax,2,2,0,2,paola-navone(2),non,oui,non,oui,https://serax.com/pages/paola-navone,
Samuel Wilkinson,samuel-wilkinson,Samuel Wilkinson (2),&Tradition,2,2,0,2,samuel-wilkinson(2),non,oui,non,oui,https://astep.design/designers/samuel-wilkinson/,
Sharon Fisher & Matteo Barenghi,sharon-fisher-matteo-barenghi,Sharon Fisher & Matteo Barenghi (2),Carl Hansen & Søn,2,2,0,2,sharon-fisher-matteo-barenghi(2),non,oui,non,oui,https://www.carlhansen.com/en/en/designers/sharon-fisher-and-matteo-barenghi,
Studio Naessi,studio-naessi,Næssi Studio (2),Ichendorf Milano,2,2,2,2,studio-naessi(2),oui,oui,oui,oui,,
TSTO,tsto,TSTO (2),Artek,2,2,0,2,tsto(2),non,oui,non,non,,sans photo : Aucun portrait d'équipe : tsto.org/about ne montre qu'une animation vidéo et Artek n'a pas de page designer pour TSTO. Pages projets et produits Artek consultées sans photo des membres.
Teruhiro Yanagihara,teruhiro-yanagihara,Teruhiro Yanagihara (2),&Tradition,2,2,0,2,teruhiro-yanagihara(2),non,oui,non,oui,https://www.andtradition.com/designers/teruhiro-yanagihara/atd_designer-portrait_teruhiro-yanagihara_2026_03/,
Thomas Bo Kastholm,thomas-bo-kastholm,Thomas Bo Kastholm (2),Carl Hansen & Søn,2,2,0,2,thomas-bo-kastholm(2),non,oui,non,oui,https://www.carlhansen.com/en/en/designers/thomas-kastholm,
Timo Sarpaneva,timo-sarpaneva,Timo Sarpaneva (2),Iittala,2,2,0,2,timo-sarpaneva(2),non,oui,non,non,,"sans photo : Le seul portrait publié par Iittala (pages Festivo, Sarpaneva, Claritas, Orkidea, Tsaikka) est https://www.iittala.com/-/media/iittala/designers/wide-image/1080x680_wide_image_sarpaneva_timo_1.jpg, dont l'original ne fai"
Tomoko Mizu,tomoko-mizu,Tomoko Mizu (2),Ichendorf Milano,2,2,2,2,tomoko-mizu(2),oui,oui,oui,oui,,
Yrjö Kukkapuro,yrjo-kukkapuro,Yrjö Kukkapuro (2),Artek,2,2,2,2,yrjo-kukkapuro(2),oui,oui,non,oui,https://www.artek.fi/en/company/designers/yrj%C3%B6-kukkapuro,
Aldo Deli,aldo-deli,Aldo Deli (1),Pols Potten,1,1,0,1,aldo-deli(1),non,oui,non,oui,https://www.aldodelistudio.com/about,
Aleksi Kuokka,aleksi-kuokka,Aleksi Kuokka (1),Iittala,1,1,0,1,aleksi-kuokka(1),non,oui,non,oui,https://aivan.fi/about/contact/,"bio courte, sources minces"
Anita Le Grelle,anita-le-grelle,Anita Le Grelle (1),Serax,1,1,1,1,anita-le-grelle(1),oui,oui,oui,oui,,
Anna-Maija Jaatinen,anna-maija-jaatinen,Anna-Maija Jaatinen (1),Artek,1,1,0,1,anna-maija-jaatinen(1),non,oui,non,oui,https://www.artek.fi/en/company/designers/anna-maija-jaatinen,"bio courte, sources minces"
Antonino Sciortino,antonino-sciortino,Antonino Sciortino (2),Serax,2,1,1,1,antonino-sciortino(2),oui,oui,oui,oui,,
Arik Levy,arik-levy,Arik Levy (1),Vitra,1,1,1,1,arik-levy(1),oui,oui,oui,oui,,
Benno Premsela,benno-premsela,Benno Premsela (1),Pastoe,1,1,0,1,benno-premsela(1),non,oui,non,oui,https://www.pastoe.com/en/designer/Benno-Premsela,
Brad Ascalon,brad-ascalon,Brad Ascalon (1),Carl Hansen & Søn,1,1,0,1,brad-ascalon(1),non,oui,non,oui,https://www.carlhansen.com/en/en/designers/brad-ascalon,
Bruno Rey,bruno-rey,Bruno Rey (1),HAY,1,1,1,1,bruno-rey(1),oui,oui,oui,oui,,
COMPANY,company,COMPANY (1),Artek,1,1,0,1,company(1),non,oui,non,oui,https://www.artek.fi/en/company/designers/company,
Carl Hansen & Søn - Kitchen,,Carl Hansen & Søn - Kitchen (1),Carl Hansen & Søn,1,1,,,,non,non,non,non,,non traité : nom d'une gamme de la marque saisi comme créateur (erreur de métachamp)
Carolina Castiglioni,plan-c,Plan C (1),Serax,1,1,1,1,plan-c(1),oui,oui,oui,oui,,
Clara von Zweigbergk,clara-von-zweigbergk,Clara von Zweigbergk (1),HAY,1,1,1,1,clara-von-zweigbergk(1),oui,oui,oui,oui,,
Corrado Dotti,corrado-dotti,Corrado Dotti (1),Ichendorf Milano,1,1,1,1,corrado-dotti(1),oui,oui,oui,oui,,
Daniel Rybakken,daniel-rybakken,Daniel Rybakken (2),Artek,2,1,1,1,daniel-rybakken(2),oui,oui,non,oui,https://www.artek.fi/en/company/designers/daniel-rybakken,
Daniele Dalla Pellegrina,daniele-dalla-pellegrina,Daniele Dalla Pellegrina (1),Ichendorf Milano,1,1,1,1,daniele-dalla-pellegrina(1),oui,oui,oui,oui,,
Dorothee Becker,dorothee-becker,Dorothee Becker (1),Vitra,1,1,1,1,dorothee-becker(1),oui,oui,oui,oui,,
Edward Barber & Jay Osgerby,edward-barber-jay-osgerby,Barber & Osgerby (1) | Edward Barber & Jay Osgerby (1),Vitra,2,1,1,1,edward-barber-jay-osgerby(2) barber-osgerby(2),oui,oui,oui,oui,,
Edward van Vliet,edward-van-vliet,Edward van Vliet (1),&Tradition,1,1,0,1,edward-van-vliet(1),non,oui,non,oui,https://www.andtradition.com/designers/edward-van-vliet,
Eero Aarnio,eero-aarnio,Eero Aarnio (1),Artek,1,1,1,1,eero-aarnio(1),oui,oui,oui,oui,,
F. Mastropaolo e B. Scarfati,f-mastropaolo-e-b-scarfati,F. Mastropaolo e B. Scarfati (1),Ichendorf Milano,1,1,1,1,f-mastropaolo-e-b-scarfati(1),oui,oui,oui,oui,,
Florentijn Hofman,florentijn-hofman,Florentijn Hofman (1),Fatboy,1,1,1,1,florentijn-hofman(1),oui,oui,oui,oui,,
Form Us With Love,form-us-with-love,Form Us With Love (1),Muuto,1,1,0,1,form-us-with-love(1),non,oui,non,oui,https://www.muuto.com/designers2/form-us-with-love/,
Friso Kramer,friso-kramer,Friso Kramer (1),Pastoe,1,1,0,1,friso-kramer(1),non,oui,non,oui,https://www.pastoe.com/en/designer/Friso-Kramer,
Harri Koskinen,harri-koskinen,Harri Koskinen (1),Muuto,1,1,0,1,harri-koskinen(1),non,oui,non,oui,https://www.muuto.com/designers2/harri-koskinen/,
Henk Fillekes,henk-fillekes,Henk Fillekes (1),Pastoe,1,1,0,1,henk-fillekes(1),non,oui,non,oui,https://www.pastoe.com/en/designer/Henk-Fillekes,
Hortense and Valériane,hortense-and-valeriane,Hortense and Valériane (1),Fatboy,1,1,1,1,hortense-and-valeriane(1),oui,oui,oui,oui,,"bio courte, sources minces"
Ichendorf,,Ichendorf (1),Ichendorf Milano,1,1,,,,non,non,non,non,,"non traité : nom de la marque (Ichendorf Milano), pas d'un créateur"
Ilse Crawford,ilse-crawford,"Hans J. Wegner, Ilse Crawford (1)",Carl Hansen & Søn,1,1,0,1,ilse-crawford(1),non,oui,non,oui,https://www.studioilse.com/ilse-crawford/,
Inka Bell,inka-bell,Inka Bell (1),Artek,1,1,0,1,inka-bell(1),non,oui,non,oui,https://www.artek.fi/en/news/celebrating-90-years-of-artek,
J. Mazoyer-Do,j-mazoyer-do,J.Mazoyer-Do (1),Fermob,1,1,1,1,j-mazoyer-do(1),oui,oui,non,oui,https://www.fermob.com/fr/les-designers,
Jacob Robertsson,jacob-robertsson,Jacob Robertsson (1),Moustache,1,1,0,1,jacob-robertsson(1),non,oui,non,non,,"sans photo : Aucun portrait trouvé : Moustache n'affiche qu'un nom en typographie ; le site personnel jakobrobertsson.se est bloqué par l'hébergeur (page d'erreur Loopia, code 403) et Rörstrand n'a pas de page designer à son nom. ; bio courte, sources minces"
Jan Wolleswinkel,jan-wolleswinkel,Jan Wolleswinkel (1),Pols Potten,1,1,0,1,jan-wolleswinkel(1),non,oui,non,non,,"sans photo : Aucun portrait sur polspotten.com : pas de page designer (l'URL design-collabs/jan-wolleswinkel renvoie une page vide) et il ne figure pas sur la page « Meet the team ». Pas de site personnel trouvé. Les seules images tr ; bio courte, sources minces"
Jean-Charles de Castelbajac,jean-charles-de-castelbajac,Jean-Charles de Castelbajac (1),Fermob,1,1,1,1,jean-charles-de-castelbajac(1),oui,oui,non,oui,https://www.fermob.com/fr/les-designers,
John Astbury,john-astbury,John Astbury (1),&Tradition,1,1,0,1,john-astbury(1),non,oui,non,oui,https://www.andtradition.com/designers/john-astbury,
Juha Leiviskä,juha-leiviska,Juha Leiviskä (1),Artek,1,1,0,1,juha-leiviska(1),non,oui,non,oui,https://www.artek.fi/en/company/designers/juha-leivisk%C3%A4,
Jørn Utzon,jorn-utzon,Jørn Utzon (1),&Tradition,1,1,0,1,jorn-utzon(1),non,oui,non,non,,"sans photo : Le portrait de la page designer &Tradition (https://wp.andtradition.com/wp-content/uploads/2019/06/Copyright_Utzon_Foundation.jpg, crédit Utzon Foundation) est un beau portrait de profil en noir et blanc, mais il ne mesu"
Kaj Franck,kaj-franck,Kaj Franck (1),Iittala,1,1,0,1,kaj-franck(1),non,oui,non,oui,https://www.iittala.com/en-gb/collections/all-collections/scandia,
Karoliina Hellberg,karoliina-hellberg,Karoliina Hellberg (1),Artek,1,1,0,1,karoliina-hellberg(1),non,oui,non,oui,https://www.karoliinahellberg.com/about,
Konstantin Grcic,konstantin-grcic,Konstantin Grcic (2),"Artek, Vitra",2,1,1,1,konstantin-grcic(2),oui,oui,non,oui,https://www.artek.fi/en/company/designers/konstantin-grcic,
Kustaa Saksi,kustaa-saksi,Kustaa Saksi (1),Artek,1,1,0,1,kustaa-saksi(1),non,oui,non,non,,"sans photo : Aucun portrait sur le site officiel (pages about, press, contact : seulement des vues d'œuvres et d'exposition) ni chez Artek (pages produit affiche et carte postale 75 ans, sans page designer)."
MODO Architettura,modo-architettura,Sondra Pantani & Pietro Marsili / MODO Architettura (1),Pols Potten,1,1,0,1,modo-architettura(1),non,oui,non,non,,"sans photo : le studio ne publie que deux portraits individuels, aucun portrait commun"
Marc Venot,marc-venot,Marc Venot (1),Moustache,1,1,0,1,marc-venot(1),non,oui,non,non,,sans photo : portrait de l'éditeur EO au visage coupé ; le nom du fichier (« marc_antoine ») laisse un doute sur la personne
Marianne Tuxen,marianne-tuxen,Marianne Tuxen (1),Carl Hansen & Søn,1,1,0,1,marianne-tuxen(1),non,oui,non,oui,https://www.carlhansen.com/en/en/designers/marianne-tuxen,
Mario Trimarchi,mario-trimarchi,Mario Trimarchi (1),Ichendorf Milano,1,1,1,1,mario-trimarchi(1),oui,oui,oui,oui,,
Matali Crasset,matali-crasset,Matali Crasset (1),Fermob,1,1,1,1,matali-crasset(1),oui,oui,non,oui,https://www.fermob.com/fr/les-designers,
Matteo Fogale,matteo-fogale,Matteo Fogale (1),&Tradition,1,1,0,1,matteo-fogale(1),non,oui,non,oui,https://www.andtradition.com/designers/matteo-fogale,
Mia Hamborg,mia-hamborg,Mia Hamborg (1),&Tradition,1,1,0,1,mia-hamborg(1),non,oui,non,non,,"sans photo : Seule image publiée par &Tradition : https://wp.andtradition.com/wp-content/uploads/2019/09/MiaHamborg.jpg, 470 × 650 px (sous le minimum de 600 px), en noir et blanc, la designer accroupie au sol et visage en partie cac"
Mist-o,mist-o,Mist-O (1),Ichendorf Milano,1,1,1,1,mist-o(1),oui,oui,oui,oui,,
Naja Utzon Popov,naja-utzon-popov,Naja Utzon Popov (1),Carl Hansen & Søn,1,1,0,1,naja-utzon-popov(1),non,oui,non,oui,https://www.carlhansen.com/en/en/designers/naja-utzon-popov,
Nienke Sikkema,nienke-sikkema,Nienke Sikkema (1),HKliving,1,1,0,1,nienke-sikkema(1),non,oui,non,non,,"sans photo : HKliving (page collection, page collaboration, fiches produit) ne publie que des photos d'objets. Le site personnel nienkesikkema.nl est privé (« This site is private ») ; nienkesikkema.com appartient à une homonyme (con ; bio courte, sources minces"
Olivier Gence,olivier-gence,Olivier Gence (1),Fermob,1,1,1,1,olivier-gence(1),oui,oui,non,oui,https://www.fermob.com/fr/les-designers,
Pancho Nikander,pancho-nikander,Pancho Nikander (1),Artek,1,1,0,1,pancho-nikander(1),non,oui,non,oui,https://www.artek.fi/en/company/designers/pancho-nikander,"bio courte, sources minces"
Pascale Naessens,pascale-naessens,Pascale Naessens (2),Serax,2,1,1,1,pascale-naessens(2),oui,oui,oui,oui,,
Piet Boon,piet-boon,Piet Boon (1),Serax,1,1,1,1,piet-boon(1),oui,oui,oui,oui,,
Stefan Scholten,stefan-scholten,Stefan Scholten (1),HAY,1,1,1,1,stefan-scholten(1),oui,oui,oui,oui,,
Strand & Hvass,strand-hvass,Strand & Hvass (1),Carl Hansen & Søn,1,1,0,1,strand-hvass(1),non,oui,non,oui,https://www.carlhansen.com/en/en/designers/strand-hvass,
Studio BrichetZiegler,studio-brichetziegler,Studio BrichetZiegler (1),Moustache,1,1,0,1,studio-brichetziegler(1),non,oui,non,oui,https://www.brichetziegler.com/about,
Studio Cuno,studio-cuno,Studio Cuno (1),Pols Potten,1,1,0,1,studio-cuno(1),non,oui,non,oui,https://www.studiocuno.com/about,
Studio HEJU,studio-heju,Studio HEJU (1),Tiptoe,1,1,0,1,studio-heju(1),non,oui,non,oui,https://www.tiptoe.fr/fr-fr/blogs/lookbooks/tiptoe-x-heju-colorscape,
Tadao Ando,tadao-ando,Tadao Ando (1),Carl Hansen & Søn,1,1,0,1,tadao-ando(1),non,oui,non,oui,https://www.carlhansen.com/en/en/designers/tadao-ando,
Terence Conran,terence-conran,Terence Conran (1),Fermob,1,1,1,1,terence-conran(1),oui,oui,non,oui,https://www.fermob.com/fr/les-designers,
Thomas Bastide,thomas-bastide,Thomas Bastide (1),Fermob,1,1,1,1,thomas-bastide(1),oui,oui,non,oui,https://www.fermob.com/fr/les-designers,
Thomas Bentzen,thomas-bentzen,Thomas Bentzen (1),Muuto,1,1,0,1,thomas-bentzen(1),non,oui,non,oui,https://www.muuto.com/designers2/thomas-bentzen/,
Viggo Boesen,viggo-boesen,Viggo Boesen (1),&Tradition,1,1,0,1,viggo-boesen(1),non,oui,non,non,,"sans photo : Le portrait de la page designer &Tradition (https://wp.andtradition.com/wp-content/uploads/2019/06/Copyright_Viggo_Boesen_Foundation.jpg, crédit Viggo Boesen Foundation) est net et convenable (noir et blanc, souriant, as"
Walter Antonis,walter-antonis,Walter Antonis (1),Pastoe,1,1,0,1,walter-antonis(1),non,oui,non,oui,https://www.pastoe.com/en/designer/Walter-Antonis,
Werner Blaser,werner-blaser,Werner Blaser (1),Pastoe,1,1,0,1,werner-blaser(1),non,oui,non,oui,https://www.pastoe.com/en/designer/Werner-Blaser,
Elissa Aalto,,Elissa Aalto (1),Artek,1,0,,,,non,non,non,non,,aucun produit sur le site : fiche non créée
Ferm Living,,Ferm Living (3),Ferm Living,3,0,,,,non,non,non,non,,"non traité : nom de la marque, pas d'un créateur"
George Nelson,george-nelson,George Nelson (4),"HAY, Vitra",4,0,0,0,george-nelson(4),oui,oui,oui,oui,,
Gitte-Annette Knudsen,,Gitte-Annette Knudsen (1),Linie Design,1,0,,,,non,non,non,non,,aucun produit sur le site : fiche non créée
Iskos-Berlin,,Iskos-Berlin (1),HAY,1,0,,,,non,non,non,non,,aucun produit sur le site : fiche non créée
Jochen Holz,,Jochen Holz (1),HAY,1,0,,,,non,non,non,non,,aucun produit sur le site : fiche non créée
Jonas Trampedach,jonas-trampedach,Jonas Trampedach (2),HAY,2,0,0,0,jonas-trampedach(2),oui,oui,oui,oui,,
Julie Richoz,,Julie Richoz (1),Vitra,1,0,,,,non,non,non,non,,aucun produit sur le site : fiche non créée
Kay Bojesen,,Kay Bojesen (4),Kay Bojesen,4,0,,,,non,non,non,non,,aucun produit sur le site : fiche non créée
Kseniya Kravtsova,kseniya-kravtsova,Kseniya Kravtsova (1),Serax,1,0,0,0,kseniya-kravtsova(1),oui,oui,oui,oui,,
Laila Gohar,,Laila Gohar (1),HAY,1,0,,,,non,non,non,non,,aucun produit sur le site : fiche non créée
Muller Van Severen,muller-van-severen,Muller Van Severen (1),HAY,1,0,0,0,muller-van-severen(1),oui,oui,oui,oui,,
Nadia Gallardo,nadia-gallardo,Nadia Gallardo (1),Serax,1,0,0,0,nadia-gallardo(1),oui,oui,oui,oui,,
Pereira Office,,Pereira Office (2),HAY,2,0,,,,non,non,non,non,,aucun produit sur le site : fiche non créée
Vitra Design Museum,,Vitra Design Museum (1),Vitra,1,0,,,,non,non,non,non,,"non traité : éditeur d'un livre, pas un créateur de mobilier ; produit absent du site"
studio blomus,,studio blomus (1),Blomus,1,0,,,,non,non,non,non,,non traité : studio interne de la marque Blomus ; aucun produit sur le site
